{
"type": "FeatureCollection",
"name": "tanza_cavite",
"crs": { "type": "name", "properties": { "name": "urn:ogc:def:crs:OGC:1.3:CRS84" } },
"features": [
{ "type": "Feature", "properties": { "adm1_psgc": 400000000, "adm2_psgc": 402100000, "adm3_psgc": 402120000, "adm4_psgc": 402120001, "adm4_en": "Amaya I", "geo_level": "Bgy", "len_crs": 6294, "area_crs": 929235, "len_km": 6, "area_km2": 0.0 }, "geometry": { "type": "Polygon", "coordinates": [ [ [ 120.844449441000066, 14.392145009000048 ], [ 120.844524009000125, 14.391915093000026 ], [ 120.844525464000071, 14.391910606000065 ], [ 120.844569811000042, 14.391777566000028 ], [ 120.844481117000115, 14.39163819100003 ], [ 120.84432907200005, 14.391486146000036 ], [ 120.844284725000094, 14.39131509500004 ], [ 120.844348078000053, 14.391017339000035 ], [ 120.844481117000115, 14.390744924000048 ], [ 120.84489924200011, 14.390206430000038 ], [ 120.845399725000107, 14.389433533000043 ], [ 120.845862196000098, 14.388768335000064 ], [ 120.846371579000092, 14.387765740000075 ], [ 120.845525728000098, 14.387130923000031 ], [ 120.845247813000029, 14.38692338400006 ], [ 120.844862784000043, 14.386620107000054 ], [ 120.844319990000031, 14.386217954000072 ], [ 120.843912533000093, 14.385887622000041 ], [ 120.843620581000096, 14.385670590000071 ], [ 120.84168045100013, 14.384241712000065 ], [ 120.84148741300011, 14.38407620500004 ], [ 120.84098259200006, 14.383690166000063 ], [ 120.839388942000028, 14.382472657000047 ], [ 120.838568933000047, 14.38187012800006 ], [ 120.838412636000044, 14.38176765700007 ], [ 120.838062549000028, 14.381492710000032 ], [ 120.839560313000092, 14.380380583000035 ], [ 120.839916867000056, 14.380132349000064 ], [ 120.83999359400002, 14.380073676000052 ], [ 120.840110941000049, 14.380055622000047 ], [ 120.840228288000034, 14.38003756900002 ], [ 120.840345635000062, 14.379938275000027 ], [ 120.841293438000108, 14.37883701800007 ], [ 120.841916280000092, 14.378209663000058 ], [ 120.841979467000115, 14.378182583000068 ], [ 120.842060707000101, 14.378209663000062 ], [ 120.842169028000072, 14.378263823000054 ], [ 120.842211787000124, 14.378263137000031 ], [ 120.842254781000051, 14.378245770000037 ], [ 120.842710629000081, 14.377762842000037 ], [ 120.842927270000018, 14.377483014000063 ], [ 120.843022050000059, 14.377397260000063 ], [ 120.841970807000052, 14.376205347000049 ], [ 120.84064991700005, 14.374821399000039 ], [ 120.840451949000112, 14.375170754000067 ], [ 120.840108252000064, 14.37588465400006 ], [ 120.839975531000064, 14.376153182000051 ], [ 120.839752675000113, 14.376566862000061 ], [ 120.839745663000031, 14.376577753000046 ], [ 120.839735095000052, 14.376585970000063 ], [ 120.839723101000132, 14.376589485000068 ], [ 120.839710637000053, 14.376589028000065 ], [ 120.839689235000051, 14.376578327000061 ], [ 120.839463758000079, 14.376408645000025 ], [ 120.839229259000049, 14.376261433000026 ], [ 120.838534023000093, 14.375902126000028 ], [ 120.838498766000029, 14.375889534000065 ], [ 120.838471063000043, 14.375892892000026 ], [ 120.838450076000086, 14.375894571000059 ], [ 120.838431780000064, 14.375904229000069 ], [ 120.838408942000129, 14.375935705000078 ], [ 120.838034637000064, 14.376939008000019 ], [ 120.837863107000075, 14.377394221000028 ], [ 120.837651994000112, 14.378291452000042 ], [ 120.837503555000012, 14.378951181000048 ], [ 120.837378207000015, 14.379541639000026 ], [ 120.837345220000088, 14.379703273000075 ], [ 120.83730893500001, 14.379779141000029 ], [ 120.837117614000022, 14.38008261700003 ], [ 120.83720997600004, 14.380207965000064 ], [ 120.83735511600004, 14.380326717000059 ], [ 120.837023212000076, 14.380720631000033 ], [ 120.836201641000116, 14.380087130000051 ], [ 120.835449359000108, 14.379522919000065 ], [ 120.835327611000039, 14.379568005000067 ], [ 120.834920457000067, 14.37962495000005 ], [ 120.834823651000079, 14.379647727000076 ], [ 120.834735386000034, 14.379690436000033 ], [ 120.834590177000109, 14.379804325000066 ], [ 120.834456854000109, 14.379968667000069 ], [ 120.834373787000118, 14.380071966000056 ], [ 120.83304836100001, 14.381538402000045 ], [ 120.833399299, 14.381818204000067 ], [ 120.833814827000069, 14.382153956000025 ], [ 120.833086300000105, 14.382994319000035 ], [ 120.833108281000037, 14.383537361000039 ], [ 120.833284581000044, 14.383619312000066 ], [ 120.833442891000118, 14.38361344900005 ], [ 120.83361879000006, 14.383566543000029 ], [ 120.833841596000084, 14.383431686000051 ], [ 120.834017496000115, 14.383238197000024 ], [ 120.834164079000061, 14.382991937000039 ], [ 120.834905532000107, 14.383471890000068 ], [ 120.835499666000032, 14.383925827000043 ], [ 120.835569540000051, 14.383978717000048 ], [ 120.835639158000063, 14.384033821000061 ], [ 120.836006686000019, 14.384342570000056 ], [ 120.836740788000057, 14.385033992000047 ], [ 120.837816334000081, 14.386083930000035 ], [ 120.837991324000086, 14.386263187000054 ], [ 120.839990989000071, 14.388141569000025 ], [ 120.840469020000128, 14.388591676000035 ], [ 120.844316402000103, 14.392297054000039 ], [ 120.844449441000066, 14.392145009000048 ] ] ] } },
{ "type": "Feature", "properties": { "adm1_psgc": 400000000, "adm2_psgc": 402100000, "adm3_psgc": 402120000, "adm4_psgc": 402120002, "adm4_en": "Bagtas", "geo_level": "Bgy", "len_crs": 10536, "area_crs": 3400750, "len_km": 10, "area_km2": 3.0 }, "geometry": { "type": "Polygon", "coordinates": [ [ [ 120.847148152000045, 14.349727821000043 ], [ 120.847336351000081, 14.349686619000071 ], [ 120.84747882200007, 14.34961538400006 ], [ 120.847614508000092, 14.349544149000051 ], [ 120.847848566000039, 14.349452561000023 ], [ 120.848052407000083, 14.349385189000031 ], [ 120.848162439000035, 14.34929797500007 ], [ 120.848278901000072, 14.349206378000073 ], [ 120.848379035000107, 14.349087171000065 ], [ 120.84846531900007, 14.34896985500006 ], [ 120.848564999000018, 14.348839220000059 ], [ 120.848569434000069, 14.348641734000072 ], [ 120.848575744000087, 14.348490294000044 ], [ 120.848559969000021, 14.348319924000064 ], [ 120.848582054000076, 14.348244204000022 ], [ 120.848651464000099, 14.34820949900006 ], [ 120.84878082000013, 14.348155864000038 ], [ 120.848929105000039, 14.348105384000066 ], [ 120.849077390000048, 14.34804228400003 ], [ 120.849241450000036, 14.34797287400005 ], [ 120.849730476000104, 14.347761488000062 ], [ 120.850138840000113, 14.347913830000037 ], [ 120.850157609000021, 14.347930860000082 ], [ 120.850517855000021, 14.348048287000038 ], [ 120.850580528000037, 14.347945324000023 ], [ 120.850719304000123, 14.347864744000045 ], [ 120.850777501000039, 14.347712538000055 ], [ 120.850768548000033, 14.347493182000049 ], [ 120.85081779100004, 14.347399172000049 ], [ 120.850929707000105, 14.34726934900004 ], [ 120.851019241000017, 14.347058946000063 ], [ 120.851028194000023, 14.347027609000062 ], [ 120.851140110000088, 14.346839589000066 ], [ 120.851191565000036, 14.346814100000069 ], [ 120.851238597, 14.346808253000066 ], [ 120.851328130000084, 14.346853019000033 ], [ 120.85139528000002, 14.346870926000065 ], [ 120.851442092000084, 14.346857412000082 ], [ 120.851480336000023, 14.346826160000031 ], [ 120.851493766000104, 14.346736626000054 ], [ 120.85151615000008, 14.346651570000057 ], [ 120.8515397540001, 14.34663151300003 ], [ 120.851574346, 14.346629187000072 ], [ 120.851668356000118, 14.34669186000002 ], [ 120.851704507000022, 14.346705397000051 ], [ 120.851748668000027, 14.346708794000048 ], [ 120.851786884000035, 14.346692659000039 ], [ 120.851816086000113, 14.346669476000043 ], [ 120.85186532900002, 14.346593373000074 ], [ 120.851932479000084, 14.346445644000026 ], [ 120.852057825000088, 14.346360587000053 ], [ 120.85226375100001, 14.346154661000071 ], [ 120.852315433000058, 14.34606982400004 ], [ 120.852338581000041, 14.345948300000032 ], [ 120.85234433100004, 14.345854725000036 ], [ 120.852332794000063, 14.34549499700006 ], [ 120.85234243900004, 14.345354184000026 ], [ 120.852400307000053, 14.34521144100006 ], [ 120.853174839000062, 14.34543786100005 ], [ 120.853320802000113, 14.345495684000067 ], [ 120.853438509000057, 14.345568550000056 ], [ 120.853578636000066, 14.345635811000022 ], [ 120.853713159000122, 14.345703073000038 ], [ 120.85384683100007, 14.345787571000074 ], [ 120.854727144000094, 14.345994680000047 ], [ 120.855844992000016, 14.345836512000062 ], [ 120.855765518000112, 14.345693458000024 ], [ 120.855717833000099, 14.345550403000056 ], [ 120.855715184000019, 14.345404699000024 ], [ 120.855736377000071, 14.345301382000057 ], [ 120.855741675000104, 14.345208662000063 ], [ 120.855686043000105, 14.345004676000027 ], [ 120.85567809500003, 14.344919903000058 ], [ 120.855688692000058, 14.344835130000034 ], [ 120.855725780000043, 14.344721216000039 ], [ 120.855866186000057, 14.344509284000026 ], [ 120.855988047000096, 14.344305299000037 ], [ 120.85615229500003, 14.344143700000075 ], [ 120.856268858000035, 14.344053628000038 ], [ 120.856358929000066, 14.34395031100007 ], [ 120.856374824000113, 14.343831099000054 ], [ 120.856332438000109, 14.34368274600007 ], [ 120.855969503000097, 14.343306566000024 ], [ 120.855723131000104, 14.342930385000047 ], [ 120.855484707000073, 14.342445589000024 ], [ 120.855352249000035, 14.342281341000044 ], [ 120.855280722000089, 14.342159480000078 ], [ 120.855262177000114, 14.342040267000071 ], [ 120.855288669000075, 14.341923704000067 ], [ 120.855336354000087, 14.341775351000024 ], [ 120.855418478000061, 14.341640244000077 ], [ 120.855490005000107, 14.341560769000067 ], [ 120.855709885000024, 14.341314398000062 ], [ 120.856057192000108, 14.340957614000041 ], [ 120.85616073600012, 14.340871045000029 ], [ 120.856216752000037, 14.340823517000043 ], [ 120.856235424000033, 14.34077259400004 ], [ 120.856221844000061, 14.340706394000048 ], [ 120.856226936000098, 14.340641891000072 ], [ 120.856254095000054, 14.340592665000031 ], [ 120.856289742000072, 14.340388973000071 ], [ 120.856338967000056, 14.340232808000057 ], [ 120.856344060000083, 14.340156423000053 ], [ 120.856528495000035, 14.339540969000042 ], [ 120.856613952000089, 14.339387484000042 ], [ 120.856637816000102, 14.33925551900006 ], [ 120.856631743000094, 14.338994363000042 ], [ 120.856645358000037, 14.33888650300003 ], [ 120.856658712000026, 14.338801924000055 ], [ 120.856645358000037, 14.338717345000076 ], [ 120.85662087500009, 14.338661701000031 ], [ 120.856583037000064, 14.338617186000022 ], [ 120.85649623200004, 14.338557091000041 ], [ 120.856398299000048, 14.338514802000079 ], [ 120.856285559000071, 14.338465977000055 ], [ 120.856220239000095, 14.338394611000069 ], [ 120.856218013000088, 14.338318935000075 ], [ 120.85624694800002, 14.33827887100006 ], [ 120.8562669800001, 14.338223227000073 ], [ 120.856271431000096, 14.338156455000046 ], [ 120.860039352000072, 14.338178856000072 ], [ 120.861850984000057, 14.338275344000067 ], [ 120.861953916000061, 14.338281915000039 ], [ 120.862175112000045, 14.338351996000025 ], [ 120.862332795000043, 14.338369517000048 ], [ 120.862584651000034, 14.338325716000039 ], [ 120.862845268000115, 14.338343236000069 ], [ 120.862936865000052, 14.338334090000046 ], [ 120.862606429000053, 14.337471448000027 ], [ 120.862574263000056, 14.337339858000067 ], [ 120.862585960000061, 14.337190723000045 ], [ 120.862676611000111, 14.336965559000079 ], [ 120.862860836000095, 14.33676671200004 ], [ 120.862960259000033, 14.336579563000043 ], [ 120.862971956000038, 14.336494761000036 ], [ 120.862954411000047, 14.336392414000043 ], [ 120.86292224400006, 14.336304687000052 ], [ 120.862931017000065, 14.335673058000053 ], [ 120.862931017000065, 14.335462514000028 ], [ 120.862901775000068, 14.335368939000032 ], [ 120.862857912000095, 14.335333849000053 ], [ 120.862787731000026, 14.335292910000019 ], [ 120.862740943000077, 14.335208108000071 ], [ 120.862717550000085, 14.335111609000023 ], [ 120.862679535000112, 14.334667129000024 ], [ 120.862670762000107, 14.334205103000045 ], [ 120.860060341, 14.334442272000043 ], [ 120.857602459000063, 14.334290602000067 ], [ 120.857850743000071, 14.334086134000074 ], [ 120.85797245000002, 14.333823246000067 ], [ 120.858021133000079, 14.33358469900003 ], [ 120.858035738000012, 14.333219577000028 ], [ 120.85800166, 14.333058923000067 ], [ 120.857855611000105, 14.332771693000037 ], [ 120.857826401, 14.332581830000041 ], [ 120.857811796000078, 14.332362756000062 ], [ 120.857865348000033, 14.332036580000024 ], [ 120.857561545000067, 14.332082840000053 ], [ 120.857341610000034, 14.332058847000042 ], [ 120.857117677000033, 14.332042852000031 ], [ 120.856921736000132, 14.332034854000034 ], [ 120.856701802000089, 14.33201486000007 ], [ 120.856443482000032, 14.332008819000063 ], [ 120.856212608000078, 14.331980663000021 ], [ 120.855990181000038, 14.331960954000063 ], [ 120.855781831000058, 14.33194687700006 ], [ 120.855565035000055, 14.331929984000055 ], [ 120.855342208000025, 14.331902894000052 ], [ 120.855349271000023, 14.331680934000072 ], [ 120.85534462300005, 14.331448536000039 ], [ 120.855356803000063, 14.331357815000043 ], [ 120.855092031000027, 14.331108980000064 ], [ 120.854919334000101, 14.331378816000036 ], [ 120.854884474000087, 14.331429944000032 ], [ 120.854868206000106, 14.331506635000036 ], [ 120.854898418000062, 14.33165304600004 ], [ 120.854938328000117, 14.331866904000039 ], [ 120.85496468100007, 14.332064106000075 ], [ 120.854844656000068, 14.332047038000042 ], [ 120.854583875000131, 14.332048998000062 ], [ 120.85422521800001, 14.332068126000022 ], [ 120.854129576000105, 14.331857714000025 ], [ 120.85393829300007, 14.331475147000049 ], [ 120.853785266000031, 14.33116909300003 ], [ 120.85359876400004, 14.330810436000037 ], [ 120.853557280000018, 14.330385352000063 ], [ 120.853353628000022, 14.330285312000058 ], [ 120.85325358800003, 14.330206710000027 ], [ 120.853153549000012, 14.330178127000067 ], [ 120.853021354, 14.330170982000027 ], [ 120.852924887000086, 14.330246011000046 ], [ 120.852857003000068, 14.330367488000034 ], [ 120.852678361000017, 14.330614014000044 ], [ 120.852467564000108, 14.330771219000042 ], [ 120.852235329000109, 14.330842676000033 ], [ 120.852120998000046, 14.330810520000053 ], [ 120.852031677000028, 14.330742636000025 ], [ 120.85198165700001, 14.330642596000077 ], [ 120.851928065000038, 14.330446090000065 ], [ 120.851860181000021, 14.330288885000071 ], [ 120.851785151000058, 14.33021742900007 ], [ 120.8517101220001, 14.330217429000069 ], [ 120.851645810000036, 14.330246011000042 ], [ 120.85151718800013, 14.330321041000044 ], [ 120.851334973000021, 14.330421080000063 ], [ 120.851149186000043, 14.330460381000025 ], [ 120.851013418000093, 14.330428226000034 ], [ 120.850949107000019, 14.330342478000034 ], [ 120.850802620000081, 14.330342478000034 ], [ 120.85069543500002, 14.330363915000081 ], [ 120.850581104000057, 14.330342478000032 ], [ 120.850448909000093, 14.330274594000056 ], [ 120.850245257000111, 14.330185273000039 ], [ 120.850020168000015, 14.330110243000034 ], [ 120.84987725500001, 14.330003058000047 ], [ 120.849645020000025, 14.329888727000023 ], [ 120.849555699, 14.329860145000056 ], [ 120.849423504, 14.329870863000053 ], [ 120.849291309000037, 14.32995303800004 ], [ 120.849205561000076, 14.330074515000037 ], [ 120.849119813000016, 14.330095952000024 ], [ 120.849030492000097, 14.33007808800005 ], [ 120.848869714000088, 14.329985194000074 ], [ 120.848712509000052, 14.329920883000053 ], [ 120.84857316800003, 14.329913737000025 ], [ 120.848415963000079, 14.330013777000033 ], [ 120.848305205000088, 14.330145972000025 ], [ 120.848219457000027, 14.330321041000046 ], [ 120.847890756000083, 14.331299999000063 ], [ 120.847808580000091, 14.331414330000028 ], [ 120.847740696000074, 14.331453631000047 ], [ 120.847648094000078, 14.331439076000036 ], [ 120.847626366000114, 14.331403611000043 ], [ 120.84758518600006, 14.331355198000045 ], [ 120.847558225000043, 14.331262333000037 ], [ 120.847480338000096, 14.331166473000055 ], [ 120.847279631000106, 14.331124534000027 ], [ 120.8471478230001, 14.331082595000057 ], [ 120.847060949000024, 14.331010700000038 ], [ 120.8470040320001, 14.330935809000037 ], [ 120.847005047000053, 14.330829693000055 ], [ 120.846941688000015, 14.330761055000037 ], [ 120.846870409000076, 14.330747855000029 ], [ 120.84682025000005, 14.330771614000064 ], [ 120.84672521200001, 14.330829693000055 ], [ 120.846680332, 14.330893052000018 ], [ 120.846643373, 14.330964331000075 ], [ 120.846638093000038, 14.331062009000048 ], [ 120.846648653000102, 14.331162327000072 ], [ 120.846680332, 14.331368244000029 ], [ 120.846690892000083, 14.331484401000065 ], [ 120.846682972000053, 14.331571520000066 ], [ 120.846624893000012, 14.331597919000048 ], [ 120.846604050000124, 14.331593607000061 ], [ 120.846548335000094, 14.331582080000029 ], [ 120.846458576000032, 14.33152928100003 ], [ 120.846318659000076, 14.331428962000073 ], [ 120.846139142000084, 14.331320725000067 ], [ 120.845956985000058, 14.331228326000028 ], [ 120.845840827000075, 14.331207207000032 ], [ 120.84575106900003, 14.331201927000052 ], [ 120.84565867100001, 14.331228326000028 ], [ 120.845587392000084, 14.331278485000038 ], [ 120.845576832, 14.331323365000056 ], [ 120.845571552000024, 14.331376164000062 ], [ 120.845605872000078, 14.331487042000049 ], [ 120.845648111000074, 14.331582080000032 ], [ 120.845692990000089, 14.331692958000078 ], [ 120.845685070000059, 14.331774797000037 ], [ 120.845645471000012, 14.331811756000034 ], [ 120.845571552000024, 14.331824955000057 ], [ 120.845473874000049, 14.331822315000064 ], [ 120.845392035000032, 14.331772156000058 ], [ 120.845320757000081, 14.331753677000052 ], [ 120.845246838000094, 14.331766877000064 ], [ 120.845180839000037, 14.331853995000071 ], [ 120.845133320000059, 14.331980713000064 ], [ 120.845112200000017, 14.33211007100005 ], [ 120.845038282000019, 14.332191909000075 ], [ 120.844943243000102, 14.332242068000026 ], [ 120.844787486000087, 14.332297507000025 ], [ 120.844623809000041, 14.332345026000041 ], [ 120.844486532000019, 14.332366146000027 ], [ 120.84429117500008, 14.332347666000029 ], [ 120.844156537000131, 14.332300147000065 ], [ 120.844061499000091, 14.332294867000027 ], [ 120.844006060000069, 14.332315987000069 ], [ 120.843879342000037, 14.332413665000043 ], [ 120.843760544000034, 14.332537743000044 ], [ 120.843450890000099, 14.332778802000062 ], [ 120.843343432000083, 14.332862457000035 ], [ 120.843221994000032, 14.332925816000049 ], [ 120.84310319600003, 14.332946936000047 ], [ 120.842973838000049, 14.332923176000063 ], [ 120.842849761000025, 14.332875657000047 ], [ 120.842760002000091, 14.332851897000065 ], [ 120.842667604000113, 14.332886217000068 ], [ 120.842554086000078, 14.332962775000057 ], [ 120.842466968000053, 14.333113253000027 ], [ 120.842390409000018, 14.333237330000031 ], [ 120.842348170000051, 14.333290130000023 ], [ 120.842282171000079, 14.333337649000043 ], [ 120.842197692000028, 14.333361408000028 ], [ 120.842144893000082, 14.333345569000072 ], [ 120.842052495000061, 14.33328221000005 ], [ 120.842002336000078, 14.333263730000052 ], [ 120.841925777000043, 14.333279570000057 ], [ 120.841812259000108, 14.333403647000068 ], [ 120.841704021000069, 14.333540925000023 ], [ 120.841614263000096, 14.333575244000031 ], [ 120.841535064000041, 14.333580524000071 ], [ 120.841458505000105, 14.333540925000021 ], [ 120.841371387000095, 14.333464366000047 ], [ 120.841231470000025, 14.333295409000071 ], [ 120.841096832000076, 14.333168691000024 ], [ 120.840898836000079, 14.333158132000051 ], [ 120.840674440000058, 14.333234690000042 ], [ 120.840457963000063, 14.333406287000061 ], [ 120.840212448000102, 14.333646523000029 ], [ 120.839832678000107, 14.333813764000066 ], [ 120.839508253000076, 14.333870186000068 ], [ 120.839145039000087, 14.333891344000047 ], [ 120.838859404000118, 14.333856080000029 ], [ 120.838714824000036, 14.333789080000031 ], [ 120.838531454000062, 14.333707974000045 ], [ 120.83841508400009, 14.333651552000047 ], [ 120.838252872000112, 14.33361276200003 ], [ 120.838101239000025, 14.333591604000047 ], [ 120.837984869000039, 14.333538709000036 ], [ 120.837879078000029, 14.333521077000055 ], [ 120.837752130000013, 14.333524603000054 ], [ 120.837660445000111, 14.333584551000058 ], [ 120.837441811000076, 14.333683289000025 ], [ 120.837279599000112, 14.33369739500006 ], [ 120.837082123000073, 14.33366565700004 ], [ 120.836902279000014, 14.33361276200003 ], [ 120.836807067000095, 14.333595130000049 ], [ 120.836641329000031, 14.333524603000054 ], [ 120.836207587000104, 14.333200179000075 ], [ 120.835913615000109, 14.332873795000067 ], [ 120.835667255000089, 14.332926053000051 ], [ 120.835196931000041, 14.333172413000055 ], [ 120.834267910000122, 14.334404720000066 ], [ 120.834063103000076, 14.334622792000063 ], [ 120.834140402000131, 14.334755471000047 ], [ 120.834298140000087, 14.335032857000044 ], [ 120.834568182000098, 14.335417917000029 ], [ 120.834953243000086, 14.335802978000062 ], [ 120.835463323000127, 14.336243047000039 ], [ 120.836123427000075, 14.336593103000038 ], [ 120.836903550000102, 14.336973162000046 ], [ 120.838023727000049, 14.337603262000073 ], [ 120.83853380700009, 14.337833298000081 ], [ 120.838868860000048, 14.338048332000028 ], [ 120.839418947000013, 14.338293370000031 ], [ 120.839824010000029, 14.338538409000023 ], [ 120.839969033000102, 14.338733440000054 ], [ 120.840244077000065, 14.339258522000019 ], [ 120.840724152, 14.340078652000045 ], [ 120.84200872800011, 14.344658783000055 ], [ 120.842156621000086, 14.344711800000027 ], [ 120.842614746000095, 14.344863566000072 ], [ 120.842824411000038, 14.344927631000074 ], [ 120.843034076000095, 14.345009167000061 ], [ 120.843461373000096, 14.345182501000069 ], [ 120.843574145000062, 14.345192055000041 ], [ 120.843783432000023, 14.345108180000066 ], [ 120.843937585000049, 14.345029607000072 ], [ 120.844307810000032, 14.344881087000033 ], [ 120.844377541000085, 14.345130771000074 ], [ 120.844426350000049, 14.345170706000033 ], [ 120.844546154000113, 14.34521951500005 ], [ 120.844830133000059, 14.34531269600007 ], [ 120.844927751000114, 14.345372597000049 ], [ 120.844965467000065, 14.345423625000025 ], [ 120.845023484000066, 14.345680470000049 ], [ 120.845096168000069, 14.345825837000065 ], [ 120.845120395000095, 14.34598850800006 ], [ 120.84532496700001, 14.346128052000036 ], [ 120.845405724000102, 14.346140476000073 ], [ 120.845859206000128, 14.346320626000022 ], [ 120.845885200000126, 14.346339388000045 ], [ 120.845904122000093, 14.346358962000066 ], [ 120.845915114000036, 14.346392065000028 ], [ 120.845911299000036, 14.346417032000035 ], [ 120.845899584000094, 14.346438656000032 ], [ 120.845919462000111, 14.34669523300005 ], [ 120.845503504000021, 14.346943566000048 ], [ 120.84522412900003, 14.347291232000028 ], [ 120.845000630000058, 14.347700981000058 ], [ 120.844961636000107, 14.347835291000026 ], [ 120.844957171000033, 14.347986564000051 ], [ 120.845019255000025, 14.348234897000056 ], [ 120.845093276000057, 14.348339445000024 ], [ 120.845205310000097, 14.34843747400004 ], [ 120.845379338000058, 14.348532896000055 ], [ 120.845677337000097, 14.348663271000081 ], [ 120.846012587000018, 14.348743979000064 ], [ 120.846188409000106, 14.348765174000047 ], [ 120.846279545000016, 14.348756396000056 ], [ 120.846189865000042, 14.349089800000058 ], [ 120.846081160000026, 14.349458485000069 ], [ 120.846161502000101, 14.349497217000019 ], [ 120.846259539, 14.349538365000054 ], [ 120.846425473000053, 14.349586740000062 ], [ 120.84658382900011, 14.349627050000036 ], [ 120.846710513000076, 14.349678875000048 ], [ 120.846851594000086, 14.349716305000072 ], [ 120.847001312000089, 14.349736459000042 ], [ 120.847148152000045, 14.349727821000043 ] ] ] } },
{ "type": "Feature", "properties": { "adm1_psgc": 400000000, "adm2_psgc": 402100000, "adm3_psgc": 402120000, "adm4_psgc": 402120003, "adm4_en": "Biga", "geo_level": "Bgy", "len_crs": 8379, "area_crs": 2469498, "len_km": 8, "area_km2": 2.0 }, "geometry": { "type": "Polygon", "coordinates": [ [ [ 120.843292851000101, 14.377442394000072 ], [ 120.84446180800002, 14.376598398000057 ], [ 120.844522575000042, 14.376598971000019 ], [ 120.844579155, 14.376625478000051 ], [ 120.844651369000076, 14.376697691000061 ], [ 120.844732609000062, 14.376792472000032 ], [ 120.844781667000021, 14.376802701000031 ], [ 120.844818363000073, 14.376787958000024 ], [ 120.845314831000124, 14.37644043100005 ], [ 120.845581118000055, 14.37615609000005 ], [ 120.845906079000102, 14.375776969000071 ], [ 120.846018913000066, 14.375677675000077 ], [ 120.84620396000004, 14.375596435000032 ], [ 120.846389008000074, 14.375519708000066 ], [ 120.846569542000111, 14.375361741000059 ], [ 120.846899016000066, 14.375068373000031 ], [ 120.847228414000028, 14.37487465900006 ], [ 120.847368940000024, 14.374746277000039 ], [ 120.847473032000039, 14.374654329000064 ], [ 120.847528549000103, 14.374645654000064 ], [ 120.847599679000041, 14.374675147000058 ], [ 120.848090650000032, 14.375022123000065 ], [ 120.848166985000034, 14.375058556000058 ], [ 120.848213826, 14.375060291000064 ], [ 120.848262403000035, 14.375022123000065 ], [ 120.848428951000074, 14.37473933800004 ], [ 120.848463649000109, 14.374725459000045 ], [ 120.84851743000003, 14.37473933800004 ], [ 120.848829709000029, 14.37491109100006 ], [ 120.849117699000104, 14.375084579000033 ], [ 120.849168011000074, 14.375110602000065 ], [ 120.84920964800007, 14.375110602000065 ], [ 120.849254755000061, 14.375101928000046 ], [ 120.849294657000073, 14.375062026000023 ], [ 120.849624284000029, 14.374768831000036 ], [ 120.849894926000047, 14.374525948000041 ], [ 120.850148218000072, 14.374295208000033 ], [ 120.850181181000039, 14.374231018000044 ], [ 120.850201999000078, 14.374168562000023 ], [ 120.850283448000027, 14.37388253000006 ], [ 120.85031882300008, 14.373788891000061 ], [ 120.850377087000084, 14.373701494000041 ], [ 120.850570609000101, 14.373345664000054 ], [ 120.850718351000069, 14.373056422000047 ], [ 120.850809910000052, 14.372821283000063 ], [ 120.850905630000057, 14.372465453000075 ], [ 120.850963895000078, 14.371972285000025 ], [ 120.851057534, 14.371406286000024 ], [ 120.851128284000097, 14.371208603000067 ], [ 120.851226085000022, 14.371015081000051 ], [ 120.851313482000023, 14.370802832000036 ], [ 120.851409202000013, 14.37054480300003 ], [ 120.851615209000116, 14.370263884000053 ], [ 120.85186283400003, 14.370080767000047 ], [ 120.85208964900005, 14.369935106000067 ], [ 120.852773324000069, 14.369622779000053 ], [ 120.853222257000098, 14.369390780000057 ], [ 120.853294945, 14.369353217000022 ], [ 120.853490990000083, 14.369234189000046 ], [ 120.853620520000064, 14.369083655000054 ], [ 120.85371504200009, 14.368849101000025 ], [ 120.853886581000097, 14.368330981000044 ], [ 120.853991605000047, 14.368127934000025 ], [ 120.854103631000044, 14.368026411000073 ], [ 120.854208655000079, 14.367949393000062 ], [ 120.854532047000021, 14.367755936000034 ], [ 120.854992836000079, 14.367480285000056 ], [ 120.854799145000015, 14.367804165000052 ], [ 120.854727930000095, 14.367923247000018 ], [ 120.854547358000104, 14.368296429000056 ], [ 120.854426977000131, 14.368684657000072 ], [ 120.854390863000049, 14.368868239000049 ], [ 120.854387853000034, 14.369078905000038 ], [ 120.854420958000105, 14.369388887000071 ], [ 120.8544258700001, 14.369428170000049 ], [ 120.854451883000024, 14.36958907500002 ], [ 120.855928283000026, 14.369538433000061 ], [ 120.85657616900005, 14.369516210000029 ], [ 120.856590824000037, 14.369329950000065 ], [ 120.856644261000028, 14.369120347000036 ], [ 120.856734092000011, 14.368888283000052 ], [ 120.85679772200001, 14.368663705000071 ], [ 120.856805208000083, 14.368435384000065 ], [ 120.856820180000113, 14.368214549000072 ], [ 120.856876325000016, 14.367986228000063 ], [ 120.85702686500008, 14.367791476000034 ], [ 120.8570883860001, 14.367745831000036 ], [ 120.857362911000109, 14.36778785000007 ], [ 120.858000684000103, 14.367747876000065 ], [ 120.858185043000049, 14.367845176000062 ], [ 120.858343796000099, 14.367886145000057 ], [ 120.858968567000034, 14.36782469200006 ], [ 120.859250226000086, 14.367845176000062 ], [ 120.859583096000051, 14.36792199300004 ], [ 120.859931329, 14.368234378000068 ], [ 120.862308313000099, 14.367883707000031 ], [ 120.862338861000012, 14.367832159000043 ], [ 120.862342679000122, 14.367769155000076 ], [ 120.862325496000039, 14.367719516000022 ], [ 120.8622758570001, 14.367669876000036 ], [ 120.862210944000026, 14.367637420000049 ], [ 120.862117393000062, 14.367620237000038 ], [ 120.86207539100009, 14.367580144000041 ], [ 120.862056299000074, 14.367513322000038 ], [ 120.862060117000055, 14.367414043000053 ], [ 120.862031479000066, 14.367364404000057 ], [ 120.861987567000043, 14.367328129000045 ], [ 120.861955111000043, 14.36726512500007 ], [ 120.861937928000103, 14.367177302000075 ], [ 120.861909290000085, 14.367070387000068 ], [ 120.861846286000073, 14.366984472000066 ], [ 120.861771170000111, 14.366946321000059 ], [ 120.861738234000086, 14.366907572000056 ], [ 120.861740171000079, 14.366843637000041 ], [ 120.861749858000053, 14.366801013000044 ], [ 120.861740171000079, 14.366770014000055 ], [ 120.861711110000101, 14.366750640000076 ], [ 120.861682048000034, 14.366729328000075 ], [ 120.861662674000058, 14.366690580000068 ], [ 120.861633613000095, 14.366642144000021 ], [ 120.861589052000127, 14.366591771000056 ], [ 120.861501867000015, 14.366483275000062 ], [ 120.861397246000024, 14.366394153000043 ], [ 120.862622014000067, 14.365725127000072 ], [ 120.862557340000066, 14.365312833000075 ], [ 120.862448203000099, 14.364936917000025 ], [ 120.86211675100003, 14.364209339000068 ], [ 120.861765088000098, 14.363603023000049 ], [ 120.859622669000032, 14.362453956000024 ], [ 120.858803362000117, 14.362122481000027 ], [ 120.858578209000044, 14.362028667000061 ], [ 120.858340547, 14.361934853000038 ], [ 120.858109140000025, 14.361784751000071 ], [ 120.857871478000106, 14.361734717000044 ], [ 120.857627562000062, 14.361634649000051 ], [ 120.857427426000072, 14.361497055000026 ], [ 120.857208527000012, 14.361390733000063 ], [ 120.856964611000095, 14.361309428000029 ], [ 120.856294918000131, 14.36111131700005 ], [ 120.848242767000116, 14.359976983000021 ], [ 120.848267864000022, 14.360152663000065 ], [ 120.848314307, 14.360339248000058 ], [ 120.848319852000031, 14.36036599000005 ], [ 120.848309909000022, 14.36040961400005 ], [ 120.848283522000088, 14.36046825300002 ], [ 120.84825713400005, 14.360516630000062 ], [ 120.848216087000083, 14.36055327900004 ], [ 120.848066559000017, 14.360620713000056 ], [ 120.847883313000011, 14.360682284000063 ], [ 120.847795355000031, 14.360698409000062 ], [ 120.847711795000023, 14.360692546000054 ], [ 120.847557869000084, 14.360641237000035 ], [ 120.847471377000048, 14.360630975000051 ], [ 120.847408341000104, 14.360663226000042 ], [ 120.847340906000113, 14.360729195000035 ], [ 120.847258812000078, 14.360803959000066 ], [ 120.84713860300009, 14.360840608000045 ], [ 120.847038917000077, 14.360868461000047 ], [ 120.846939232000068, 14.360878723000042 ], [ 120.846846876000086, 14.360858200000052 ], [ 120.846770646000081, 14.360803959000064 ], [ 120.846714939000094, 14.360793697000076 ], [ 120.846659232000107, 14.360784901000045 ], [ 120.846600594000037, 14.360799561000018 ], [ 120.846555149000082, 14.360846472000047 ], [ 120.846512636000057, 14.360906577000033 ], [ 120.846480385000078, 14.360935896000056 ], [ 120.846433474000037, 14.360956419000049 ], [ 120.84636310700013, 14.36097107900002 ], [ 120.846116825000081, 14.361012126000047 ], [ 120.846034731000046, 14.361042911000023 ], [ 120.84598195600006, 14.361082492000033 ], [ 120.845948239000109, 14.361157257000057 ], [ 120.845932113000131, 14.361303853000036 ], [ 120.845926250000062, 14.361380083000025 ], [ 120.845877873000077, 14.361428460000067 ], [ 120.845822166000048, 14.361448984000047 ], [ 120.845756198000117, 14.361453382000034 ], [ 120.845681433000095, 14.361441654000028 ], [ 120.845606669000048, 14.36141086900005 ], [ 120.845516463000081, 14.361354242000061 ], [ 120.845409258, 14.361384393000039 ], [ 120.845204898000034, 14.361384393000039 ], [ 120.845087643000042, 14.361431295000042 ], [ 120.844906734, 14.361548551000052 ], [ 120.844514766000088, 14.361856765000026 ], [ 120.84435395800007, 14.361913718000036 ], [ 120.844159649000062, 14.361940519000035 ], [ 120.843831333000026, 14.361974021000036 ], [ 120.843570021000119, 14.362051075000064 ], [ 120.843023945000027, 14.362386091000076 ], [ 120.842739181000084, 14.362690955000058 ], [ 120.842491269000107, 14.362895315000056 ], [ 120.842259492000039, 14.363087222000049 ], [ 120.842020714000114, 14.363274499000056 ], [ 120.841819391000072, 14.363396229000042 ], [ 120.841674251000086, 14.363414957000032 ], [ 120.841627431, 14.363433684000027 ], [ 120.841632113000045, 14.363532005000023 ], [ 120.841683615000065, 14.363597552000048 ], [ 120.841847482000048, 14.363649053000074 ], [ 120.841908347000071, 14.363705236000042 ], [ 120.841936439000037, 14.36378482900005 ], [ 120.841913029000011, 14.363995516000045 ], [ 120.841903665000018, 14.364253022000069 ], [ 120.841833436000115, 14.364477755000054 ], [ 120.841716388000023, 14.364782081000042 ], [ 120.84170702400003, 14.364871037000059 ], [ 120.841725752000116, 14.364950630000067 ], [ 120.841847482000048, 14.365058314000064 ], [ 120.841913029000011, 14.365114498000027 ], [ 120.841927075000044, 14.365203454000035 ], [ 120.841866210000035, 14.365297093000034 ], [ 120.841772571000092, 14.365329866000023 ], [ 120.84170234200009, 14.365343912000069 ], [ 120.841632113000045, 14.365460961000052 ], [ 120.841496337000081, 14.365465642000061 ], [ 120.841323106000132, 14.365428187000074 ], [ 120.841079645000036, 14.365451597000058 ], [ 120.840971961000022, 14.36550778000003 ], [ 120.840883004000034, 14.365615464000031 ], [ 120.840836185000057, 14.365732513000069 ], [ 120.840747228000069, 14.365961927000058 ], [ 120.84182355300004, 14.367749040000035 ], [ 120.844347264000035, 14.372451603000059 ], [ 120.844166763000075, 14.372684507000027 ], [ 120.843858166000018, 14.37285918500004 ], [ 120.842309356000101, 14.373499670000058 ], [ 120.842233662, 14.373680170000059 ], [ 120.842140501000017, 14.37382573500002 ], [ 120.841878484000048, 14.374017881000043 ], [ 120.840882821000037, 14.374640898000049 ], [ 120.840789659000052, 14.374699124000074 ], [ 120.84064991700005, 14.374821399000039 ], [ 120.841970807000052, 14.376205347000049 ], [ 120.843022050000059, 14.377397260000063 ], [ 120.843079855000042, 14.377399498000045 ], [ 120.84312134400011, 14.377415314000071 ], [ 120.843198071000074, 14.377464961000042 ], [ 120.843245939000084, 14.377470361000061 ], [ 120.843292851000101, 14.377442394000072 ] ] ] } },
{ "type": "Feature", "properties": { "adm1_psgc": 400000000, "adm2_psgc": 402100000, "adm3_psgc": 402120000, "adm4_psgc": 402120004, "adm4_en": "Biwas", "geo_level": "Bgy", "len_crs": 3159, "area_crs": 424965, "len_km": 3, "area_km2": 0.0 }, "geometry": { "type": "Polygon", "coordinates": [ [ [ 120.849661997000098, 14.405781805000061 ], [ 120.849915034000119, 14.405708425000054 ], [ 120.850263869000074, 14.405632917000048 ], [ 120.850574162000044, 14.405565752000033 ], [ 120.851169870000021, 14.405426819000066 ], [ 120.851483160000043, 14.405352983000054 ], [ 120.851670094000042, 14.405310611000058 ], [ 120.852349426000046, 14.405100018000043 ], [ 120.852840134000076, 14.404947898000042 ], [ 120.853659162000113, 14.404514984000059 ], [ 120.854173980000041, 14.404046968000049 ], [ 120.854489890000096, 14.403309842000057 ], [ 120.854545200000075, 14.403092649000033 ], [ 120.854691683000055, 14.402531788000029 ], [ 120.854770501000075, 14.402431295000039 ], [ 120.854971927000065, 14.402174477000079 ], [ 120.855059020000112, 14.401991059000068 ], [ 120.855058676000112, 14.401777626000065 ], [ 120.855079513000078, 14.401645661000032 ], [ 120.855378169000133, 14.401291440000019 ], [ 120.855551807000111, 14.401103911000064 ], [ 120.855586535000043, 14.400923328000035 ], [ 120.855565698000092, 14.400562162000032 ], [ 120.855592692000059, 14.400437316000021 ], [ 120.855621262000128, 14.400305178000053 ], [ 120.855732390000085, 14.399992630000046 ], [ 120.855899082000079, 14.399770374000076 ], [ 120.855906028000064, 14.399631464000038 ], [ 120.855871300000089, 14.399485609000067 ], [ 120.855808791000086, 14.399270298000031 ], [ 120.855815736000082, 14.39905498700006 ], [ 120.855815736000082, 14.398825785000048 ], [ 120.8556976630001, 14.398589638000034 ], [ 120.855628208000113, 14.398416001000044 ], [ 120.855635153000108, 14.397957597000071 ], [ 120.855711554000109, 14.39772839600005 ], [ 120.855926864000025, 14.39732555600005 ], [ 120.854142745000104, 14.397332757000068 ], [ 120.854381777000071, 14.398182245000042 ], [ 120.853780860000029, 14.398246278000048 ], [ 120.853327709000055, 14.398334938000062 ], [ 120.853012474000039, 14.398467927000071 ], [ 120.853087572000049, 14.398577676000057 ], [ 120.853165980000071, 14.398719789000033 ], [ 120.853205183000128, 14.399180430000062 ], [ 120.853224785000066, 14.399479357000072 ], [ 120.853185581000048, 14.399582267000026 ], [ 120.85311697500002, 14.399650873000043 ], [ 120.852999364000098, 14.399665574000037 ], [ 120.852338890000055, 14.399570807000034 ], [ 120.852193399000029, 14.399721495000048 ], [ 120.852081661000042, 14.399792094000075 ], [ 120.851114883000037, 14.398851271000067 ], [ 120.850461025000087, 14.400015503000073 ], [ 120.850165337000021, 14.400541992000059 ], [ 120.849939981000034, 14.40121535900005 ], [ 120.849509822000059, 14.402500684000072 ], [ 120.849247254000034, 14.403285244000076 ], [ 120.848856758000011, 14.404614593000071 ], [ 120.84839315000012, 14.405508996000032 ], [ 120.848744994000057, 14.40604773600006 ], [ 120.849661997000098, 14.405781805000061 ] ] ] } },
{ "type": "Feature", "properties": { "adm1_psgc": 400000000, "adm2_psgc": 402100000, "adm3_psgc": 402120000, "adm4_psgc": 402120005, "adm4_en": "Bucal", "geo_level": "Bgy", "len_crs": 4349, "area_crs": 759380, "len_km": 4, "area_km2": 0.0 }, "geometry": { "type": "Polygon", "coordinates": [ [ [ 120.861612180000051, 14.395764909000029 ], [ 120.861523614000035, 14.395245395000076 ], [ 120.861538028000041, 14.394531912000049 ], [ 120.8616028900001, 14.394056256000058 ], [ 120.861638925000079, 14.393667083000024 ], [ 120.861647587000107, 14.393624495000036 ], [ 120.861725407000108, 14.393241876000051 ], [ 120.861912787000051, 14.392903151000038 ], [ 120.862201063000029, 14.392650910000045 ], [ 120.862774231000117, 14.392177329000049 ], [ 120.863154017000056, 14.391863530000023 ], [ 120.8634105000001, 14.391704582000042 ], [ 120.863692270000115, 14.391538410000065 ], [ 120.863898179000103, 14.391379463000018 ], [ 120.864136600000052, 14.391104918000057 ], [ 120.864476169000127, 14.390671426000036 ], [ 120.864682077000111, 14.390353531000075 ], [ 120.864822962000062, 14.390064536000072 ], [ 120.864938560000027, 14.389746642000038 ], [ 120.865072221000091, 14.389331212000057 ], [ 120.865191431000071, 14.388847146000046 ], [ 120.865270905000102, 14.388489514000073 ], [ 120.865339541000012, 14.388265543000042 ], [ 120.865455139000119, 14.388084922000079 ], [ 120.865614086000065, 14.38790791200006 ], [ 120.865856119000114, 14.387716453000055 ], [ 120.866123439000035, 14.387517769000057 ], [ 120.866332961000012, 14.38731547300006 ], [ 120.866546094000114, 14.387084277000042 ], [ 120.866791740000068, 14.386845856000036 ], [ 120.866961525000079, 14.38669774600004 ], [ 120.86711324700002, 14.38653879900005 ], [ 120.867304706000027, 14.386488225000054 ], [ 120.867445591000092, 14.386502675000026 ], [ 120.867640663000074, 14.386592985000046 ], [ 120.867835734000096, 14.386737483000045 ], [ 120.868164466000039, 14.386881980000057 ], [ 120.868453461000058, 14.387019253000064 ], [ 120.867805566000015, 14.385845633000033 ], [ 120.865045585000075, 14.384780156000033 ], [ 120.864181374000054, 14.384149177000037 ], [ 120.864138451000017, 14.384177077000054 ], [ 120.864074065000068, 14.384185662000048 ], [ 120.863971049000043, 14.38417493100007 ], [ 120.863883055000088, 14.38415132300003 ], [ 120.863790769000047, 14.384151323000026 ], [ 120.863734969, 14.384217854000042 ], [ 120.863724238000017, 14.384260778000057 ], [ 120.863722092000117, 14.384327310000058 ], [ 120.863743553000077, 14.384421741000038 ], [ 120.863741407000035, 14.38451617300006 ], [ 120.863655560000097, 14.384610605000034 ], [ 120.863561128000015, 14.384694306000029 ], [ 120.86343021100005, 14.384737230000043 ], [ 120.863335779000067, 14.384735084000059 ], [ 120.863196278000032, 14.384698599000046 ], [ 120.863114723000095, 14.384674991000054 ], [ 120.863078238000057, 14.384666406000068 ], [ 120.863013852000108, 14.38468142900007 ], [ 120.862955905000035, 14.384726499000065 ], [ 120.862947321000092, 14.384762984000076 ], [ 120.862958052000067, 14.384812346000045 ], [ 120.862994537000091, 14.384876732000066 ], [ 120.863031022000087, 14.385022672000042 ], [ 120.863022437000055, 14.385097788000049 ], [ 120.862983806000116, 14.385170758000072 ], [ 120.86289795800009, 14.38523729000007 ], [ 120.862816404000114, 14.385258752000023 ], [ 120.86271767900007, 14.385250167000038 ], [ 120.862584616000063, 14.385226559000044 ], [ 120.862427945000036, 14.385183635000036 ], [ 120.862230496000052, 14.385185782000068 ], [ 120.862090995000031, 14.385217974000053 ], [ 120.862018025000111, 14.385280214000034 ], [ 120.86197295500007, 14.385396107000078 ], [ 120.861981540000102, 14.385505562000047 ], [ 120.861970809, 14.385593556000062 ], [ 120.861957932000124, 14.385664380000037 ], [ 120.86190642300005, 14.385690134000068 ], [ 120.861816284000042, 14.385711596000021 ], [ 120.86170039000001, 14.385795297000065 ], [ 120.861543719000124, 14.38600347600004 ], [ 120.861494357000083, 14.386138686000031 ], [ 120.861462164000059, 14.386357596000035 ], [ 120.861419240000032, 14.386537875000046 ], [ 120.861293576000094, 14.386915502000019 ], [ 120.861170791000063, 14.387209310000054 ], [ 120.861043620000046, 14.387437340000075 ], [ 120.860894524000059, 14.387551355000031 ], [ 120.860666494000043, 14.387647829000059 ], [ 120.860306908000098, 14.387726762000057 ], [ 120.85997363400007, 14.387700451000056 ], [ 120.859868389000113, 14.387639059000035 ], [ 120.859723678000023, 14.387525044000025 ], [ 120.859583351000083, 14.387327710000019 ], [ 120.859434255000124, 14.387182999000061 ], [ 120.859342166000033, 14.387147917000052 ], [ 120.859263232000117, 14.387121606000054 ], [ 120.85886856500008, 14.387191769000028 ], [ 120.858373038000096, 14.387297014000065 ], [ 120.858000297000117, 14.387463651000076 ], [ 120.857776652000098, 14.387485577000067 ], [ 120.857489603000104, 14.387469883000046 ], [ 120.857274293000046, 14.387421265000055 ], [ 120.857203514000048, 14.387437513000062 ], [ 120.857086764000087, 14.387518502000031 ], [ 120.85702587500009, 14.387841212000065 ], [ 120.857017309000071, 14.387886613000035 ], [ 120.856996472000105, 14.388317235000045 ], [ 120.85700341800009, 14.388685347000035 ], [ 120.857100655000067, 14.388928439000042 ], [ 120.857156219000103, 14.389289606000036 ], [ 120.857177055000079, 14.389491025000037 ], [ 120.857281238000041, 14.389657718000024 ], [ 120.857239565000114, 14.389803573000048 ], [ 120.857142328, 14.389949429000071 ], [ 120.857058982000012, 14.390220304000024 ], [ 120.856843671000092, 14.390623143000026 ], [ 120.85670476100006, 14.390942636000032 ], [ 120.856656142000034, 14.391137110000047 ], [ 120.856656142000034, 14.391401040000058 ], [ 120.856746434000115, 14.391553841000075 ], [ 120.856982581, 14.391762206000069 ], [ 120.857100655000067, 14.392019190000042 ], [ 120.857267347000061, 14.392359519000026 ], [ 120.857517385000051, 14.392713740000035 ], [ 120.857642404000117, 14.393088797000075 ], [ 120.857628513, 14.393477746000032 ], [ 120.857656295000098, 14.393720839000025 ], [ 120.857809096000111, 14.393998659000033 ], [ 120.857864661, 14.394172296000024 ], [ 120.857843824000057, 14.394505681000055 ], [ 120.858025024000071, 14.394572814000067 ], [ 120.859204245000114, 14.395042824000031 ], [ 120.86076956400008, 14.395633443000062 ], [ 120.860780870000099, 14.395637709000027 ], [ 120.861017168000089, 14.395710404000052 ], [ 120.861248814000078, 14.395755825000037 ], [ 120.861394160000017, 14.395769451000032 ], [ 120.861612180000051, 14.395764909000029 ] ] ] } },
{ "type": "Feature", "properties": { "adm1_psgc": 400000000, "adm2_psgc": 402100000, "adm3_psgc": 402120000, "adm4_psgc": 402120006, "adm4_en": "Bunga", "geo_level": "Bgy", "len_crs": 11044, "area_crs": 2039030, "len_km": 11, "area_km2": 2.0 }, "geometry": { "type": "Polygon", "coordinates": [ [ [ 120.873585495000043, 14.365534033000074 ], [ 120.873680958000023, 14.365478593000029 ], [ 120.873882678000086, 14.365296994000063 ], [ 120.873996930000075, 14.365211712000075 ], [ 120.874134668000011, 14.36517022300006 ], [ 120.874335221000038, 14.365118848000067 ], [ 120.874521917000052, 14.365058992000057 ], [ 120.87454355300008, 14.364922969000077 ], [ 120.874580357000013, 14.364616268000079 ], [ 120.874611027000014, 14.364334104000022 ], [ 120.874604893000082, 14.363751372000021 ], [ 120.874647831000047, 14.363395599000057 ], [ 120.874561955000104, 14.362990754000066 ], [ 120.8743902020001, 14.362714723000067 ], [ 120.874230718000035, 14.362567507000048 ], [ 120.873948553000119, 14.362420291000035 ], [ 120.873623450000082, 14.362377353000054 ], [ 120.87337809000006, 14.362469363000059 ], [ 120.873224740000083, 14.362567507000048 ], [ 120.873065255000029, 14.362610445000033 ], [ 120.872875101000105, 14.362524569000071 ], [ 120.872758554000029, 14.362383487000047 ], [ 120.87273401800006, 14.362181064000019 ], [ 120.872758554000029, 14.361941838000064 ], [ 120.872826028000063, 14.361739415000047 ], [ 120.872967111000108, 14.361438848000033 ], [ 120.873249276000024, 14.36099719900005 ], [ 120.873525306000033, 14.360678230000072 ], [ 120.873605048000059, 14.36042060200003 ], [ 120.873611183000094, 14.360144571000031 ], [ 120.87320020300001, 14.358377974000065 ], [ 120.873028451000081, 14.356918079000023 ], [ 120.872979379000071, 14.356157461000072 ], [ 120.872881235000023, 14.355084008000061 ], [ 120.87278922400003, 14.354691431000051 ], [ 120.872648142000116, 14.354433802000072 ], [ 120.872040874000049, 14.353617978000047 ], [ 120.871930462000037, 14.353299009000068 ], [ 120.871930462000037, 14.352973906000042 ], [ 120.872004070000116, 14.352421845000039 ], [ 120.872034740000132, 14.352010866000059 ], [ 120.871985668000093, 14.351679629000046 ], [ 120.871815355000095, 14.351197608000064 ], [ 120.871691236000061, 14.350943547000041 ], [ 120.871507215000065, 14.350710455000067 ], [ 120.870771133000062, 14.350409888000057 ], [ 120.870096391000047, 14.350262671000053 ], [ 120.869446186000118, 14.350023445000037 ], [ 120.869164021000074, 14.349919167000051 ], [ 120.868930928000069, 14.349796486000058 ], [ 120.868783712000095, 14.349704476000056 ], [ 120.868777513000055, 14.349696417000073 ], [ 120.868661032000077, 14.349544992000061 ], [ 120.86863036200009, 14.349379373000035 ], [ 120.868691702000092, 14.349213755000054 ], [ 120.868832784, 14.349054270000064 ], [ 120.869108815000118, 14.348882518000035 ], [ 120.869372578000039, 14.34866169300005 ], [ 120.869458454000096, 14.348539013000046 ], [ 120.869507526, 14.34842860100002 ], [ 120.869513660000052, 14.348275250000025 ], [ 120.869409382000086, 14.348078962000047 ], [ 120.869193087000113, 14.347780623000062 ], [ 120.869072011000071, 14.347606643000063 ], [ 120.869036850000057, 14.347405654000053 ], [ 120.869049349000065, 14.347149426000044 ], [ 120.869180588000063, 14.34688069800006 ], [ 120.869386821000049, 14.346555725000028 ], [ 120.869768039000078, 14.346149509000039 ], [ 120.870071038000106, 14.345843720000065 ], [ 120.870230501000037, 14.345705796000063 ], [ 120.870861698000112, 14.345362075000025 ], [ 120.871224168000026, 14.345099597000058 ], [ 120.871374155000012, 14.344943360000059 ], [ 120.871511644000066, 14.344693380000024 ], [ 120.871742875000109, 14.344124678000068 ], [ 120.871961606000028, 14.343618470000026 ], [ 120.872242833000087, 14.34318725600002 ], [ 120.872327840000011, 14.343043557000044 ], [ 120.872499776000055, 14.342771323000024 ], [ 120.872536559000082, 14.34270604600005 ], [ 120.872581826000086, 14.342616341000049 ], [ 120.872609176000083, 14.342525175000048 ], [ 120.8725772680001, 14.342397542000068 ], [ 120.872540801, 14.342233443000056 ], [ 120.872508893000045, 14.34211492700007 ], [ 120.872545359000014, 14.341959944000054 ], [ 120.87262740900006, 14.341818637000072 ], [ 120.872723134000012, 14.341718354000021 ], [ 120.872887233000029, 14.341577046000054 ], [ 120.873055890000046, 14.341472205000056 ], [ 120.873174406000089, 14.341340014000023 ], [ 120.873251897000046, 14.341212381000046 ], [ 120.873297480000019, 14.341089307000061 ], [ 120.873279247000028, 14.340957116000027 ], [ 120.873275848000063, 14.340481587000054 ], [ 120.873263033000057, 14.340180424000041 ], [ 120.873218179000105, 14.340001007000069 ], [ 120.87313997900003, 14.340049900000055 ], [ 120.871160736000093, 14.339790973000047 ], [ 120.869570742000064, 14.339523908000045 ], [ 120.866796703000105, 14.339227802000039 ], [ 120.866715483, 14.339129777000043 ], [ 120.866648266000084, 14.338995343000022 ], [ 120.866606255000079, 14.338846905000025 ], [ 120.866620258000012, 14.338692866000034 ], [ 120.866665070000067, 14.338592040000037 ], [ 120.866805106000029, 14.338376385000062 ], [ 120.866973148000071, 14.338241951000043 ], [ 120.867065572000129, 14.338076709000063 ], [ 120.867104782000069, 14.337886260000058 ], [ 120.867121586000053, 14.337726620000067 ], [ 120.867107582000031, 14.337631396000061 ], [ 120.867023561000124, 14.337516566000032 ], [ 120.866852718000018, 14.337429744000076 ], [ 120.866740689000054, 14.337376531000071 ], [ 120.866687476000052, 14.337292509000065 ], [ 120.866679073000128, 14.337172079000023 ], [ 120.866645465000019, 14.337079655000021 ], [ 120.86651383100002, 14.337009637000047 ], [ 120.866421408000065, 14.336967627000037 ], [ 120.866362593000076, 14.336925616000027 ], [ 120.866300977000023, 14.336844395000071 ], [ 120.8662981760001, 14.336735167000029 ], [ 120.86627857100008, 14.336690356000076 ], [ 120.866219757000081, 14.336662349000047 ], [ 120.866085322000117, 14.336645545000064 ], [ 120.865973294000014, 14.336620338000042 ], [ 120.865906077000091, 14.336555922000056 ], [ 120.865861265000035, 14.336460698000055 ], [ 120.865869667000098, 14.33633746600003 ], [ 120.865939685000072, 14.336208633000066 ], [ 120.864364761000033, 14.336171815000059 ], [ 120.863820333000035, 14.336211104000027 ], [ 120.86292224400006, 14.336304687000052 ], [ 120.862954411000047, 14.336392414000043 ], [ 120.862971956000038, 14.336494761000036 ], [ 120.862960259000033, 14.336579563000043 ], [ 120.862860836000095, 14.33676671200004 ], [ 120.862676611000111, 14.336965559000079 ], [ 120.862585960000061, 14.337190723000045 ], [ 120.862574263000056, 14.337339858000067 ], [ 120.862606429000053, 14.337471448000027 ], [ 120.862936865000052, 14.338334090000046 ], [ 120.863221977000094, 14.339058220000028 ], [ 120.863309039000114, 14.339358099000036 ], [ 120.863309039000114, 14.339803082000058 ], [ 120.863478326000063, 14.340973580000023 ], [ 120.863550877000065, 14.341428236000066 ], [ 120.8635557140001, 14.341529808000072 ], [ 120.863691143000111, 14.342526182000027 ], [ 120.863744348000068, 14.342709979000063 ], [ 120.863981349000028, 14.343498372000052 ], [ 120.864194167000036, 14.344020743000044 ], [ 120.864329597000037, 14.344664033000074 ], [ 120.864585945000044, 14.345167056000033 ], [ 120.864876151000104, 14.34579099900003 ], [ 120.865119710000059, 14.346367662000034 ], [ 120.86525939000002, 14.347040668000036 ], [ 120.865691130000087, 14.34791261300006 ], [ 120.865915465000057, 14.348733764000029 ], [ 120.866007327000034, 14.349218799000024 ], [ 120.866021283, 14.349292486000021 ], [ 120.866042447000055, 14.349533752000076 ], [ 120.866101705, 14.349753855000072 ], [ 120.866199058, 14.349982423000029 ], [ 120.866347204000036, 14.350232154000023 ], [ 120.866741420000039, 14.350646679000022 ], [ 120.867063320000057, 14.350976305000072 ], [ 120.86719129800008, 14.351213319000065 ], [ 120.866998998000099, 14.351149219000037 ], [ 120.865663582000025, 14.350705861000048 ], [ 120.863799340000014, 14.350086228000068 ], [ 120.863633749000101, 14.350000761000048 ], [ 120.863494865, 14.349883244000068 ], [ 120.863201074000031, 14.349541378000024 ], [ 120.862396747000062, 14.348210811000058 ], [ 120.862311834000025, 14.348396808000071 ], [ 120.862264993000039, 14.348512108000023 ], [ 120.862236168000109, 14.348587775000055 ], [ 120.862207342000048, 14.348699472000021 ], [ 120.862243374000059, 14.348847201000071 ], [ 120.862228961000042, 14.348944486000052 ], [ 120.862128073000022, 14.349117437000077 ], [ 120.862077629000069, 14.349257960000047 ], [ 120.862084835000019, 14.349398483000074 ], [ 120.862182120000057, 14.34995697100004 ], [ 120.862210946000118, 14.35008308100004 ], [ 120.862239599000077, 14.350123588000034 ], [ 120.862283008000077, 14.35015874700002 ], [ 120.862383897000072, 14.35017316000005 ], [ 120.862470372000075, 14.350201985000069 ], [ 120.862520816000028, 14.350234413000065 ], [ 120.862538589000096, 14.350265765000074 ], [ 120.862553245000072, 14.350313682000039 ], [ 120.862547997000092, 14.350373444000072 ], [ 120.862528023000095, 14.350425380000049 ], [ 120.862409119000063, 14.35049384000007 ], [ 120.862372367000035, 14.350533393000033 ], [ 120.862365881000088, 14.350587522000067 ], [ 120.862388048000085, 14.350687069000065 ], [ 120.862414184000045, 14.35079161100003 ], [ 120.862409119000063, 14.350911805000063 ], [ 120.862383897000072, 14.351041518000041 ], [ 120.862322643000084, 14.35117483500005 ], [ 120.862156898000094, 14.351322564000043 ], [ 120.862114148000046, 14.35137286500003 ], [ 120.862088438000114, 14.351455880000062 ], [ 120.862059613000042, 14.35161441900004 ], [ 120.862120867000044, 14.351772957000035 ], [ 120.862131676000104, 14.351917083000046 ], [ 120.862142486000039, 14.352093638000044 ], [ 120.86223256400001, 14.352252176000036 ], [ 120.862394706000032, 14.352554840000039 ], [ 120.862463166000097, 14.352857505000031 ], [ 120.862523209000059, 14.352932547000023 ], [ 120.862632514000097, 14.352965599000072 ], [ 120.862786257000053, 14.353024969000046 ], [ 120.862942665000105, 14.353131611000034 ], [ 120.862992431000052, 14.353238252000041 ], [ 120.863049306000107, 14.35330579200007 ], [ 120.863113291000104, 14.353327120000074 ], [ 120.86320571300007, 14.35330579200007 ], [ 120.863276808000037, 14.35332712000007 ], [ 120.86330524500012, 14.353391105000071 ], [ 120.863326574000112, 14.353504855000041 ], [ 120.863394113000012, 14.353583059000075 ], [ 120.863546966000072, 14.353636380000065 ], [ 120.863703373000035, 14.35365059900005 ], [ 120.863827788000094, 14.353632825000036 ], [ 120.863930875000065, 14.353526184000033 ], [ 120.863994859000073, 14.353504855000041 ], [ 120.864108610000031, 14.35356173100007 ], [ 120.864247244000012, 14.353590168000036 ], [ 120.8643823230001, 14.35356173100007 ], [ 120.86464181700002, 14.35343020600004 ], [ 120.864798224000083, 14.353394659000061 ], [ 120.864919084, 14.353444425000074 ], [ 120.864965296000022, 14.353536848000031 ], [ 120.86499728800004, 14.353657708000071 ], [ 120.864968850000068, 14.35376079500003 ], [ 120.864906879000046, 14.353903191000029 ], [ 120.864753319000101, 14.354102340000054 ], [ 120.864602158000025, 14.354227108000035 ], [ 120.864573365000084, 14.354306287000041 ], [ 120.864604557, 14.354390266000051 ], [ 120.864688535000042, 14.354452650000043 ], [ 120.864755718000083, 14.354464647000039 ], [ 120.864822901000025, 14.35445984800003 ], [ 120.864959666000118, 14.354383068000066 ], [ 120.864995656000033, 14.354392665000033 ], [ 120.86502684800007, 14.354428656000039 ], [ 120.865038845000086, 14.354495839000037 ], [ 120.865048443000092, 14.354579817000056 ], [ 120.865094031, 14.354670993000067 ], [ 120.865125223000064, 14.354718981000076 ], [ 120.865137220000051, 14.354812557000058 ], [ 120.865161214000068, 14.354867743000053 ], [ 120.865218799000104, 14.354927727000074 ], [ 120.865302777000011, 14.354949322000037 ], [ 120.865465935000103, 14.354946922000069 ], [ 120.865612297000112, 14.354920529000026 ], [ 120.865679480000054, 14.354939724000074 ], [ 120.865696276000108, 14.35499491000007 ], [ 120.865672282000119, 14.355081288000063 ], [ 120.865662684000071, 14.355158068000039 ], [ 120.865655755000034, 14.355276055000049 ], [ 120.865674222000052, 14.355374544000028 ], [ 120.865707052000076, 14.355470982000041 ], [ 120.865889667000047, 14.355700790000073 ], [ 120.866066127000067, 14.355864938000025 ], [ 120.866375957000059, 14.356143991000065 ], [ 120.866593454000068, 14.356466132000039 ], [ 120.866609869000072, 14.356552310000041 ], [ 120.866599609000119, 14.356601555000054 ], [ 120.866564728000071, 14.356644644000026 ], [ 120.86650317200008, 14.356683629000035 ], [ 120.866435461000037, 14.356681577000073 ], [ 120.866334920000099, 14.356650799000018 ], [ 120.866250794000052, 14.356611814000075 ], [ 120.866209757000092, 14.356611814000072 ], [ 120.866168719000029, 14.356628229000023 ], [ 120.866123579000032, 14.35666926600004 ], [ 120.866115371000092, 14.356736977000024 ], [ 120.866139993000047, 14.35680263700004 ], [ 120.866176927000069, 14.356847778000027 ], [ 120.866297986000063, 14.356894970000042 ], [ 120.866400579000015, 14.35696063000006 ], [ 120.866425202000087, 14.357007822000067 ], [ 120.866439565000078, 14.357089897000035 ], [ 120.86646418700002, 14.357286875000062 ], [ 120.866488809000074, 14.357358690000066 ], [ 120.866523691000111, 14.357375105000074 ], [ 120.866572935000022, 14.357366897000073 ], [ 120.86667142400006, 14.357303290000059 ], [ 120.86671861700006, 14.357315601000042 ], [ 120.866753499000097, 14.357348431000048 ], [ 120.866771965000112, 14.357377157000027 ], [ 120.866774017000026, 14.357432557000038 ], [ 120.86676786200006, 14.357506424000064 ], [ 120.866743239000016, 14.357543357000052 ], [ 120.866665269, 14.357551564000063 ], [ 120.866632439000114, 14.357572083000036 ], [ 120.866626284000048, 14.357613120000057 ], [ 120.866628564000067, 14.357732679000033 ], [ 120.8666303870001, 14.357795735000023 ], [ 120.866661166000085, 14.357823621000019 ], [ 120.866688620000104, 14.357842496000043 ], [ 120.866760688000113, 14.357842496000046 ], [ 120.866899676000116, 14.357832201000063 ], [ 120.867126176000056, 14.357825337000062 ], [ 120.867199959000118, 14.357833917000047 ], [ 120.867266880000116, 14.357859655000023 ], [ 120.86732693600004, 14.357904269000073 ], [ 120.867683844000112, 14.358067280000059 ], [ 120.867769639000016, 14.358089586000059 ], [ 120.867833128000044, 14.358130768000025 ], [ 120.867867446000105, 14.358183961000066 ], [ 120.867884605000086, 14.358273188000057 ], [ 120.86789490000001, 14.358362415000043 ], [ 120.867886321000029, 14.358420756000044 ], [ 120.867867446000105, 14.35847223300004 ], [ 120.867807389000077, 14.358503119000034 ], [ 120.867723310000088, 14.358544301000052 ], [ 120.867640946000051, 14.358609505000063 ], [ 120.867616924000117, 14.358654118000061 ], [ 120.867610060000075, 14.358712459000056 ], [ 120.867632367000041, 14.358760504000028 ], [ 120.867685560000055, 14.358789675000022 ], [ 120.867747332000022, 14.358799970000065 ], [ 120.86785028700001, 14.358772516000048 ], [ 120.867927502000029, 14.358791391000066 ], [ 120.86797040000009, 14.358841152000023 ], [ 120.868003002, 14.35889262900003 ], [ 120.868023593000103, 14.358954401000062 ], [ 120.868025309000018, 14.359011026000076 ], [ 120.868016729000033, 14.359053924000019 ], [ 120.868015013000104, 14.35911226400003 ], [ 120.868024477000063, 14.35915807100003 ], [ 120.868056195000023, 14.359204923000046 ], [ 120.868104673000076, 14.359233931000064 ], [ 120.868138558000055, 14.359252969000067 ], [ 120.868154001000107, 14.359295866000025 ], [ 120.868147138000026, 14.359342195000069 ], [ 120.868126347000043, 14.359381317000045 ], [ 120.868106840000124, 14.359442006000048 ], [ 120.868106840000124, 14.359485355000059 ], [ 120.868124180000109, 14.359528704000068 ], [ 120.868174031000066, 14.359559048000047 ], [ 120.868215212000109, 14.35957422000007 ], [ 120.868278068000109, 14.359556880000069 ], [ 120.868382106000027, 14.359489690000032 ], [ 120.868460134000088, 14.35945934500006 ], [ 120.868531659000041, 14.35945934500006 ], [ 120.86864653400005, 14.359500527000021 ], [ 120.868750571000078, 14.359535206000032 ], [ 120.868906627000115, 14.359515699000038 ], [ 120.869001994000087, 14.359517866000035 ], [ 120.869086525000057, 14.35955037800005 ], [ 120.869194897000057, 14.359634908000034 ], [ 120.869277260000089, 14.359702099000057 ], [ 120.869333613000109, 14.35974761500006 ], [ 120.869389967000089, 14.359829978000052 ], [ 120.869426813000018, 14.359862490000067 ], [ 120.869502674000046, 14.359871160000067 ], [ 120.869563362, 14.359836480000071 ], [ 120.869613213000108, 14.359803969000039 ], [ 120.869647892000117, 14.35980180100006 ], [ 120.86973025500005, 14.359808304000071 ], [ 120.869918823000049, 14.359871160000067 ], [ 120.870142070000057, 14.359951355000023 ], [ 120.870228767000071, 14.359947020000051 ], [ 120.8702872880001, 14.359957857000042 ], [ 120.870356646000118, 14.359970862000068 ], [ 120.870380488000023, 14.36001204300004 ], [ 120.870386991000046, 14.36006189500006 ], [ 120.870395660000099, 14.360137755000039 ], [ 120.870408665000014, 14.360187606000068 ], [ 120.870467186000042, 14.36021578300006 ], [ 120.870527874000132, 14.36020277800003 ], [ 120.870575558000041, 14.360176769000077 ], [ 120.870612405000088, 14.36016159700006 ], [ 120.870636247000107, 14.36018977400005 ], [ 120.870625409000013, 14.360285141000075 ], [ 120.87059940000006, 14.360406518000049 ], [ 120.870603735000032, 14.360478044000047 ], [ 120.870612405000088, 14.360527895000073 ], [ 120.870631912000022, 14.360577746000047 ], [ 120.870673093000065, 14.360610258000062 ], [ 120.870761958000116, 14.360673114000065 ], [ 120.870794470000078, 14.360703458000049 ], [ 120.870824814000116, 14.360764146000065 ], [ 120.870816144000059, 14.360833504000029 ], [ 120.870772795000107, 14.360909365000055 ], [ 120.870729447000031, 14.360961384000065 ], [ 120.870679595000084, 14.360985225000036 ], [ 120.870595065000074, 14.360996063000073 ], [ 120.870482358000118, 14.36099172800005 ], [ 120.870300293, 14.361011235000035 ], [ 120.870202758000119, 14.361052416000067 ], [ 120.87013990200002, 14.361160788000063 ], [ 120.870111725000029, 14.361271328000042 ], [ 120.870046702000081, 14.36132984900007 ], [ 120.869931828000048, 14.36137103000004 ], [ 120.869877641000016, 14.361451226000037 ], [ 120.869823455000073, 14.361555263000071 ], [ 120.869790944000101, 14.361646296000059 ], [ 120.869650060000026, 14.361759003000033 ], [ 120.869500506, 14.361906389000071 ], [ 120.869433316000027, 14.362019096000036 ], [ 120.869383464000066, 14.362123133000066 ], [ 120.869363957000019, 14.362203329000069 ], [ 120.869372627000075, 14.36226401700003 ], [ 120.869431148000118, 14.362311701000069 ], [ 120.869496171000037, 14.362333375000048 ], [ 120.86957636700005, 14.362320370000079 ], [ 120.869622089000032, 14.362289153000061 ], [ 120.869676069000107, 14.362253180000035 ], [ 120.869756389000045, 14.362195827000052 ], [ 120.869831505000107, 14.362193550000027 ], [ 120.869890688000069, 14.362209484000058 ], [ 120.870102381000024, 14.362325573000019 ], [ 120.87045975400008, 14.36255092300007 ], [ 120.87053714700005, 14.362619211000034 ], [ 120.870550804000132, 14.362682947000053 ], [ 120.87053714700005, 14.362753511000047 ], [ 120.870473411000035, 14.362860495000064 ], [ 120.870434715000115, 14.36291057300002 ], [ 120.870411952000055, 14.362944717000063 ], [ 120.870411952000055, 14.36299024200002 ], [ 120.870427886000016, 14.363069911000027 ], [ 120.87048024, 14.363226973000051 ], [ 120.870272397, 14.364061131000026 ], [ 120.871003996000027, 14.364374674000029 ], [ 120.871369796000067, 14.364664991000037 ], [ 120.872159460000034, 14.365326915000022 ], [ 120.872080452000091, 14.364271778000044 ], [ 120.872185160000072, 14.364349170000027 ], [ 120.872407376000069, 14.364504506000056 ], [ 120.872605498000084, 14.364610642000059 ], [ 120.872810696000101, 14.364699090000045 ], [ 120.873001743000032, 14.364723855000019 ], [ 120.873153872000088, 14.364759234000072 ], [ 120.873238781000055, 14.364833530000052 ], [ 120.873238781000055, 14.364929053000022 ], [ 120.87315741000009, 14.365208547000062 ], [ 120.873146796000029, 14.365318221000051 ], [ 120.873153872000088, 14.365410207000023 ], [ 120.873199865000061, 14.36549511600003 ], [ 120.873309539000047, 14.365551722000079 ], [ 120.873426290000126, 14.36556941200007 ], [ 120.873585495000043, 14.365534033000074 ] ] ] } },
{ "type": "Feature", "properties": { "adm1_psgc": 400000000, "adm2_psgc": 402100000, "adm3_psgc": 402120000, "adm4_psgc": 402120007, "adm4_en": "Calibuyo", "geo_level": "Bgy", "len_crs": 11787, "area_crs": 4275782, "len_km": 11, "area_km2": 4.0 }, "geometry": { "type": "Polygon", "coordinates": [ [ [ 120.804930873000089, 14.37251105800004 ], [ 120.80493795100007, 14.372501131000032 ], [ 120.804950588000111, 14.372474242000068 ], [ 120.804958881000061, 14.372444580000037 ], [ 120.804964254000097, 14.372410733000036 ], [ 120.804961874, 14.372322096000062 ], [ 120.804971484000021, 14.372284143000059 ], [ 120.804985550000069, 14.372254659000076 ], [ 120.80499265100002, 14.372243438000055 ], [ 120.805009783000074, 14.372225210000067 ], [ 120.805024084000038, 14.372212596000054 ], [ 120.805036886000053, 14.372195784000043 ], [ 120.805042530000023, 14.372184580000068 ], [ 120.805053211000086, 14.37215096500006 ], [ 120.805053085000068, 14.372146767000061 ], [ 120.805062085000031, 14.372110431000067 ], [ 120.805070261000097, 14.372095084000021 ], [ 120.805076905000078, 14.372076966000062 ], [ 120.805091997000105, 14.372053305000062 ], [ 120.805104191000069, 14.372029681000074 ], [ 120.805112148000035, 14.372008866000046 ], [ 120.805148485000032, 14.371935546000028 ], [ 120.805165571000074, 14.371890071000053 ], [ 120.805215813000032, 14.371814578000055 ], [ 120.805230325000025, 14.371781752000061 ], [ 120.805239096000051, 14.371746244000065 ], [ 120.805250102000073, 14.371721549000027 ], [ 120.805281346000015, 14.371725497000053 ], [ 120.805300188000047, 14.371734992000032 ], [ 120.805323133000101, 14.371741731000041 ], [ 120.805328851000013, 14.37174033300005 ], [ 120.805367530000012, 14.371740145000047 ], [ 120.805389048000038, 14.371741413000048 ], [ 120.8053976650001, 14.371742743000024 ], [ 120.805413496000014, 14.37174815700007 ], [ 120.805416403000109, 14.37175226200003 ], [ 120.80541940900001, 14.371767357000065 ], [ 120.805419593000011, 14.371787973000039 ], [ 120.805418205000024, 14.371793479000072 ], [ 120.805411130000053, 14.371805888000043 ], [ 120.805405549000056, 14.37182517800005 ], [ 120.80539566500012, 14.371845872000053 ], [ 120.805390088000081, 14.371866564000074 ], [ 120.805384657000118, 14.371902439000049 ], [ 120.805376363000036, 14.371924488000046 ], [ 120.805355455000054, 14.371970066000072 ], [ 120.805344184000106, 14.371986674000032 ], [ 120.805324638000116, 14.372033826000065 ], [ 120.805323281000014, 14.37204077200005 ], [ 120.805314827000075, 14.372056065000042 ], [ 120.80530065500011, 14.372075552000066 ], [ 120.805269306000014, 14.372107620000063 ], [ 120.805257938000068, 14.372124377000034 ], [ 120.805246607000086, 14.372146748000034 ], [ 120.805246707000023, 14.372157945000025 ], [ 120.805252555000038, 14.372166348000063 ], [ 120.805256911000029, 14.372169150000049 ], [ 120.805265571000064, 14.372169149000054 ], [ 120.805279950000113, 14.372163544000044 ], [ 120.805314321000083, 14.372139748000048 ], [ 120.805337360000067, 14.372136948000048 ], [ 120.805363439000089, 14.372146737000039 ], [ 120.805417257000045, 14.372178943000051 ], [ 120.80543466000006, 14.372191543000039 ], [ 120.805446247000063, 14.37219714400004 ], [ 120.805453486000033, 14.372199945000036 ], [ 120.805480964000026, 14.372205545000039 ], [ 120.805519981000089, 14.372208344000057 ], [ 120.805545959000042, 14.372205539000049 ], [ 120.805557492000062, 14.372202736000075 ], [ 120.805577656000068, 14.372195730000044 ], [ 120.805623541000045, 14.372169114000032 ], [ 120.805675212000097, 14.37214252600006 ], [ 120.805724022000049, 14.372125742000035 ], [ 120.805788705000055, 14.372111762000033 ], [ 120.805801660000029, 14.372110363000045 ], [ 120.805873396000038, 14.372110356000064 ], [ 120.805896967000095, 14.371946045000072 ], [ 120.806051498000102, 14.371570754000064 ], [ 120.806044140000054, 14.371456696000052 ], [ 120.805955836000066, 14.371401506000041 ], [ 120.805683566000084, 14.371386789000038 ], [ 120.805532714000037, 14.37136839200002 ], [ 120.80546280700004, 14.371313202000065 ], [ 120.805378183000016, 14.371199143000068 ], [ 120.805359787000043, 14.371085085000059 ], [ 120.805385542000067, 14.370978384000066 ], [ 120.805469573000096, 14.370878781000044 ], [ 120.805584225000089, 14.370779701000064 ], [ 120.805687246000033, 14.370724511000045 ], [ 120.806051498000102, 14.370680360000051 ], [ 120.806334806000109, 14.370566301000052 ], [ 120.806695379000089, 14.37031242800003 ], [ 120.807195766000078, 14.369992327000034 ], [ 120.807663039000104, 14.369613358000038 ], [ 120.808056726000018, 14.36912768800005 ], [ 120.808255409000026, 14.368811267000069 ], [ 120.808420978000086, 14.368480128000044 ], [ 120.808494565000061, 14.368266728000041 ], [ 120.808512961000034, 14.368060686000037 ], [ 120.80847616800007, 14.367799454000023 ], [ 120.808483527000021, 14.367655961000025 ], [ 120.808516641000082, 14.367552940000055 ], [ 120.808608624000058, 14.367427843000026 ], [ 120.808844100000101, 14.367368974000044 ], [ 120.809473263000086, 14.367295388000057 ], [ 120.809830157000079, 14.36719236700003 ], [ 120.810271675000081, 14.367001042000028 ], [ 120.810515273000078, 14.366915477000074 ], [ 120.810649952000048, 14.366907189000072 ], [ 120.81079291900005, 14.366948629000033 ], [ 120.811064350000038, 14.367081236000043 ], [ 120.811522259000085, 14.367255283000073 ], [ 120.811940800000116, 14.367367171000069 ], [ 120.812220519000107, 14.367431402000021 ], [ 120.812442221000083, 14.367454194000061 ], [ 120.812647348000041, 14.367433474000052 ], [ 120.812844187000124, 14.367377530000056 ], [ 120.813053458, 14.367284291000034 ], [ 120.813266872000113, 14.367130964000069 ], [ 120.813486503000021, 14.366813950000045 ], [ 120.813590103000038, 14.366689631000042 ], [ 120.813737214000071, 14.366577743000047 ], [ 120.814039724000054, 14.366440992000038 ], [ 120.814201339000064, 14.366428560000028 ], [ 120.814294578000045, 14.366443064000066 ], [ 120.814578441000094, 14.366583959000025 ], [ 120.814795999000012, 14.366722782000069 ], [ 120.814914103000078, 14.366772510000031 ], [ 120.815009414000087, 14.366784942000038 ], [ 120.815102653000054, 14.366768366000031 ], [ 120.815210397000101, 14.366697919000048 ], [ 120.815264269000053, 14.366617111000039 ], [ 120.815278772000056, 14.366521800000044 ], [ 120.815249765000104, 14.366438920000064 ], [ 120.815204181000013, 14.366391264000075 ], [ 120.815040494000087, 14.366304241000021 ], [ 120.814918632000058, 14.366212849000018 ], [ 120.814860231000026, 14.366163346000066 ], [ 120.814823717000081, 14.366092955000052 ], [ 120.814813725000022, 14.366003035000061 ], [ 120.814828712, 14.365939758000025 ], [ 120.814852025000036, 14.36589979300004 ], [ 120.814913637000018, 14.365873150000027 ], [ 120.815043522000124, 14.365871485000072 ], [ 120.815278314, 14.365864824000029 ], [ 120.81542818100003, 14.365859829000044 ], [ 120.815491458000096, 14.365826525000042 ], [ 120.815538083000092, 14.365774904000034 ], [ 120.815556400000091, 14.365709961000046 ], [ 120.815558066000108, 14.365626702000043 ], [ 120.815513105000036, 14.365418553000039 ], [ 120.81550311400008, 14.365318642000034 ], [ 120.815524762000123, 14.365202078000038 ], [ 120.815549740000066, 14.365092176000076 ], [ 120.815611352000019, 14.364980608000057 ], [ 120.815702937000083, 14.364857384000063 ], [ 120.815847632000114, 14.364690353000071 ], [ 120.815904255000078, 14.364579204000052 ], [ 120.815923130000115, 14.364476444000044 ], [ 120.815931518000085, 14.364306574000066 ], [ 120.815958781000077, 14.364105248000037 ], [ 120.815973461000127, 14.363815841000074 ], [ 120.815988141000048, 14.363656457000046 ], [ 120.816023793000113, 14.363539017000051 ], [ 120.816095096000026, 14.36340270200003 ], [ 120.816162205000069, 14.363325107000039 ], [ 120.816273354000018, 14.363153141000051 ], [ 120.816313200000096, 14.363058769000077 ], [ 120.816315297000074, 14.362958105000077 ], [ 120.816285937000089, 14.362630950000039 ], [ 120.816277548, 14.362565938000042 ], [ 120.816288034000067, 14.362469469000072 ], [ 120.816365629000074, 14.36214650700003 ], [ 120.816420822000069, 14.361981655000021 ], [ 120.816525012000071, 14.361670454000034 ], [ 120.816583733000016, 14.361443961000074 ], [ 120.816598413000065, 14.36134749200005 ], [ 120.816594218000091, 14.361257315000046 ], [ 120.81654808100005, 14.361106320000031 ], [ 120.816531304000023, 14.361009851000064 ], [ 120.816531304000023, 14.360923868000043 ], [ 120.816569053000094, 14.36084837000004 ], [ 120.816640356000107, 14.36080642700006 ], [ 120.81679554500009, 14.360743512000059 ], [ 120.816866848000018, 14.360720444000037 ], [ 120.816900403000091, 14.360573643000064 ], [ 120.816873140000098, 14.360491854000031 ], [ 120.816801837000071, 14.360389094000027 ], [ 120.816696979000085, 14.360273750000033 ], [ 120.816636161000034, 14.360160504000078 ], [ 120.816636161000034, 14.360074521000056 ], [ 120.816663424000026, 14.360009509000067 ], [ 120.816722145000099, 14.359948692000042 ], [ 120.816776671000085, 14.35989206900007 ], [ 120.816852168000096, 14.359757851000037 ], [ 120.816854265000075, 14.359688645000059 ], [ 120.81686475100004, 14.359552330000042 ], [ 120.816889917000026, 14.359405529000069 ], [ 120.816982192000083, 14.35909724800007 ], [ 120.817068175000017, 14.358950447000039 ], [ 120.817231753000101, 14.358772189000037 ], [ 120.817311445000072, 14.358698789000075 ], [ 120.817523257000062, 14.358489074000037 ], [ 120.817575686000069, 14.358356953000055 ], [ 120.817598754000088, 14.358229027000052 ], [ 120.81763021200004, 14.358019311000074 ], [ 120.81763021200004, 14.357868316000065 ], [ 120.817521736000103, 14.357681750000046 ], [ 120.817517061000103, 14.357494746000045 ], [ 120.817582513000062, 14.357359167000027 ], [ 120.817792892000057, 14.357116062000044 ], [ 120.817945587000054, 14.356952219000048 ], [ 120.818012622000083, 14.356671927000033 ], [ 120.817993922000028, 14.35635869500004 ], [ 120.818054698000083, 14.355512501000019 ], [ 120.818031323000028, 14.354792535000058 ], [ 120.818124825000041, 14.354483978000077 ], [ 120.818143525000096, 14.354208147000062 ], [ 120.818195723000031, 14.354113527000038 ], [ 120.818247481000071, 14.354047141000024 ], [ 120.818412882000075, 14.353963878000059 ], [ 120.818508522000116, 14.353856986000039 ], [ 120.818618790000087, 14.353594820000065 ], [ 120.818690512000103, 14.353469480000054 ], [ 120.818802715000047, 14.35336662800006 ], [ 120.818862953, 14.353356283000036 ], [ 120.818900892000116, 14.353366628000057 ], [ 120.818994394000029, 14.35343208000006 ], [ 120.819101922000073, 14.35354428200003 ], [ 120.819152124000084, 14.353559940000025 ], [ 120.819188129000054, 14.353553189000023 ], [ 120.819228149000068, 14.353525582000032 ], [ 120.819312301000082, 14.35344143000003 ], [ 120.819320900000108, 14.353404665000026 ], [ 120.81931697600011, 14.353366628000057 ], [ 120.819293601000027, 14.353319877000047 ], [ 120.819200099000113, 14.353174949000049 ], [ 120.819161125000051, 14.35308736500002 ], [ 120.81916, 14.353038983000031 ], [ 120.819162698000014, 14.352992620000062 ], [ 120.819189254000108, 14.352915213000074 ], [ 120.819260141000086, 14.352798195000045 ], [ 120.819314149000078, 14.352748687000032 ], [ 120.819401913000092, 14.352709306000065 ], [ 120.819586442000059, 14.352659798000047 ], [ 120.819725964000085, 14.352578786000034 ], [ 120.819790099000102, 14.352504524000036 ], [ 120.819808102000025, 14.352453891000035 ], [ 120.819819353000085, 14.35236950300003 ], [ 120.819812602000084, 14.352322245000035 ], [ 120.819790099000102, 14.352282864000076 ], [ 120.819711336000069, 14.352228856000064 ], [ 120.819617947000111, 14.35218722400003 ], [ 120.819603770000072, 14.352178190000075 ], [ 120.8195504360001, 14.352154594000069 ], [ 120.819508493000058, 14.352080748000049 ], [ 120.81949983100003, 14.351955155000038 ], [ 120.819534477000062, 14.351751609000074 ], [ 120.819547470000089, 14.351667159000041 ], [ 120.819534477000062, 14.351571882000027 ], [ 120.819458689000029, 14.351288216000055 ], [ 120.819456523000113, 14.351210262000052 ], [ 120.819478177000065, 14.351147466000041 ], [ 120.819536643000106, 14.351110655000067 ], [ 120.819634085000089, 14.351112820000026 ], [ 120.819720701000051, 14.351104158000055 ], [ 120.819783497000117, 14.35106518200007 ], [ 120.819815978000079, 14.351019708000026 ], [ 120.8198397970001, 14.350930928000023 ], [ 120.819854955000096, 14.350796674000039 ], [ 120.8198397970001, 14.350675412000044 ], [ 120.819815978000079, 14.350593127000021 ], [ 120.819768339000021, 14.350530331000069 ], [ 120.819706685000028, 14.350443811000046 ], [ 120.819623258000078, 14.350367927000036 ], [ 120.819486188000042, 14.35028584300005 ], [ 120.819260754000098, 14.350215086000047 ], [ 120.819127469, 14.350137747000078 ], [ 120.818969501000097, 14.350034081000047 ], [ 120.818885580000028, 14.349950160000047 ], [ 120.8188460880001, 14.349879404000031 ], [ 120.818823051000081, 14.349816875000043 ], [ 120.818824696000092, 14.34973460000003 ], [ 120.8188460880001, 14.349645743000053 ], [ 120.818870770000103, 14.349578277000035 ], [ 120.818921781000086, 14.349537139000066 ], [ 120.818956337000031, 14.34952397500007 ], [ 120.819015575000108, 14.349519039000027 ], [ 120.81913734200009, 14.349517393000045 ], [ 120.819347966, 14.349499293000065 ], [ 120.819530617000069, 14.349492711000037 ], [ 120.819680357000038, 14.349522330000067 ], [ 120.819821870000069, 14.349568404000024 ], [ 120.819930473000127, 14.34960131400004 ], [ 120.820006166000113, 14.349593087000073 ], [ 120.820053886000096, 14.349566759000025 ], [ 120.820076923000116, 14.349527266000047 ], [ 120.820085150000068, 14.34948283800003 ], [ 120.820073632000103, 14.349379171000068 ], [ 120.820093378000024, 14.349334743000043 ], [ 120.820137807000052, 14.349313351000037 ], [ 120.820243119000111, 14.349272214000054 ], [ 120.820355013000039, 14.349227785000039 ], [ 120.820402732000062, 14.349188293000051 ], [ 120.820420833000071, 14.349142219000043 ], [ 120.820410960000117, 14.349087918000064 ], [ 120.820402732000062, 14.349045135000036 ], [ 120.820378050000059, 14.349015516000065 ], [ 120.820313875000011, 14.348951341000031 ], [ 120.820233246000043, 14.348846029000072 ], [ 120.820122997000126, 14.348752235000063 ], [ 120.82006705000002, 14.348716034000063 ], [ 120.820048949000011, 14.348683124000043 ], [ 120.820039076000057, 14.348646923000048 ], [ 120.820045658000041, 14.348604140000077 ], [ 120.82006375900005, 14.348546548000058 ], [ 120.820141098000022, 14.348360606000028 ], [ 120.820276029000084, 14.348186183000049 ], [ 120.820361595000023, 14.348133527000073 ], [ 120.820521208000073, 14.348090744000045 ], [ 120.820603483000014, 14.348059479000028 ], [ 120.820680822000085, 14.348008469000035 ], [ 120.820700568, 14.347957458000051 ], [ 120.820733478000079, 14.347858728000061 ], [ 120.820797653000128, 14.347736961000066 ], [ 120.82084866300012, 14.347664559000066 ], [ 120.820902965000087, 14.347625067000024 ], [ 120.820952330000068, 14.347610257000042 ], [ 120.821032959000036, 14.347616839000064 ], [ 120.821105361000036, 14.347648104000033 ], [ 120.821205737000014, 14.347708987000034 ], [ 120.821271557000031, 14.347736961000066 ], [ 120.821320922000055, 14.34773367000003 ], [ 120.821352187000116, 14.347710633000073 ], [ 120.821376869000119, 14.347674432000076 ], [ 120.821386742000072, 14.347641522000057 ], [ 120.821380160000089, 14.347587220000038 ], [ 120.821352187000116, 14.347478617000032 ], [ 120.821337377000091, 14.347432543000023 ], [ 120.821284721000097, 14.347350268000071 ], [ 120.821278139000015, 14.347312422000075 ], [ 120.821301176000034, 14.347282803000041 ], [ 120.821330795000108, 14.34725647500005 ], [ 120.82144433500001, 14.347185718000047 ], [ 120.821543065000014, 14.34711989800007 ], [ 120.821605594000062, 14.34708698800006 ], [ 120.821661541000026, 14.347082051000024 ], [ 120.821717488000104, 14.347093570000023 ], [ 120.821776726000039, 14.347118252000032 ], [ 120.821859001, 14.347144580000077 ], [ 120.821913302000098, 14.347144580000077 ], [ 120.821972541000036, 14.347108379000078 ], [ 120.822020260000059, 14.347050787000061 ], [ 120.822025197000031, 14.347004713000047 ], [ 120.8220284880001, 14.346955348000053 ], [ 120.822021906000032, 14.346930665000057 ], [ 120.821997223000039, 14.346915856000063 ], [ 120.821941276000075, 14.346909274000037 ], [ 120.821875456000043, 14.346909274000037 ], [ 120.821821154000077, 14.346917501000066 ], [ 120.821771789000096, 14.346914210000019 ], [ 120.821740525000124, 14.346901046000024 ], [ 120.821729006000055, 14.346859909000045 ], [ 120.821737234000011, 14.346813835000033 ], [ 120.821747107000064, 14.34678421600006 ], [ 120.821780017000052, 14.346748015000058 ], [ 120.821896847000062, 14.346618020000047 ], [ 120.822018615000047, 14.346474861000047 ], [ 120.822253921000083, 14.346228036000069 ], [ 120.822405307000054, 14.346106269000076 ], [ 120.822629096000014, 14.345986148000065 ], [ 120.822805164000101, 14.345879190000062 ], [ 120.822831492000091, 14.34584298900006 ], [ 120.822841365000045, 14.345801851000028 ], [ 120.822859466000068, 14.345630719000038 ], [ 120.822874275000132, 14.345571481000038 ], [ 120.822902249000094, 14.345525407000027 ], [ 120.823051989000092, 14.345398704000049 ], [ 120.823149074000085, 14.345224280000023 ], [ 120.823218185000087, 14.345044921000067 ], [ 120.823272487000054, 14.344794805000046 ], [ 120.817679158000033, 14.344201361000046 ], [ 120.817601163000063, 14.344254341000063 ], [ 120.817567361000101, 14.344326171000031 ], [ 120.817575812000086, 14.344448703000067 ], [ 120.817503982000062, 14.344486731000075 ], [ 120.816629354000057, 14.344313495000051 ], [ 120.816549074000022, 14.344359973000051 ], [ 120.816439217000038, 14.34468954300007 ], [ 120.816249081000024, 14.34523882700006 ], [ 120.815911676000027, 14.345946650000032 ], [ 120.815896828000064, 14.345974026000022 ], [ 120.815867596000075, 14.345988874000055 ], [ 120.815826555000044, 14.345990922000054 ], [ 120.815216840000062, 14.34577171200004 ], [ 120.815164406000022, 14.345752985000045 ], [ 120.815116654000022, 14.345751113000064 ], [ 120.815087135000127, 14.345762759000024 ], [ 120.815058603000011, 14.345781075000048 ], [ 120.815023756000073, 14.345830363000061 ], [ 120.814584329000013, 14.346599360000026 ], [ 120.814204056000108, 14.347495114000028 ], [ 120.813048993000038, 14.349998245000053 ], [ 120.813106593000057, 14.350238813000036 ], [ 120.813086264000034, 14.350499710000065 ], [ 120.813015110000052, 14.350716559000034 ], [ 120.81270335400005, 14.351185985000029 ], [ 120.812569358000033, 14.35135142800004 ], [ 120.812505095, 14.351436200000023 ], [ 120.812477749000109, 14.351516871000054 ], [ 120.812480484000048, 14.351592072000075 ], [ 120.812483219000114, 14.351652233000035 ], [ 120.812464077000072, 14.351694620000048 ], [ 120.812417588000017, 14.351723333000052 ], [ 120.8123615290001, 14.351732904000073 ], [ 120.812298633000069, 14.351726068000058 ], [ 120.812257615000021, 14.351737006000061 ], [ 120.81222753400003, 14.351761617000022 ], [ 120.812171475000014, 14.351819044000024 ], [ 120.8121509650001, 14.351877838000064 ], [ 120.812152333000085, 14.351937999000029 ], [ 120.812161904000064, 14.351961243000058 ], [ 120.812193352, 14.351996793000067 ], [ 120.812282226000093, 14.35203917900003 ], [ 120.812365631000048, 14.352093871000021 ], [ 120.812380671000028, 14.352133522000029 ], [ 120.812379304000046, 14.352192316000068 ], [ 120.812350591000026, 14.352285292000037 ], [ 120.812224799000106, 14.352475347000052 ], [ 120.812120885, 14.352643525000074 ], [ 120.812029276000089, 14.35275427600004 ], [ 120.811928096000088, 14.352836314000058 ], [ 120.811833752000112, 14.35288690400006 ], [ 120.81174214300006, 14.352962105000071 ], [ 120.811669676000079, 14.353046877000054 ], [ 120.811628657000028, 14.353142588000026 ], [ 120.811597790000064, 14.35324438300006 ], [ 120.811536548000035, 14.353371576000027 ], [ 120.811404644000064, 14.353482281000028 ], [ 120.811187945000029, 14.353576498000054 ], [ 120.810999510000116, 14.353633029000033 ], [ 120.81092413600004, 14.353647161000026 ], [ 120.810844052000107, 14.353633029000036 ], [ 120.810763967000071, 14.353581209000025 ], [ 120.810657973000033, 14.353498769000051 ], [ 120.810589665000066, 14.353468149000037 ], [ 120.81052842400004, 14.35346108200002 ], [ 120.810448339000118, 14.353472859000021 ], [ 120.81039652000004, 14.353508191000062 ], [ 120.810349411000047, 14.353618896000055 ], [ 120.810297592000097, 14.353637740000067 ], [ 120.810203375000029, 14.353618896000055 ], [ 120.810153911000057, 14.353583565000065 ], [ 120.810130356000073, 14.353545878000038 ], [ 120.810116224000026, 14.353491703000032 ], [ 120.810076181000113, 14.35345637100005 ], [ 120.810038495000072, 14.353463438000064 ], [ 120.810003163000047, 14.353508191000058 ], [ 120.809967832000098, 14.353515257000026 ], [ 120.809906591000058, 14.353505835000018 ], [ 120.809861837000085, 14.353458727000033 ], [ 120.809793530000093, 14.353380998000034 ], [ 120.809711090000079, 14.353378642000054 ], [ 120.809654559, 14.353423395000048 ], [ 120.809605095000052, 14.35342575100003 ], [ 120.809557987000048, 14.353413974000039 ], [ 120.809510878000097, 14.353364510000061 ], [ 120.809463770000107, 14.353310335000062 ], [ 120.8093507090001, 14.353166653000077 ], [ 120.809289468000102, 14.353110123000018 ], [ 120.809256492000031, 14.353091280000058 ], [ 120.8092023170001, 14.353117189000042 ], [ 120.809164630000069, 14.353180786000051 ], [ 120.809112810000101, 14.353173720000026 ], [ 120.809073176000084, 14.353142234000073 ], [ 120.809023354000033, 14.353069162000054 ], [ 120.808927031000053, 14.352972839000074 ], [ 120.808819084000106, 14.352909731000068 ], [ 120.808721100000071, 14.352859909000072 ], [ 120.808639725000035, 14.352848284000061 ], [ 120.808550045000075, 14.352848284000061 ], [ 120.808488598000054, 14.352888142000038 ], [ 120.808385632000068, 14.352962875000056 ], [ 120.808181362000028, 14.353070823000049 ], [ 120.808063450000077, 14.353112341000038 ], [ 120.807975431000045, 14.353115662000047 ], [ 120.807923948000038, 14.353104037000035 ], [ 120.807850876000089, 14.353084108000074 ], [ 120.80778112500002, 14.353040929000029 ], [ 120.80767816, 14.352942946000036 ], [ 120.807629998000053, 14.352849945000063 ], [ 120.807603427000132, 14.352828355000044 ], [ 120.807548622000027, 14.352818391000028 ], [ 120.807477211000105, 14.352838320000048 ], [ 120.807384210000023, 14.352916374000074 ], [ 120.807294530000021, 14.352986125000031 ], [ 120.807248030000082, 14.352994429000033 ], [ 120.807193225000105, 14.352986125000031 ], [ 120.80703877700013, 14.352884820000037 ], [ 120.80683284600002, 14.352740337000057 ], [ 120.806729881000024, 14.352682211000054 ], [ 120.806690023000101, 14.352632389000064 ], [ 120.806658469000027, 14.352587549000077 ], [ 120.806648505000126, 14.352477941000075 ], [ 120.806663451000091, 14.352358368000067 ], [ 120.80666677300006, 14.352252081000071 ], [ 120.806626915000052, 14.352165723000038 ], [ 120.806502360000096, 14.352064418000055 ], [ 120.80633462600008, 14.351946506000051 ], [ 120.806150285000044, 14.351825272000038 ], [ 120.805921103000074, 14.35164923400003 ], [ 120.80585799500011, 14.351619341000056 ], [ 120.805758351000023, 14.351596091000031 ], [ 120.805678636000053, 14.351606055000049 ], [ 120.805617189000017, 14.351654217000034 ], [ 120.805500938000037, 14.351760504000024 ], [ 120.805215291000096, 14.351928238000021 ], [ 120.805120630000033, 14.352019578000066 ], [ 120.805062504000034, 14.352046150000035 ], [ 120.804981128000023, 14.352052793000041 ], [ 120.804896431000088, 14.352052793000041 ], [ 120.80484826900009, 14.352095972000029 ], [ 120.804833323000025, 14.352147455000019 ], [ 120.804808412000071, 14.352198937000026 ], [ 120.804775197000041, 14.352286956000059 ], [ 120.804771875000029, 14.352345082000058 ], [ 120.804770215000076, 14.352416493000021 ], [ 120.804727036000045, 14.352479601000027 ], [ 120.804673892000096, 14.352504512000055 ], [ 120.804595838000068, 14.352497869000048 ], [ 120.804507819000037, 14.352536066000027 ], [ 120.804419800000119, 14.352595853000029 ], [ 120.804295245000034, 14.35263238900006 ], [ 120.804198922000083, 14.352642353000018 ], [ 120.804109243000084, 14.352619103000054 ], [ 120.803819733000083, 14.352421654000068 ], [ 120.803767279000112, 14.352579018000027 ], [ 120.803738667000061, 14.352662468000059 ], [ 120.803690981000059, 14.352733997000032 ], [ 120.80366475400001, 14.35276976200004 ], [ 120.803643295000029, 14.352803142000024 ], [ 120.80363137400002, 14.352843675000033 ], [ 120.803636142000087, 14.352924741000036 ], [ 120.803633758000046, 14.353041571000064 ], [ 120.803602762000068, 14.353103563000047 ], [ 120.80351454300002, 14.353160786000046 ], [ 120.80346208900005, 14.353179861000058 ], [ 120.803397713000095, 14.353158402000078 ], [ 120.80332380000003, 14.353063030000046 ], [ 120.803266576000055, 14.353020113000069 ], [ 120.803235581000081, 14.353022497000037 ], [ 120.803156899000101, 14.353101179000076 ], [ 120.803106828000068, 14.353167939000061 ], [ 120.803011457000025, 14.353208472000061 ], [ 120.80295900200008, 14.353215625000074 ], [ 120.80291370000009, 14.353227547000071 ], [ 120.802889857000096, 14.353291923000031 ], [ 120.802870783000117, 14.353375373000059 ], [ 120.80282786600003, 14.353403985000057 ], [ 120.802777795000111, 14.353403985000057 ], [ 120.802711035000016, 14.353413522000039 ], [ 120.802680039000037, 14.353439749000074 ], [ 120.802663349000113, 14.353487435000034 ], [ 120.802675271000112, 14.353547043000049 ], [ 120.802713419000042, 14.353628109000057 ], [ 120.802715804000073, 14.35374732300005 ], [ 120.802701498000047, 14.353787857000039 ], [ 120.802644275000034, 14.353826005000032 ], [ 120.802603742000073, 14.353826005000032 ], [ 120.802567977000081, 14.353814084000017 ], [ 120.802529829000036, 14.353716328000074 ], [ 120.802467837000108, 14.353661489000046 ], [ 120.802408229000093, 14.353675795000076 ], [ 120.802374849000103, 14.353740171000029 ], [ 120.802300936000051, 14.353806931000065 ], [ 120.80223894400001, 14.353816468000044 ], [ 120.802165031000087, 14.353806931000065 ], [ 120.802117345000056, 14.353773551000078 ], [ 120.802041048000092, 14.353713943000059 ], [ 120.801962366000112, 14.35367817900004 ], [ 120.801912296000069, 14.353666257000041 ], [ 120.801840767000044, 14.353642414000037 ], [ 120.801790696000012, 14.35365433600003 ], [ 120.801745395, 14.353694869000039 ], [ 120.801709630000133, 14.353768782000033 ], [ 120.801676250000028, 14.353983369000048 ], [ 120.801589312000033, 14.354083143000025 ], [ 120.801607666000123, 14.354180155000048 ], [ 120.801615532000028, 14.354250947000025 ], [ 120.801714127000082, 14.354490505000054 ], [ 120.80173258100001, 14.35459753900005 ], [ 120.801703055000075, 14.35467135600004 ], [ 120.801655074000109, 14.354734100000032 ], [ 120.801540658000022, 14.354793153000058 ], [ 120.801422551000101, 14.35480053500004 ], [ 120.80139671500001, 14.354800535000036 ], [ 120.801356116000079, 14.354852207000022 ], [ 120.801330280000116, 14.354922333000045 ], [ 120.801330280000116, 14.355025676000027 ], [ 120.801256463000087, 14.355099493000067 ], [ 120.801142047000099, 14.355106874000056 ], [ 120.801038704, 14.355084729000058 ], [ 120.800883689000102, 14.35518069100004 ], [ 120.800728673000094, 14.355383687000028 ], [ 120.800215647000059, 14.355863496000042 ], [ 120.800123376000101, 14.355926240000027 ], [ 120.799975743000118, 14.355966840000065 ], [ 120.799706311000037, 14.355889332000061 ], [ 120.799543915000072, 14.355889332000061 ], [ 120.799348300000034, 14.355955767000069 ], [ 120.79893492600003, 14.356107091000069 ], [ 120.798757766000122, 14.356265797000045 ], [ 120.798621205000018, 14.35647617500007 ], [ 120.798414518000072, 14.356797278000043 ], [ 120.79806757900009, 14.357417339000055 ], [ 120.797776003000081, 14.357786423000048 ], [ 120.797573007000111, 14.358321594000071 ], [ 120.797362629000077, 14.358738659000041 ], [ 120.797262977000074, 14.358923201000037 ], [ 120.797207614000072, 14.35918894100007 ], [ 120.797200233000027, 14.359369792000054 ], [ 120.797181778000109, 14.359539571000028 ], [ 120.796971401000064, 14.359901273000046 ], [ 120.796757332000084, 14.360178086000072 ], [ 120.796543263000103, 14.360491807000074 ], [ 120.796358722000022, 14.360783383000065 ], [ 120.796277523000086, 14.361004833000038 ], [ 120.796264527000048, 14.361276974000075 ], [ 120.796218470000113, 14.361894325000037 ], [ 120.796118817000078, 14.362226500000077 ], [ 120.795985947000077, 14.362429497000051 ], [ 120.795801405000034, 14.362602966000056 ], [ 120.795449652000116, 14.362867727000037 ], [ 120.795275940000025, 14.362998478000062 ], [ 120.795037402000062, 14.363311607000071 ], [ 120.795029361000061, 14.363340323000045 ], [ 120.795034619000035, 14.363342026000055 ], [ 120.795041710000078, 14.363348870000035 ], [ 120.79504707500007, 14.363357431000052 ], [ 120.795052463000061, 14.363367706000073 ], [ 120.795054328000091, 14.363376274000073 ], [ 120.79505278300006, 14.363391707000064 ], [ 120.795049440000085, 14.363403720000065 ], [ 120.795034075000103, 14.363434647000078 ], [ 120.795030791000045, 14.363451836000021 ], [ 120.795029799000076, 14.363474532000053 ], [ 120.795029438000043, 14.363482791000024 ], [ 120.795035015000053, 14.363506872000071 ], [ 120.795040784000079, 14.363519679000031 ], [ 120.795045863000041, 14.363530954000053 ], [ 120.795048894000061, 14.363552644000038 ], [ 120.795054343000047, 14.363595422000058 ], [ 120.79505449300008, 14.363636524000068 ], [ 120.795067153000105, 14.363696561000042 ], [ 120.795065644000033, 14.363751556000064 ], [ 120.795069370000064, 14.363789441000057 ], [ 120.795083795000096, 14.363837732000036 ], [ 120.795094565000099, 14.363861902000053 ], [ 120.795103597000107, 14.363891280000075 ], [ 120.795109188000083, 14.363943203000076 ], [ 120.795109221000075, 14.363965685000039 ], [ 120.795103933000064, 14.363995109000026 ], [ 120.79510399000003, 14.364034914000058 ], [ 120.795105805000048, 14.364060874000071 ], [ 120.795102287000091, 14.364086866000038 ], [ 120.795102387000028, 14.364157903000036 ], [ 120.795098883000037, 14.364196065000044 ], [ 120.795098917000018, 14.364220345000032 ], [ 120.795095370000013, 14.364229042000034 ], [ 120.795091835000093, 14.36424641600007 ], [ 120.795079406000013, 14.364272542000041 ], [ 120.795074072000034, 14.364279527000063 ], [ 120.795065173000012, 14.364286542000057 ], [ 120.795058049000104, 14.364290071000026 ], [ 120.795045573000053, 14.36429190600006 ], [ 120.795029519000096, 14.364288558000057 ], [ 120.795009873000026, 14.364269594000062 ], [ 120.794959836000075, 14.364231716000061 ], [ 120.794934797000124, 14.364216238000036 ], [ 120.79492942800006, 14.364211057000034 ], [ 120.794890045000102, 14.364188699000065 ], [ 120.794875714000113, 14.364178349000039 ], [ 120.794861378000078, 14.364171476000024 ], [ 120.794848830000092, 14.364168070000067 ], [ 120.794830897000111, 14.364168176000019 ], [ 120.794823720000082, 14.364171701000032 ], [ 120.794818337000038, 14.364178698000046 ], [ 120.794814746000043, 14.364187428000038 ], [ 120.794812949000047, 14.364215310000079 ], [ 120.794814742000099, 14.364234464000051 ], [ 120.794821921000107, 14.364276238000057 ], [ 120.794821920000118, 14.364295414000022 ], [ 120.794823715000021, 14.364305860000059 ], [ 120.794845261000106, 14.364398108000049 ], [ 120.794848852000101, 14.364408541000046 ], [ 120.79487039300011, 14.364443222000034 ], [ 120.794882953000069, 14.364455305000037 ], [ 120.794899096000108, 14.364467347000073 ], [ 120.79491881200012, 14.364470625000026 ], [ 120.794963574000022, 14.364470147000075 ], [ 120.794993969000075, 14.364461114000052 ], [ 120.795022539000101, 14.364445145000047 ], [ 120.795043939000024, 14.364425786000028 ], [ 120.795056406000086, 14.364408269000021 ], [ 120.795067094000046, 14.364399471000066 ], [ 120.795079564000048, 14.364394137000032 ], [ 120.79509559600001, 14.364392247000067 ], [ 120.795106283000109, 14.364393883000044 ], [ 120.795147228, 14.36440564900005 ], [ 120.795165024000099, 14.364415894000048 ], [ 120.795181039000113, 14.364427887000035 ], [ 120.795195265000075, 14.364436423000029 ], [ 120.795204150000032, 14.364439804000028 ], [ 120.795237884000016, 14.36444813200006 ], [ 120.795253847000026, 14.364449701000066 ], [ 120.795296913000016, 14.364472624000026 ], [ 120.795316486000047, 14.364491603000033 ], [ 120.79532537800003, 14.364498499000032 ], [ 120.795330709000041, 14.364500217000053 ], [ 120.795353799000054, 14.364505355000063 ], [ 120.795375083000053, 14.364508759000042 ], [ 120.795383937000111, 14.364508735000069 ], [ 120.795438747000048, 14.364499965000048 ], [ 120.79545110200003, 14.364496486000068 ], [ 120.795488149000121, 14.36449639500006 ], [ 120.795500488000016, 14.364498087000076 ], [ 120.795519872000114, 14.364503203000023 ], [ 120.795537486000057, 14.364510040000029 ], [ 120.795572687000131, 14.364527142000043 ], [ 120.795630651000025, 14.364549296000062 ], [ 120.795674484000074, 14.364568024000048 ], [ 120.795727049000106, 14.364608986000063 ], [ 120.795750703000067, 14.36463737400004 ], [ 120.795762248000059, 14.364641602000063 ], [ 120.795793927000091, 14.36465835900003 ], [ 120.795809720000094, 14.364670841000073 ], [ 120.795812575000014, 14.364674980000075 ], [ 120.795819762000065, 14.364679155000033 ], [ 120.795852694, 14.364712329000044 ], [ 120.795856948000065, 14.364721958000073 ], [ 120.795858320000079, 14.364731566000044 ], [ 120.795852482000114, 14.364741125000023 ], [ 120.795840888000029, 14.364747904000071 ], [ 120.795832163000114, 14.364756081000051 ], [ 120.795827767000105, 14.364764292000073 ], [ 120.795826237000028, 14.364775273000078 ], [ 120.795827608000081, 14.364784901000061 ], [ 120.795833240000107, 14.364804177000048 ], [ 120.795850318000021, 14.364838641000055 ], [ 120.795863153000013, 14.364860706000057 ], [ 120.795880346000118, 14.36487865600003 ], [ 120.795899028, 14.36488834900007 ], [ 120.795914870000047, 14.364889776000043 ], [ 120.795945128000085, 14.364884379000042 ], [ 120.795950904000051, 14.364880278000046 ], [ 120.795981145000042, 14.364866664000033 ], [ 120.796001253000099, 14.364861258000074 ], [ 120.796038483000075, 14.364861407000033 ], [ 120.796061290000011, 14.364865584000027 ], [ 120.796095403000095, 14.364868386000071 ], [ 120.796113848000118, 14.364875262000055 ], [ 120.796116663, 14.364882109000066 ], [ 120.796109511000054, 14.36489441700007 ], [ 120.796062458000051, 14.364921754000024 ], [ 120.796056745000101, 14.364925861000073 ], [ 120.796051004000091, 14.364935455000021 ], [ 120.796046626, 14.364953284000022 ], [ 120.79604656700009, 14.364965638000054 ], [ 120.79604796600006, 14.364972505000022 ], [ 120.796052223000061, 14.364979375000075 ], [ 120.796076398000082, 14.364988995000033 ], [ 120.796106289000022, 14.364990377000023 ], [ 120.796116255, 14.364989007000078 ], [ 120.796146172000022, 14.364973928000037 ], [ 120.796166078000041, 14.364969824000072 ], [ 120.796187351000071, 14.364979430000059 ], [ 120.796201522000047, 14.364989031000047 ], [ 120.796218511, 14.365005486000031 ], [ 120.796232663000069, 14.365021942000055 ], [ 120.796296376000114, 14.365082276000065 ], [ 120.796337437000034, 14.36511654800006 ], [ 120.796361499000099, 14.365145350000034 ], [ 120.796371404000084, 14.365165940000056 ], [ 120.796375645000012, 14.365185174000032 ], [ 120.796375628000078, 14.365230572000028 ], [ 120.796378458000049, 14.36524708500002 ], [ 120.796392625000067, 14.365295259000051 ], [ 120.79640538600006, 14.36531175600004 ], [ 120.796423820000101, 14.365328263000038 ], [ 120.796436581000094, 14.365335120000056 ], [ 120.796490442000064, 14.365356999000026 ], [ 120.796504615000131, 14.365365229000073 ], [ 120.796521641000041, 14.365383128000072 ], [ 120.796534432000044, 14.365403821000031 ], [ 120.796552903000034, 14.365428649000023 ], [ 120.796569996000031, 14.365461817000032 ], [ 120.796594157000072, 14.365488028000073 ], [ 120.79663249400005, 14.365516932000048 ], [ 120.796648104000042, 14.365526548000052 ], [ 120.796686370000103, 14.365541561000047 ], [ 120.796720347000019, 14.365551042000048 ], [ 120.796728849000047, 14.365555147000062 ], [ 120.796743044000081, 14.365567527000049 ], [ 120.796751583000074, 14.365579939000044 ], [ 120.79675450600007, 14.365595199000039 ], [ 120.796757373000105, 14.365602120000059 ], [ 120.796760327, 14.365621566000078 ], [ 120.79676042500013, 14.365635489000057 ], [ 120.796763343000066, 14.36564938300006 ], [ 120.796767633000059, 14.365657690000031 ], [ 120.796780446000085, 14.365674251000032 ], [ 120.796803150000073, 14.365693470000055 ], [ 120.7968470080001, 14.365716573000043 ], [ 120.796854057000019, 14.365717868000045 ], [ 120.796905714000118, 14.365710442000021 ], [ 120.796943805000055, 14.365721489000068 ], [ 120.796950870000046, 14.36572561400004 ], [ 120.796956549000015, 14.365732476000058 ], [ 120.796960884000086, 14.365747561000035 ], [ 120.796960947000116, 14.365755788000058 ], [ 120.796955589000035, 14.365791466000077 ], [ 120.796957112000101, 14.365806580000026 ], [ 120.79696286300009, 14.36582170200006 ], [ 120.796968562000075, 14.365829953000059 ], [ 120.796979918000048, 14.365840955000067 ], [ 120.796998336000115, 14.365854705000057 ], [ 120.797018121000065, 14.365864324000031 ], [ 120.797026573000039, 14.365865693000043 ], [ 120.797033592000048, 14.365864313000035 ], [ 120.79704615300011, 14.36585468100003 ], [ 120.797060014000053, 14.365835444000027 ], [ 120.797065495000098, 14.365821718000063 ], [ 120.797066657000073, 14.365797032000049 ], [ 120.797060796000082, 14.36577099400006 ], [ 120.797059209000068, 14.365751826000066 ], [ 120.797066095000105, 14.365739524000047 ], [ 120.797073058000038, 14.365735434000044 ], [ 120.797105228000063, 14.365734128000041 ], [ 120.797124828000051, 14.365736897000033 ], [ 120.797144477000074, 14.365745127000027 ], [ 120.797165592000056, 14.365760185000058 ], [ 120.797199593000087, 14.365802587000074 ], [ 120.79722093000008, 14.365835425000055 ], [ 120.797243636000076, 14.365865538000037 ], [ 120.797273316000087, 14.365895650000024 ], [ 120.797298721000061, 14.365918914000078 ], [ 120.797359304000125, 14.365968155000072 ], [ 120.797374857000023, 14.365984578000051 ], [ 120.797418248000099, 14.366017330000027 ], [ 120.797456103000059, 14.366052824000066 ], [ 120.797502318000056, 14.366085538000048 ], [ 120.797503704000064, 14.366084164000029 ], [ 120.797522943000104, 14.366112036000057 ], [ 120.797572417000097, 14.366144875000035 ], [ 120.797589362000053, 14.366151715000052 ], [ 120.797619008000083, 14.366179044000035 ], [ 120.797634533000078, 14.366196801000058 ], [ 120.797652875000054, 14.36621182500005 ], [ 120.797665571000039, 14.366226844000037 ], [ 120.797693777000077, 14.366250050000076 ], [ 120.797707876000104, 14.366259602000071 ], [ 120.797782556000016, 14.366331891000069 ], [ 120.79780086300002, 14.366348247000076 ], [ 120.797829018000016, 14.366368681000043 ], [ 120.797897954000078, 14.366435413000032 ], [ 120.797921855000027, 14.366454461000043 ], [ 120.797940128000064, 14.366472150000048 ], [ 120.797947154000113, 14.366476227000021 ], [ 120.797971040000121, 14.366497987000056 ], [ 120.797985087000043, 14.366507499000022 ], [ 120.798059493000096, 14.366572723000047 ], [ 120.798065105000077, 14.366575433000037 ], [ 120.798090356000088, 14.36659579600007 ], [ 120.798107186000053, 14.366613452000022 ], [ 120.798130929000081, 14.366632341000066 ], [ 120.798149058000035, 14.366649880000068 ], [ 120.798172746000077, 14.366676875000048 ], [ 120.798195164000035, 14.366697223000074 ], [ 120.79821775500011, 14.366725922000057 ], [ 120.798264300000042, 14.366777838000077 ], [ 120.798373949000066, 14.366866367000057 ], [ 120.798396527000037, 14.366889607000072 ], [ 120.79841474400007, 14.366900444000064 ], [ 120.798437721000042, 14.366921459000025 ], [ 120.798460195000075, 14.366939152000043 ], [ 120.798500963000038, 14.366964996000036 ], [ 120.798547320000011, 14.36700037600002 ], [ 120.798578209000098, 14.367030341000033 ], [ 120.798689214000078, 14.367116098000054 ], [ 120.798791863000019, 14.36721566200004 ], [ 120.798848073000059, 14.367263253000031 ], [ 120.798870534000116, 14.367279526000058 ], [ 120.798895822000077, 14.367302645000052 ], [ 120.798935092000093, 14.367329723000068 ], [ 120.798960345000054, 14.367350075000047 ], [ 120.798986940000091, 14.367364888000051 ], [ 120.799016398000049, 14.367386601000021 ], [ 120.799051648000059, 14.367426256000041 ], [ 120.799086850000094, 14.367460390000078 ], [ 120.799140277000106, 14.367505347000074 ], [ 120.799164119000011, 14.367521619000058 ], [ 120.799184594000053, 14.367525236000061 ], [ 120.799207065000019, 14.367544271000042 ], [ 120.799236553000014, 14.367562003000046 ], [ 120.799275867, 14.36759193600005 ], [ 120.79928990000009, 14.367600117000052 ], [ 120.799305348000075, 14.367613708000023 ], [ 120.799336273000094, 14.367646305000047 ], [ 120.799355931000051, 14.367661272000076 ], [ 120.799371409000074, 14.367678933000036 ], [ 120.799417760000111, 14.367715668000072 ], [ 120.799458588000093, 14.367759187000047 ], [ 120.799499525000115, 14.36781090900007 ], [ 120.799523485, 14.367835427000045 ], [ 120.799539059000054, 14.367857237000065 ], [ 120.79963778900003, 14.367954065000047 ], [ 120.799671553000053, 14.367979961000056 ], [ 120.799684168000113, 14.367986757000036 ], [ 120.799705269000015, 14.368003111000064 ], [ 120.7997431860001, 14.368028977000053 ], [ 120.799748832000091, 14.368034435000027 ], [ 120.799754428000028, 14.36803714800004 ], [ 120.799782582000034, 14.368060322000076 ], [ 120.799847194000122, 14.368106605000033 ], [ 120.799878139000057, 14.368131130000053 ], [ 120.799904753000078, 14.368147425000075 ], [ 120.799937273000054, 14.368180607000049 ], [ 120.79994571500005, 14.368186064000041 ], [ 120.799976669000117, 14.36821602400005 ], [ 120.800004811, 14.368237833000023 ], [ 120.800034369000059, 14.368265083000042 ], [ 120.800059691000101, 14.368282806000023 ], [ 120.800090659000034, 14.36831006300002 ], [ 120.800106132000124, 14.368320967000043 ], [ 120.800125851000075, 14.368340051000075 ], [ 120.800135696000112, 14.368346865000037 ], [ 120.800173753000081, 14.368385048000048 ], [ 120.80021743500005, 14.368416422000047 ], [ 120.800242865000101, 14.368441004000033 ], [ 120.800254199000065, 14.368454675000059 ], [ 120.800262710000098, 14.368465617000025 ], [ 120.800274110000018, 14.368484789000032 ], [ 120.800279858000067, 14.368498501000035 ], [ 120.800287263000101, 14.368535604000046 ], [ 120.800287412000102, 14.36854937800007 ], [ 120.800282151000033, 14.368582517000052 ], [ 120.800285094000074, 14.368594938000058 ], [ 120.800293706000048, 14.368611485000027 ], [ 120.800316427000098, 14.368632113000045 ], [ 120.800346164000075, 14.368651318000044 ], [ 120.800389956000117, 14.368671813000049 ], [ 120.800440869000113, 14.36870057100003 ], [ 120.800462109, 14.368714288000035 ], [ 120.800469159000045, 14.368717010000069 ], [ 120.800471936, 14.368715599000041 ], [ 120.800488623000092, 14.368728724000048 ], [ 120.800515485, 14.368739729000026 ], [ 120.800545141000057, 14.368749402000047 ], [ 120.800573368000073, 14.368761802000051 ], [ 120.800603013000114, 14.368781015000026 ], [ 120.800643916000013, 14.368804354000078 ], [ 120.800684854000096, 14.36883858800007 ], [ 120.800704595000084, 14.36885228900007 ], [ 120.800725772000064, 14.368871449000045 ], [ 120.800758194000082, 14.368894725000077 ], [ 120.800768037, 14.368898839000053 ], [ 120.800777910000093, 14.368907048000038 ], [ 120.800800521000042, 14.368931665000048 ], [ 120.800804913000093, 14.368954905000066 ], [ 120.800803691000041, 14.368976793000062 ], [ 120.800796846000026, 14.368997332000051 ], [ 120.80079132100002, 14.369008296000061 ], [ 120.800770489000115, 14.369038490000037 ], [ 120.800760699000094, 14.369045367000073 ], [ 120.800743945000022, 14.369063254000025 ], [ 120.800727269000063, 14.369096311000021 ], [ 120.800724622000061, 14.369122499000072 ], [ 120.800727562000034, 14.36914042000007 ], [ 120.800730402000099, 14.369143170000029 ], [ 120.800737558000037, 14.369158327000035 ], [ 120.800748927000086, 14.369170712000027 ], [ 120.800767347000033, 14.369183070000071 ], [ 120.800785740000038, 14.369192663000034 ], [ 120.800856185000029, 14.369203410000067 ], [ 120.800877357000118, 14.369207485000057 ], [ 120.800907014000032, 14.36921567300004 ], [ 120.800925313000107, 14.369215617000064 ], [ 120.800970191000033, 14.36920445700002 ], [ 120.800984225000093, 14.369203039000073 ], [ 120.800991248000059, 14.369203019000055 ], [ 120.801010956000027, 14.369207093000059 ], [ 120.801033515000071, 14.369215287000033 ], [ 120.80105754300007, 14.369228983000029 ], [ 120.801081663000105, 14.369249566000065 ], [ 120.801094397000028, 14.36925778900007 ], [ 120.801122647000057, 14.369272846000058 ], [ 120.801142386000038, 14.369281041000018 ], [ 120.8011678270001, 14.369296105000045 ], [ 120.801187732, 14.369315331000051 ], [ 120.801211796000089, 14.369331781000028 ], [ 120.80124288, 14.369349579000069 ], [ 120.801268223000079, 14.369359118000036 ], [ 120.801298469000017, 14.369377564000047 ], [ 120.80131826100002, 14.369394004000071 ], [ 120.801342319000028, 14.369409079000036 ], [ 120.801346558000091, 14.369413190000044 ], [ 120.801377701000092, 14.369429637000055 ], [ 120.801394676000086, 14.369441969000038 ], [ 120.801418737000063, 14.369454302000063 ], [ 120.801438543000017, 14.369468004000051 ], [ 120.801469672000067, 14.369485815000072 ], [ 120.80148522200011, 14.369505006000054 ], [ 120.801505015000089, 14.369536556000069 ], [ 120.801514911000012, 14.369561270000077 ], [ 120.80151915700003, 14.369566762000034 ], [ 120.801536149000071, 14.369580483000048 ], [ 120.801557389000095, 14.369592821000026 ], [ 120.801572963000027, 14.369596918000068 ], [ 120.801595600000056, 14.369595500000058 ], [ 120.801606919000065, 14.369599603000037 ], [ 120.801623911000092, 14.369616068000031 ], [ 120.801630987000053, 14.369620179000039 ], [ 120.801677735000112, 14.369666855000045 ], [ 120.801781148000018, 14.369747832000035 ], [ 120.801813780000074, 14.369780824000028 ], [ 120.801852170000075, 14.369830393000028 ], [ 120.801869218000107, 14.369848288000073 ], [ 120.801886372000013, 14.369881418000032 ], [ 120.801929144000027, 14.369940770000026 ], [ 120.801939110000049, 14.369951807000062 ], [ 120.801950049000069, 14.369961704000046 ], [ 120.801960436000059, 14.369971100000042 ], [ 120.801983142000026, 14.369986219000056 ], [ 120.802005885000085, 14.370005506000039 ], [ 120.802035683000099, 14.370024743000043 ], [ 120.802061294000069, 14.370048186000076 ], [ 120.802068384000094, 14.370052303000023 ], [ 120.802092578000028, 14.37007437100004 ], [ 120.802099669000086, 14.370078488000045 ], [ 120.802135234000062, 14.370108821000031 ], [ 120.802157262000051, 14.37014217600006 ], [ 120.802221321000047, 14.370201263000066 ], [ 120.802237016000049, 14.370220542000027 ], [ 120.802251327, 14.370249491000038 ], [ 120.802271349000094, 14.370281239000063 ], [ 120.802307081000109, 14.370325457000039 ], [ 120.802319920000073, 14.370336509000026 ], [ 120.802335668000083, 14.370357260000052 ], [ 120.802345710000054, 14.370372491000071 ], [ 120.802364442000112, 14.370408548000055 ], [ 120.802406123000083, 14.370468236000017 ], [ 120.802410491000046, 14.370479378000026 ], [ 120.802429236000094, 14.370508598000068 ], [ 120.802433599000096, 14.370518361000048 ], [ 120.802484119000042, 14.37059224200004 ], [ 120.802534508, 14.370649378000053 ], [ 120.802553167000042, 14.370666061000065 ], [ 120.802586371000089, 14.370706561000075 ], [ 120.80259366000007, 14.37071918400005 ], [ 120.802618247000055, 14.370749958000033 ], [ 120.802655675000096, 14.370786213000027 ], [ 120.802662817000055, 14.370790348000073 ], [ 120.802732799000069, 14.370870092000072 ], [ 120.802751447000091, 14.370886815000059 ], [ 120.802774409000122, 14.370913242000025 ], [ 120.802805948000014, 14.370942477000028 ], [ 120.802815993000095, 14.37095498700006 ], [ 120.802840424, 14.370992497000033 ], [ 120.802850457000105, 14.371002235000047 ], [ 120.802874856000017, 14.371032816000024 ], [ 120.802935099000024, 14.371085638000068 ], [ 120.802981192000061, 14.371117617000035 ], [ 120.803053356000078, 14.371171924000066 ], [ 120.803069317000094, 14.371190055000055 ], [ 120.80310848000012, 14.371229148000056 ], [ 120.803150573000039, 14.371268297000025 ], [ 120.803160784000056, 14.371280897000076 ], [ 120.803187200000025, 14.371322958000063 ], [ 120.803213521000103, 14.371355246000064 ], [ 120.803223746000086, 14.371366485000065 ], [ 120.803242645000068, 14.37138052900008 ], [ 120.803263057000095, 14.371398805000066 ], [ 120.803276247000085, 14.371414287000052 ], [ 120.803283668000063, 14.371428382000033 ], [ 120.803323355000074, 14.371477746000039 ], [ 120.803335134, 14.371494678000035 ], [ 120.803367147000017, 14.371531221000055 ], [ 120.803386027000101, 14.371548081000071 ], [ 120.803417968000076, 14.371574777000033 ], [ 120.803487468000057, 14.371612641000066 ], [ 120.803510698000082, 14.371630910000022 ], [ 120.803632041000029, 14.371708787000042 ], [ 120.803661081000087, 14.371729860000073 ], [ 120.803675615000088, 14.371742509000057 ], [ 120.803697405000108, 14.371756568000022 ], [ 120.80373230400005, 14.371783295000059 ], [ 120.803743983000132, 14.37180018600003 ], [ 120.803748388000045, 14.37181145100004 ], [ 120.803748495000036, 14.371832583000071 ], [ 120.803745622000079, 14.371838220000026 ], [ 120.803739932000099, 14.37186077700005 ], [ 120.803731316000054, 14.371879114000023 ], [ 120.803716995000045, 14.371920051000076 ], [ 120.803709793000067, 14.371932765000052 ], [ 120.803699740000084, 14.371958204000066 ], [ 120.803694028000123, 14.37198083100003 ], [ 120.803692630000114, 14.371993564000032 ], [ 120.803692727000112, 14.372016211000073 ], [ 120.803713149000018, 14.372031787000024 ], [ 120.803726255000029, 14.372036035000065 ], [ 120.803746618000119, 14.372037450000052 ], [ 120.803753888000074, 14.372037449000059 ], [ 120.803766945000021, 14.372031782000018 ], [ 120.803775615000077, 14.372021867000054 ], [ 120.803801500000077, 14.371972335000063 ], [ 120.80382297900006, 14.371920041000065 ], [ 120.803834447000099, 14.371896038000045 ], [ 120.803847376000022, 14.371874871000045 ], [ 120.80385736900007, 14.371849486000032 ], [ 120.803865989000101, 14.371836800000038 ], [ 120.803868834, 14.371828344000049 ], [ 120.803888953000083, 14.37180158100006 ], [ 120.803906209000047, 14.371781872000044 ], [ 120.803927865000105, 14.371770613000026 ], [ 120.80395822900006, 14.371762170000068 ], [ 120.803971258000047, 14.371760762000063 ], [ 120.804017634000033, 14.371762165000064 ], [ 120.804049560000053, 14.371767789000046 ], [ 120.804110459000086, 14.371772004000038 ], [ 120.804167046000089, 14.371779034000038 ], [ 120.804200378000033, 14.371779031000074 ], [ 120.804235191000089, 14.371781842000075 ], [ 120.804306139000133, 14.371791649000043 ], [ 120.804379106000056, 14.371792862000062 ], [ 120.804426313000022, 14.371798358000037 ], [ 120.804469270000041, 14.371809480000021 ], [ 120.804492202, 14.37181784200004 ], [ 120.804526073000034, 14.37183458700002 ], [ 120.804587991000062, 14.371852931000031 ], [ 120.804616783000014, 14.371864181000031 ], [ 120.80464265600007, 14.371869838000066 ], [ 120.804704371000071, 14.371893763000056 ], [ 120.804754559000131, 14.371927409000019 ], [ 120.804786335000017, 14.37196093600005 ], [ 120.804809374000129, 14.371981904000048 ], [ 120.8048385190001, 14.372023789000028 ], [ 120.804842846000042, 14.37202798300007 ], [ 120.80485476, 14.372057314000074 ], [ 120.804863474000058, 14.372071298000037 ], [ 120.804867952000123, 14.37209087700006 ], [ 120.804869635000045, 14.372117463000048 ], [ 120.804859984000032, 14.372156683000073 ], [ 120.804850166000051, 14.372179121000045 ], [ 120.804847403000068, 14.372190344000046 ], [ 120.804847468000048, 14.372197358000053 ], [ 120.804853514000129, 14.372231035000027 ], [ 120.80486090700002, 14.372254898000051 ], [ 120.804869683000106, 14.372273145000069 ], [ 120.804875607000085, 14.372292811000021 ], [ 120.804877230000102, 14.372312495000076 ], [ 120.804873182000065, 14.372339244000045 ], [ 120.804867601000083, 14.37235615900005 ], [ 120.804862096000093, 14.37238153900006 ], [ 120.804860884000064, 14.372405512000054 ], [ 120.804871437000088, 14.372457681000071 ], [ 120.804878853000105, 14.372481656000046 ], [ 120.804886177000085, 14.372495749000048 ], [ 120.804894912, 14.372507010000051 ], [ 120.80490359100007, 14.372512617000043 ], [ 120.804919440000049, 14.372516772000036 ], [ 120.804930873000089, 14.37251105800004 ] ] ] } },
{ "type": "Feature", "properties": { "adm1_psgc": 400000000, "adm2_psgc": 402100000, "adm3_psgc": 402120000, "adm4_psgc": 402120008, "adm4_en": "Capipisa", "geo_level": "Bgy", "len_crs": 7595, "area_crs": 2335474, "len_km": 7, "area_km2": 2.0 }, "geometry": { "type": "Polygon", "coordinates": [ [ [ 120.794961264000094, 14.363360948000034 ], [ 120.795010040000093, 14.363336908000067 ], [ 120.795024070000082, 14.363338609000037 ], [ 120.795029361000061, 14.363340323000045 ], [ 120.795037402000062, 14.363311607000071 ], [ 120.795275940000025, 14.362998478000062 ], [ 120.795449652000116, 14.362867727000037 ], [ 120.795801405000034, 14.362602966000056 ], [ 120.795985947000077, 14.362429497000051 ], [ 120.796118817000078, 14.362226500000077 ], [ 120.796218470000113, 14.361894325000037 ], [ 120.796264527000048, 14.361276974000075 ], [ 120.796277523000086, 14.361004833000038 ], [ 120.796358722000022, 14.360783383000065 ], [ 120.796543263000103, 14.360491807000074 ], [ 120.796757332000084, 14.360178086000072 ], [ 120.796971401000064, 14.359901273000046 ], [ 120.797181778000109, 14.359539571000028 ], [ 120.797200233000027, 14.359369792000054 ], [ 120.797207614000072, 14.35918894100007 ], [ 120.797262977000074, 14.358923201000037 ], [ 120.797362629000077, 14.358738659000041 ], [ 120.797573007000111, 14.358321594000071 ], [ 120.797776003000081, 14.357786423000048 ], [ 120.79806757900009, 14.357417339000055 ], [ 120.798414518000072, 14.356797278000043 ], [ 120.798621205000018, 14.35647617500007 ], [ 120.798757766000122, 14.356265797000045 ], [ 120.79893492600003, 14.356107091000069 ], [ 120.799348300000034, 14.355955767000069 ], [ 120.799543915000072, 14.355889332000061 ], [ 120.799706311000037, 14.355889332000061 ], [ 120.799975743000118, 14.355966840000065 ], [ 120.800123376000101, 14.355926240000027 ], [ 120.800215647000059, 14.355863496000042 ], [ 120.800728673000094, 14.355383687000028 ], [ 120.800883689000102, 14.35518069100004 ], [ 120.801038704, 14.355084729000058 ], [ 120.801142047000099, 14.355106874000056 ], [ 120.801256463000087, 14.355099493000067 ], [ 120.801330280000116, 14.355025676000027 ], [ 120.801330280000116, 14.354922333000045 ], [ 120.801356116000079, 14.354852207000022 ], [ 120.80139671500001, 14.354800535000036 ], [ 120.801422551000101, 14.35480053500004 ], [ 120.801540658000022, 14.354793153000058 ], [ 120.801655074000109, 14.354734100000032 ], [ 120.801703055000075, 14.35467135600004 ], [ 120.80173258100001, 14.35459753900005 ], [ 120.801714127000082, 14.354490505000054 ], [ 120.801615532000028, 14.354250947000025 ], [ 120.801607666000123, 14.354180155000048 ], [ 120.801589312000033, 14.354083143000025 ], [ 120.801676250000028, 14.353983369000048 ], [ 120.801585468000098, 14.353912855000033 ], [ 120.801237088000121, 14.353641893000031 ], [ 120.800966126000063, 14.353428994000069 ], [ 120.799224226000092, 14.352112892000036 ], [ 120.798593602000096, 14.351626565000062 ], [ 120.798591439, 14.351624896000033 ], [ 120.798428440000052, 14.35149919300005 ], [ 120.797692792000021, 14.350932613000056 ], [ 120.797550085000012, 14.350836871000066 ], [ 120.795724474000053, 14.349451416000019 ], [ 120.795657028000051, 14.349392514000042 ], [ 120.794116929000111, 14.348206460000034 ], [ 120.79400270500004, 14.348119128000064 ], [ 120.793417688000105, 14.347684243000062 ], [ 120.79313542400007, 14.347378855000041 ], [ 120.792913173000102, 14.347100067000042 ], [ 120.792754390000042, 14.346828091000074 ], [ 120.792558285000041, 14.346405923000074 ], [ 120.792381247000094, 14.345880255000054 ], [ 120.792284922000022, 14.345483793000026 ], [ 120.792247761000127, 14.345251384000051 ], [ 120.792056081000055, 14.345270552000045 ], [ 120.791906534000091, 14.345310431000028 ], [ 120.791647320000052, 14.34535031000007 ], [ 120.791358196000047, 14.345440038000048 ], [ 120.790949435000016, 14.345589585000029 ], [ 120.790700190000067, 14.34564940400003 ], [ 120.790530704000062, 14.345709222000036 ], [ 120.79027148900002, 14.345788981000055 ], [ 120.79001227500008, 14.345878709000033 ], [ 120.78981287900001, 14.345968437000064 ], [ 120.78954369500002, 14.346088074000022 ], [ 120.789334329000098, 14.346227651000053 ], [ 120.788995356000115, 14.346327349000036 ], [ 120.788566656000057, 14.34649683600003 ], [ 120.788267562000101, 14.346486866000074 ], [ 120.788018317000024, 14.346496836000027 ], [ 120.787928589000089, 14.346247591000067 ], [ 120.787928589000089, 14.346028256000068 ], [ 120.787968469, 14.345798951000059 ], [ 120.788127985000074, 14.345519797000067 ], [ 120.788267562000101, 14.345360280000023 ], [ 120.788337351000123, 14.345081126000025 ], [ 120.788347320000085, 14.344841851000067 ], [ 120.788247623000089, 14.344632486000023 ], [ 120.788088106000046, 14.344542758000046 ], [ 120.787838861000068, 14.344582637000029 ], [ 120.787739163000083, 14.344732183000074 ], [ 120.787549738000052, 14.344841851000071 ], [ 120.787370281000094, 14.345001368000052 ], [ 120.787131007000099, 14.345111035000055 ], [ 120.786901701000033, 14.345200763000033 ], [ 120.786592638000116, 14.345310431000028 ], [ 120.786373303000119, 14.345430068000043 ], [ 120.786143998000057, 14.345549706000041 ], [ 120.785792563000086, 14.345634449000045 ], [ 120.785284104000084, 14.345679313000064 ], [ 120.784820509000042, 14.34567931300006 ], [ 120.784593542000039, 14.345728664000035 ], [ 120.784476551000012, 14.345754087000046 ], [ 120.784117639000115, 14.345813905000055 ], [ 120.783773681000071, 14.345858769000074 ], [ 120.783489542000098, 14.345903633000033 ], [ 120.782996038000078, 14.345993361000067 ], [ 120.78248757900009, 14.346127954000053 ], [ 120.781889392000039, 14.346427047000075 ], [ 120.78160525300008, 14.346636413000052 ], [ 120.781406875000016, 14.346933978000036 ], [ 120.781511931000068, 14.347005 ], [ 120.781525776000095, 14.347010931000053 ], [ 120.78156721400002, 14.347034675000033 ], [ 120.781635131000016, 14.347068661000034 ], [ 120.781623447000015, 14.347084712000024 ], [ 120.781620449000116, 14.347094753000018 ], [ 120.781620415000035, 14.347100477000028 ], [ 120.781615943000034, 14.347111951000043 ], [ 120.781577365000089, 14.347196404000043 ], [ 120.78152579100005, 14.347286235000071 ], [ 120.781505204000055, 14.347328846000039 ], [ 120.781479137000019, 14.347373768000068 ], [ 120.781461758000091, 14.34741171000007 ], [ 120.781437095000115, 14.347448263000043 ], [ 120.78142256600006, 14.34747502300007 ], [ 120.781387655000131, 14.347549758000072 ], [ 120.781355626000064, 14.347607617000049 ], [ 120.781345429000098, 14.347630208000055 ], [ 120.781327943000065, 14.347654221000028 ], [ 120.781308991000046, 14.347696612000052 ], [ 120.781282734000115, 14.347739034000027 ], [ 120.781262300000094, 14.347767337000056 ], [ 120.781257912000115, 14.347777266000035 ], [ 120.781231499000128, 14.347811557000055 ], [ 120.781224149000082, 14.347818731000068 ], [ 120.781200635000118, 14.347823186000028 ], [ 120.781166710000107, 14.347840590000034 ], [ 120.781157824000061, 14.347849244000029 ], [ 120.78114297500008, 14.347867986000042 ], [ 120.7811385010001, 14.347876626000071 ], [ 120.781136984000113, 14.347885243000061 ], [ 120.781136840000045, 14.347918254000035 ], [ 120.781132293000041, 14.347941306000052 ], [ 120.781118832000061, 14.347964510000052 ], [ 120.781088921000105, 14.347996662000073 ], [ 120.781075663000024, 14.34801302900007 ], [ 120.78104378500008, 14.348052383000034 ], [ 120.781016673000067, 14.348071725000064 ], [ 120.78100004100007, 14.348086567000049 ], [ 120.780975820000108, 14.348104495000028 ], [ 120.780966739000064, 14.348109041000042 ], [ 120.780950022000084, 14.348122501000034 ], [ 120.780930353000031, 14.348134458000061 ], [ 120.780916833000092, 14.348141816000066 ], [ 120.780877920000066, 14.348154992000049 ], [ 120.780857003000051, 14.348165147000028 ], [ 120.780846525000015, 14.348168079000057 ], [ 120.780830093000077, 14.348176776000061 ], [ 120.780801743000097, 14.348195568000049 ], [ 120.780776425000127, 14.348217198000043 ], [ 120.780758637000076, 14.348240195000074 ], [ 120.780743737000066, 14.348251736000066 ], [ 120.780691464000029, 14.34828071000004 ], [ 120.780687139000079, 14.348296444000024 ], [ 120.780688726000122, 14.348303563000057 ], [ 120.780691831000013, 14.348312094000047 ], [ 120.780696420000027, 14.348319182000065 ], [ 120.780702493000035, 14.348324830000021 ], [ 120.780717505000112, 14.348324700000035 ], [ 120.780729449000106, 14.34831889700007 ], [ 120.780742846000066, 14.34830880800007 ], [ 120.780762230000065, 14.348297243000045 ], [ 120.780823464000051, 14.348272507000043 ], [ 120.780844350000066, 14.348262360000032 ], [ 120.780857757000021, 14.348253699000052 ], [ 120.78086671800007, 14.348250777000031 ], [ 120.780902478000044, 14.348229110000032 ], [ 120.780917401000011, 14.348223292000057 ], [ 120.78095168500009, 14.348198711000064 ], [ 120.780998195000052, 14.348173559000033 ], [ 120.781010227000024, 14.348173311000041 ], [ 120.781028326000069, 14.34819294300007 ], [ 120.781045373000083, 14.348197688000029 ], [ 120.781052735000117, 14.348194910000071 ], [ 120.781061581000031, 14.348186378000038 ], [ 120.781068939000093, 14.348182159000029 ], [ 120.781074813000046, 14.348182251000029 ], [ 120.781082131000076, 14.348188141000037 ], [ 120.781085045000054, 14.348193958000026 ], [ 120.781085015000045, 14.348202616000041 ], [ 120.781068818000108, 14.348219694000019 ], [ 120.781061458000067, 14.348225362000049 ], [ 120.7810364380001, 14.348235121000071 ], [ 120.78103200000011, 14.348239411000064 ], [ 120.781024619000064, 14.348242223000055 ], [ 120.780992076000089, 14.348263588000069 ], [ 120.78097579700011, 14.348272108000057 ], [ 120.780944695000017, 14.348284834000026 ], [ 120.780935774000113, 14.348290595000032 ], [ 120.78088672100013, 14.348313591000023 ], [ 120.780856982000046, 14.348329419000034 ], [ 120.780851031000097, 14.348335192000038 ], [ 120.780824263000113, 14.34834958400006 ], [ 120.780797491000058, 14.348366872000044 ], [ 120.780793030000041, 14.348372647000076 ], [ 120.780769232000026, 14.34838560300005 ], [ 120.780751379000094, 14.34839279000005 ], [ 120.780746992000118, 14.348395932000072 ], [ 120.780717170000116, 14.348417294000054 ], [ 120.780703777000099, 14.348423047000033 ], [ 120.780684416000085, 14.348425897000029 ], [ 120.780678444000046, 14.348421546000054 ], [ 120.780669454000076, 14.348404163000053 ], [ 120.780654487000106, 14.348386748000054 ], [ 120.780625986000018, 14.348347517000036 ], [ 120.780612549000011, 14.348351829000023 ], [ 120.780599121000023, 14.348359045000054 ], [ 120.780599138000071, 14.348363398000057 ], [ 120.780629183000102, 14.348408410000047 ], [ 120.780656131000114, 14.348438852000069 ], [ 120.780671093000024, 14.348460555000033 ], [ 120.780677062000109, 14.348464898000028 ], [ 120.78068152700007, 14.348463461000049 ], [ 120.780697880000048, 14.348451936000064 ], [ 120.78071572500005, 14.348441859000046 ], [ 120.780723162000086, 14.34843898400004 ], [ 120.780745463000031, 14.348424583000053 ], [ 120.780770305000033, 14.348411856000038 ], [ 120.780770739000104, 14.34841163400006 ], [ 120.78077966, 14.348408764000055 ], [ 120.780804930000059, 14.348390036000065 ], [ 120.780827227000032, 14.348379974000068 ], [ 120.780843569, 14.348381464000052 ], [ 120.780855447000036, 14.348385832000073 ], [ 120.780868794000071, 14.348398867000068 ], [ 120.780891029000017, 14.348410469000044 ], [ 120.780922135000097, 14.348420637000061 ], [ 120.780932480000047, 14.348430751000022 ], [ 120.780936901000032, 14.348439405000024 ], [ 120.780935404000061, 14.348446605000053 ], [ 120.780932436000072, 14.348449480000058 ], [ 120.780927992000116, 14.348450912000036 ], [ 120.780904301000064, 14.34845086800004 ], [ 120.780899847000114, 14.348456623000057 ], [ 120.780898351000019, 14.348465261000058 ], [ 120.780899800000043, 14.348483976000065 ], [ 120.780895345000076, 14.34849260200002 ], [ 120.780892522000045, 14.348495337000029 ], [ 120.780890897000063, 14.348496911000039 ], [ 120.780864238000035, 14.348499756000026 ], [ 120.780853864000051, 14.348504060000037 ], [ 120.780839036000089, 14.348519866000062 ], [ 120.780831619000082, 14.348539986000048 ], [ 120.780831612000043, 14.348555789000043 ], [ 120.780836043000022, 14.348578759000077 ], [ 120.780852293000081, 14.348614603000042 ], [ 120.780872955000078, 14.348641797000026 ], [ 120.780883278000047, 14.348651803000049 ], [ 120.780906864000031, 14.348667507000073 ], [ 120.780908315000048, 14.348680361000049 ], [ 120.780903881000086, 14.348686078000071 ], [ 120.780890602000127, 14.348688949000065 ], [ 120.780865507000044, 14.348700403000066 ], [ 120.78085074, 14.348710417000065 ], [ 120.780815302000065, 14.348727644000062 ], [ 120.780793134000078, 14.348742026000025 ], [ 120.780736879000074, 14.348773748000042 ], [ 120.780686419000077, 14.348789747000069 ], [ 120.780635853000049, 14.348817265000037 ], [ 120.780609033000019, 14.348828901000047 ], [ 120.780603069000108, 14.348833247000069 ], [ 120.78055825400007, 14.348850793000057 ], [ 120.780537306000056, 14.348856690000044 ], [ 120.780507342000078, 14.348871302000079 ], [ 120.780498344000065, 14.348878574000029 ], [ 120.780483338000053, 14.348887335000027 ], [ 120.780468321000058, 14.348893218000059 ], [ 120.780444270000075, 14.348900617000027 ], [ 120.78039608000006, 14.348908215000053 ], [ 120.780388540000089, 14.348905383000044 ], [ 120.780362883000066, 14.348867968000036 ], [ 120.780347774, 14.348859388000051 ], [ 120.780340216000013, 14.348857990000052 ], [ 120.780314496000088, 14.348866851000027 ], [ 120.780308439000024, 14.348872687000041 ], [ 120.780299350000078, 14.348877097000068 ], [ 120.780290258000022, 14.348884409000052 ], [ 120.78027661100009, 14.348897556000054 ], [ 120.780261437000021, 14.348906374000023 ], [ 120.780255394000051, 14.348907855000052 ], [ 120.780237362000094, 14.348906440000064 ], [ 120.780229847000086, 14.348907905000031 ], [ 120.780222332000122, 14.348922429000025 ], [ 120.7802208290001, 14.348931137000019 ], [ 120.7802208290001, 14.348960154000055 ], [ 120.780226841000058, 14.348983354000039 ], [ 120.780231349000019, 14.348996400000036 ], [ 120.780244874000104, 14.349025379000068 ], [ 120.780250885000086, 14.349031165000039 ], [ 120.780264472000113, 14.349039779000067 ], [ 120.780273576000013, 14.349041127000078 ], [ 120.780296319000058, 14.349026381000042 ], [ 120.780297834000052, 14.349019120000037 ], [ 120.780302379000105, 14.349014724000027 ], [ 120.780306923, 14.349014677000069 ], [ 120.780319035000048, 14.349027584000057 ], [ 120.780322062000096, 14.349044930000044 ], [ 120.780325089000044, 14.34905068800003 ], [ 120.780329628000118, 14.34905498000006 ], [ 120.780335678000029, 14.349057806000074 ], [ 120.780346261000091, 14.349059130000059 ], [ 120.780362881000087, 14.349054597000077 ], [ 120.780371941000112, 14.349048706000076 ], [ 120.780387031000018, 14.349026847000061 ], [ 120.780397587000053, 14.349023841000074 ], [ 120.780411151000081, 14.349028030000056 ], [ 120.780418683000121, 14.349027948000069 ], [ 120.780432233000056, 14.349022024000025 ], [ 120.780439756000092, 14.349008948000064 ], [ 120.780436747000067, 14.34897865400006 ], [ 120.780438252000081, 14.348968531000027 ], [ 120.780447278000096, 14.348958341000072 ], [ 120.780475831000103, 14.348940768000032 ], [ 120.780495344000087, 14.348921853000038 ], [ 120.780519333000044, 14.348904363000033 ], [ 120.780547783000088, 14.348894061000063 ], [ 120.780565730000035, 14.348883850000048 ], [ 120.78059411400011, 14.34887213600007 ], [ 120.78062245600006, 14.348857565000063 ], [ 120.780668613000103, 14.348840031000066 ], [ 120.780745780000089, 14.348790886000069 ], [ 120.780782786000032, 14.34877497000002 ], [ 120.78081677800003, 14.34876338100003 ], [ 120.780884639000078, 14.348733187000049 ], [ 120.780912646000061, 14.348727437000035 ], [ 120.780921490000097, 14.348724572000037 ], [ 120.780929602000029, 14.34871956900003 ], [ 120.780940619000035, 14.348730240000068 ], [ 120.780947932000117, 14.348744461000027 ], [ 120.780949373000112, 14.348754418000055 ], [ 120.780947880000085, 14.348764386000029 ], [ 120.7809168980001, 14.348822811000046 ], [ 120.780911017000093, 14.348841381000057 ], [ 120.780906609000098, 14.348862814000029 ], [ 120.780893380000066, 14.348891454000068 ], [ 120.780881614000023, 14.348925813000051 ], [ 120.780871313000048, 14.348948752000068 ], [ 120.780853641000022, 14.348970345000058 ], [ 120.780843325000092, 14.34897758900007 ], [ 120.780830054000035, 14.348980578000067 ], [ 120.780810869000092, 14.348982196000062 ], [ 120.78079314300011, 14.348973784000064 ], [ 120.780742832000101, 14.348937011000034 ], [ 120.780719112000043, 14.348922879000039 ], [ 120.780696849000037, 14.348917325000054 ], [ 120.78068199300003, 14.348910271000019 ], [ 120.780664150000021, 14.348907541000074 ], [ 120.780634378000045, 14.348912087000027 ], [ 120.780607544000091, 14.348918054000023 ], [ 120.78059560600002, 14.34892246600003 ], [ 120.780574697000034, 14.348935590000057 ], [ 120.780553767000015, 14.348953048000052 ], [ 120.78052832100002, 14.348980652000025 ], [ 120.780496843000037, 14.349022772000071 ], [ 120.780463812000107, 14.349082294000027 ], [ 120.780453291000072, 14.349095414000034 ], [ 120.780427716000091, 14.349121735000038 ], [ 120.780406630000016, 14.349137911000071 ], [ 120.780347772000027, 14.349166212000062 ], [ 120.780323574000022, 14.349181040000072 ], [ 120.78030389200002, 14.349198716000043 ], [ 120.780255391000068, 14.349235682000025 ], [ 120.780246375000047, 14.349241521000071 ], [ 120.780237359000012, 14.349244459000026 ], [ 120.780208800000082, 14.349261987000036 ], [ 120.78017722200002, 14.349291144000059 ], [ 120.780151651000111, 14.349320285000029 ], [ 120.780147137000085, 14.349333370000071 ], [ 120.780150146000111, 14.349343517000024 ], [ 120.780163685000062, 14.349344905000066 ], [ 120.780178726000031, 14.349341932000076 ], [ 120.780195267000067, 14.34933314800003 ], [ 120.780216316000079, 14.349318541000059 ], [ 120.780250882000018, 14.349298076000021 ], [ 120.780259915000116, 14.349290761000081 ], [ 120.780282674000091, 14.349264271000038 ], [ 120.78030389200002, 14.349245080000056 ], [ 120.780323574000022, 14.349228830000071 ], [ 120.780344748000061, 14.349216914000065 ], [ 120.780405122000033, 14.349192849000076 ], [ 120.780429221000091, 14.349186709000033 ], [ 120.780447276000018, 14.349183554000032 ], [ 120.780486338000074, 14.349184418000052 ], [ 120.780570213000018, 14.349207640000031 ], [ 120.780653204000046, 14.349247646000039 ], [ 120.780705190000063, 14.349269553000061 ], [ 120.780782174000038, 14.349311607000059 ], [ 120.780854443000052, 14.349346331000048 ], [ 120.780976255000041, 14.349395382000068 ], [ 120.780995266000104, 14.349401150000062 ], [ 120.781024477000074, 14.349414063000042 ], [ 120.781119115000024, 14.349447026000064 ], [ 120.781162640000048, 14.349465567000038 ], [ 120.781198837000034, 14.34948263900003 ], [ 120.781273983, 14.349522341000066 ], [ 120.781307502000118, 14.349546377000021 ], [ 120.781343867000032, 14.349568992000057 ], [ 120.781393497000067, 14.349609985000022 ], [ 120.781440381000039, 14.349656664000062 ], [ 120.781462261000101, 14.349673629000051 ], [ 120.781472515000033, 14.349683534000068 ], [ 120.7814799020001, 14.349693450000071 ], [ 120.781519503000041, 14.349733095000028 ], [ 120.781528331000132, 14.349743014000071 ], [ 120.781534297000022, 14.349752951000026 ], [ 120.781556364000039, 14.349777052000034 ], [ 120.781576795000092, 14.349792613000034 ], [ 120.78159296900003, 14.349809629000045 ], [ 120.781603203000046, 14.349818124000022 ], [ 120.781640087000042, 14.349860716000022 ], [ 120.781686187000091, 14.34990218600006 ], [ 120.781692041000042, 14.349909235000045 ], [ 120.781706649000071, 14.349917774000062 ], [ 120.781749052000023, 14.349954558000032 ], [ 120.781771030000087, 14.349981365000072 ], [ 120.781784203000015, 14.349994092000031 ], [ 120.781804725000043, 14.350018102000032 ], [ 120.781822279000039, 14.350032272000023 ], [ 120.781826682000087, 14.350037921000023 ], [ 120.781839854000069, 14.350049251000026 ], [ 120.78185446800002, 14.35005918700006 ], [ 120.781874965000029, 14.350077594000027 ], [ 120.78188964200001, 14.350094563000029 ], [ 120.781902804000083, 14.350104489000046 ], [ 120.781937847000108, 14.350125794000066 ], [ 120.781974506000111, 14.350162601000019 ], [ 120.781989115000101, 14.350172532000041 ], [ 120.781996464000031, 14.350181024000051 ], [ 120.782008321000049, 14.350202241000035 ], [ 120.782036017000124, 14.35023346300005 ], [ 120.782069436000029, 14.350260432000031 ], [ 120.782082483000053, 14.350267531000043 ], [ 120.782105690000094, 14.35028454600007 ], [ 120.782113004000053, 14.350300123000066 ], [ 120.782115963000038, 14.350311451000039 ], [ 120.782113269000092, 14.350341198000022 ], [ 120.782120662000025, 14.350368125000044 ], [ 120.782129387000055, 14.350378039000073 ], [ 120.78214097700004, 14.350385111000039 ], [ 120.782164182000088, 14.350404917000045 ], [ 120.782194674000039, 14.35043886500006 ], [ 120.782199088000084, 14.350451613000072 ], [ 120.782199152000089, 14.350460121000028 ], [ 120.782196358000078, 14.350471480000063 ], [ 120.78217771300001, 14.350482908000057 ], [ 120.782174881000074, 14.350490020000052 ], [ 120.782169163000034, 14.350497147000054 ], [ 120.782156227000101, 14.350504311000066 ], [ 120.782125928000028, 14.350510141000029 ], [ 120.782120172000077, 14.350514437000069 ], [ 120.782115915000077, 14.350527270000043 ], [ 120.782117417000094, 14.350535805000046 ], [ 120.782121823000011, 14.350545750000038 ], [ 120.782153982000082, 14.350596833000054 ], [ 120.782158397000089, 14.350608202000046 ], [ 120.782164459000114, 14.350648078000059 ], [ 120.782168927000058, 14.350666587000033 ], [ 120.782194079000078, 14.350746305000028 ], [ 120.782207309000114, 14.350776171000064 ], [ 120.78222626, 14.350798821000071 ], [ 120.782233523000045, 14.350804450000053 ], [ 120.782247985000026, 14.350808560000075 ], [ 120.782278141, 14.350795334000056 ], [ 120.782308265000111, 14.350784986000068 ], [ 120.782322613000019, 14.350784803000064 ], [ 120.782329787000108, 14.350787547000037 ], [ 120.782351343000073, 14.350801473000049 ], [ 120.782383077000091, 14.35083801500002 ], [ 120.782385711000089, 14.350850496000076 ], [ 120.782393372000115, 14.350865341000032 ], [ 120.782398438000101, 14.350888741000059 ], [ 120.782403400000021, 14.350928029000046 ], [ 120.782404501000087, 14.350968549000068 ], [ 120.782416931000057, 14.35103739500005 ], [ 120.782428302000085, 14.35107441000002 ], [ 120.782443604000036, 14.351105351000058 ], [ 120.782460227000101, 14.351132619000051 ], [ 120.782474325000081, 14.351149999000031 ], [ 120.782484589000092, 14.35115994200004 ], [ 120.782498671000099, 14.351179786000046 ], [ 120.782551187000081, 14.351241817000073 ], [ 120.782599816000015, 14.351313730000072 ], [ 120.78263436400006, 14.351352141000062 ], [ 120.782693213000016, 14.351432699000043 ], [ 120.782740511000043, 14.351490889000047 ], [ 120.782752035000058, 14.351509496000064 ], [ 120.782766085000063, 14.351525573000066 ], [ 120.782822091000085, 14.351569810000059 ], [ 120.782871391000057, 14.351596404000079 ], [ 120.782899102000115, 14.351614538000039 ], [ 120.782929273000036, 14.351637537000041 ], [ 120.782961923000016, 14.351671568000029 ], [ 120.782984506000048, 14.351699555000035 ], [ 120.782992014000101, 14.351706812000035 ], [ 120.782995753, 14.351707966000047 ], [ 120.783017726000011, 14.351733544000066 ], [ 120.7830240830001, 14.351739726000062 ], [ 120.783041888000056, 14.351752144000043 ], [ 120.783077449000075, 14.35178427900007 ], [ 120.783125638000115, 14.351833586000055 ], [ 120.783175021000034, 14.351902375000062 ], [ 120.783220573000108, 14.351982088000055 ], [ 120.783226896000087, 14.35198945400003 ], [ 120.783237016000044, 14.352007842000033 ], [ 120.783266100000105, 14.352053206000047 ], [ 120.783286344000103, 14.352098542000016 ], [ 120.783318011, 14.352185564000026 ], [ 120.783342141000048, 14.352269 ], [ 120.783347233000086, 14.352280064000066 ], [ 120.783357385000045, 14.352294807000021 ], [ 120.783370164000075, 14.352329283000074 ], [ 120.783379087000071, 14.352347758000064 ], [ 120.78339199900006, 14.352400875000058 ], [ 120.78339994100007, 14.352462866000051 ], [ 120.783405117000029, 14.352482719000021 ], [ 120.783433240000036, 14.352544847000047 ], [ 120.783445964000066, 14.352563326000054 ], [ 120.783477795000081, 14.352602780000039 ], [ 120.783517275, 14.352642261000028 ], [ 120.783549122000082, 14.352678040000054 ], [ 120.783563132000054, 14.352691613000045 ], [ 120.783583524000065, 14.352716296000036 ], [ 120.78362301300001, 14.352755786000044 ], [ 120.78369821800004, 14.352838502000054 ], [ 120.783712222000091, 14.352850838000055 ], [ 120.783730082000034, 14.352871838000052 ], [ 120.783764456000085, 14.352902675000049 ], [ 120.783779751000097, 14.352918726000039 ], [ 120.783821727000031, 14.352953232000061 ], [ 120.783856268000022, 14.352991608000027 ], [ 120.783862638000087, 14.352996544000066 ], [ 120.783881909000101, 14.353022601000076 ], [ 120.783904954000036, 14.353047385000027 ], [ 120.783927990000066, 14.353070928000022 ], [ 120.783963720000088, 14.353100597000035 ], [ 120.783975278000085, 14.353114258000062 ], [ 120.783994636000116, 14.353141644000061 ], [ 120.78400765500011, 14.353165368000075 ], [ 120.784043888000056, 14.353217775000074 ], [ 120.7840619750001, 14.353241485000066 ], [ 120.784070956000065, 14.353250185000034 ], [ 120.784078763000011, 14.353262702000054 ], [ 120.784106313000066, 14.353278383000028 ], [ 120.78414594000003, 14.353308109000066 ], [ 120.784177922000026, 14.353342782000029 ], [ 120.784239328000012, 14.353397298000063 ], [ 120.78426750900006, 14.353427055000052 ], [ 120.784293099000024, 14.353448127000034 ], [ 120.784299512000089, 14.353455572000026 ], [ 120.784311023000114, 14.353464246000046 ], [ 120.784345608000066, 14.353496497000041 ], [ 120.784394272000114, 14.353532471000053 ], [ 120.784400711000117, 14.353538696000049 ], [ 120.784427669000024, 14.353556106000038 ], [ 120.784446886000055, 14.353564796000054 ], [ 120.784475069000095, 14.35357720900004 ], [ 120.784507018000113, 14.353585855000063 ], [ 120.784523672000105, 14.353593304000073 ], [ 120.784540367000091, 14.353603256000042 ], [ 120.784554543, 14.353614473000052 ], [ 120.784593379000043, 14.353650709000023 ], [ 120.784605132000024, 14.353664505000038 ], [ 120.784637668000073, 14.353695872000056 ], [ 120.784645427000086, 14.353700883000043 ], [ 120.784671538000097, 14.353727289000064 ], [ 120.784691027, 14.353742371000067 ], [ 120.78470540100011, 14.35375622600003 ], [ 120.784727672000045, 14.35377893100002 ], [ 120.784750079000119, 14.353805482000043 ], [ 120.784781417000104, 14.353830739000044 ], [ 120.784803440000019, 14.353842058000057 ], [ 120.784812639000066, 14.353850923000037 ], [ 120.784833856000105, 14.353862221000039 ], [ 120.78483644500011, 14.35386597300004 ], [ 120.784871315000046, 14.353888486000075 ], [ 120.784890764000011, 14.35391104100006 ], [ 120.784934767000081, 14.353939875000032 ], [ 120.784954241000037, 14.35395745700003 ], [ 120.784995796000089, 14.353990143000035 ], [ 120.785033395000028, 14.354010250000044 ], [ 120.785046341000111, 14.354015269000055 ], [ 120.78506311700005, 14.354017749000038 ], [ 120.785091037000029, 14.354017444000021 ], [ 120.7851061, 14.354009709000021 ], [ 120.785117324000126, 14.354000775000031 ], [ 120.785131124000031, 14.353996859000068 ], [ 120.785161309000046, 14.353997805000065 ], [ 120.785180201000102, 14.354002624000032 ], [ 120.785250676000047, 14.354031882000072 ], [ 120.785294462000024, 14.354047584000053 ], [ 120.785340676000047, 14.354068187000056 ], [ 120.785391525000023, 14.354084896000076 ], [ 120.785431310000035, 14.354106698000065 ], [ 120.785479925000118, 14.354141990000073 ], [ 120.785508692000022, 14.354167620000055 ], [ 120.785526278000034, 14.354185974000069 ], [ 120.785565538000029, 14.354234021000023 ], [ 120.785574435000058, 14.354247531000055 ], [ 120.785594634000063, 14.354267200000034 ], [ 120.785612363000041, 14.35428931000007 ], [ 120.785627481, 14.354302819000052 ], [ 120.785647575000098, 14.354317544000029 ], [ 120.78571472900002, 14.354380131000029 ], [ 120.785729862000039, 14.354391161000029 ], [ 120.785737374000064, 14.354394824000051 ], [ 120.78575130000003, 14.354407090000054 ], [ 120.785808122000049, 14.354440168000053 ], [ 120.785915059000104, 14.354495142000076 ], [ 120.785959379000033, 14.354513537000059 ], [ 120.786030776000075, 14.35454926100005 ], [ 120.786044841000034, 14.354557893000049 ], [ 120.786066674000054, 14.354576401000031 ], [ 120.786088461000077, 14.354591218000051 ], [ 120.78609748100007, 14.35459986600006 ], [ 120.786152477000101, 14.354627066000035 ], [ 120.786179099000023, 14.354635914000024 ], [ 120.786199440000019, 14.354648180000028 ], [ 120.786215991000063, 14.354661681000037 ], [ 120.786243988000024, 14.35467764700007 ], [ 120.786259294000047, 14.354691165000078 ], [ 120.786289894000106, 14.354712073000032 ], [ 120.786342327000057, 14.354760112000065 ], [ 120.786350021000089, 14.35476874500006 ], [ 120.786370508000118, 14.354786022000038 ], [ 120.786411584000021, 14.354826796000053 ], [ 120.786439893000079, 14.354858970000066 ], [ 120.786475684000038, 14.354893578000027 ], [ 120.786498649, 14.354910874000041 ], [ 120.786594256000058, 14.354975087000073 ], [ 120.786614701000062, 14.354992398000034 ], [ 120.786683696000068, 14.355039401000052 ], [ 120.786723535000078, 14.355074144000069 ], [ 120.786737813000073, 14.355092809000039 ], [ 120.786762392000014, 14.355120185000034 ], [ 120.786781746000074, 14.355138848000021 ], [ 120.786785017000071, 14.355161491000048 ], [ 120.786801768000032, 14.355191207000077 ], [ 120.786813430000066, 14.35521972300006 ], [ 120.786828926000126, 14.355247031000031 ], [ 120.786832789000087, 14.355251998000028 ], [ 120.786878991000094, 14.355288006000022 ], [ 120.786889292000069, 14.355299194000054 ], [ 120.786918965000055, 14.35533527900003 ], [ 120.786934602000073, 14.355367701000032 ], [ 120.78694757400001, 14.355387665000023 ], [ 120.78697601500005, 14.355420114000022 ], [ 120.78700819200003, 14.355442551000065 ], [ 120.787017266000021, 14.355453801000069 ], [ 120.787019931000046, 14.35546257200002 ], [ 120.787017633000133, 14.355482673000038 ], [ 120.786969605000095, 14.355530736000048 ], [ 120.786950610000076, 14.355546036000021 ], [ 120.786932958000094, 14.355566458000055 ], [ 120.78692919600006, 14.355572834000041 ], [ 120.786917801000072, 14.355584362000057 ], [ 120.786906361000106, 14.355593363000022 ], [ 120.786896149000086, 14.355598545000076 ], [ 120.786879570000124, 14.355610159000033 ], [ 120.786863005000086, 14.355625617000044 ], [ 120.78685925800005, 14.355637140000054 ], [ 120.786859348, 14.355646080000042 ], [ 120.786861964000096, 14.355649886000037 ], [ 120.786867118000032, 14.35564983200004 ], [ 120.786879928000076, 14.355643313000026 ], [ 120.786886293000066, 14.355636866000051 ], [ 120.786893969000076, 14.355632961000026 ], [ 120.786909244000086, 14.355620062000066 ], [ 120.786923276000053, 14.355612286000051 ], [ 120.786943601000075, 14.355596833000051 ], [ 120.786965095000042, 14.355576325000074 ], [ 120.786981379000053, 14.355552118000054 ], [ 120.787008930000056, 14.355558157000075 ], [ 120.787029840000059, 14.355568880000025 ], [ 120.787054416000032, 14.355584343000032 ], [ 120.787081402, 14.355608094000043 ], [ 120.787098555000071, 14.355627088000062 ], [ 120.787148933000026, 14.35567468800002 ], [ 120.787259803000111, 14.355767782000044 ], [ 120.787306590000071, 14.355823836000068 ], [ 120.787337381000043, 14.355857242000072 ], [ 120.787414964000035, 14.355925246000028 ], [ 120.787472863000076, 14.355989682000029 ], [ 120.787498720000016, 14.356013539000058 ], [ 120.7875368670001, 14.356044532000055 ], [ 120.787579786000038, 14.356091957000048 ], [ 120.787621679000026, 14.356149130000064 ], [ 120.787650029000034, 14.356184895000069 ], [ 120.787666075000075, 14.356212297000068 ], [ 120.787685806000013, 14.356236159000044 ], [ 120.787747586, 14.35633281500003 ], [ 120.787756257000069, 14.35634953400006 ], [ 120.787825545000018, 14.356451156000047 ], [ 120.787841616000037, 14.356470298000037 ], [ 120.787854002000017, 14.356488251000028 ], [ 120.787893547000067, 14.356531328000075 ], [ 120.787944285000094, 14.356593590000045 ], [ 120.787988816000052, 14.35664388400005 ], [ 120.78799869700002, 14.356653457000052 ], [ 120.788003613000114, 14.356655837000062 ], [ 120.788020565000025, 14.356680225000048 ], [ 120.788025535000074, 14.356692154000033 ], [ 120.788039167000093, 14.356714851000049 ], [ 120.788047872000107, 14.356735150000073 ], [ 120.788068952000131, 14.356768635000035 ], [ 120.788098663000042, 14.356803362000047 ], [ 120.788133291, 14.356836916000079 ], [ 120.788151872000071, 14.356859673000031 ], [ 120.788171661000092, 14.356878847000075 ], [ 120.788212510000108, 14.35692318200006 ], [ 120.788233597000044, 14.356950745000065 ], [ 120.788239824000016, 14.356961533000064 ], [ 120.788249742000062, 14.356973521000041 ], [ 120.788298301000069, 14.357051505000072 ], [ 120.788325649000058, 14.357088721000027 ], [ 120.788335672000017, 14.357109154000053 ], [ 120.788350641000093, 14.35713319300004 ], [ 120.788378005000027, 14.357169246000064 ], [ 120.788391750000073, 14.357192107000056 ], [ 120.788440868000066, 14.357283597000045 ], [ 120.78844708500003, 14.357308818000035 ], [ 120.788476918000015, 14.357370155000066 ], [ 120.788495601000022, 14.357417124000047 ], [ 120.788516760000107, 14.357456889000044 ], [ 120.788600022000082, 14.357556811000052 ], [ 120.788716744000112, 14.357706706000045 ], [ 120.788737874000049, 14.357735601000057 ], [ 120.788742849000073, 14.357745225000029 ], [ 120.788788889000102, 14.35780178400006 ], [ 120.788822588000031, 14.357854786000075 ], [ 120.788837564000133, 14.357874085000047 ], [ 120.788866339000037, 14.357918763000043 ], [ 120.788875088000069, 14.357929638000032 ], [ 120.788903940000068, 14.357976831000032 ], [ 120.788930270000051, 14.358013173000073 ], [ 120.788941588000057, 14.358031370000047 ], [ 120.788950444000079, 14.358050811000052 ], [ 120.788959250000076, 14.35806417100002 ], [ 120.788974333000056, 14.358084820000046 ], [ 120.788980594000023, 14.358090884000035 ], [ 120.788995730000011, 14.358115218000023 ], [ 120.789035941000066, 14.358162637000074 ], [ 120.789038418000032, 14.358162615000028 ], [ 120.789095201, 14.358238122000044 ], [ 120.789106456000013, 14.358249032000062 ], [ 120.7891551660001, 14.35830600800006 ], [ 120.789192612000065, 14.358363052000072 ], [ 120.789232651, 14.358432361000039 ], [ 120.789304191000028, 14.358517573000029 ], [ 120.789328038, 14.358552948000066 ], [ 120.789354431000106, 14.358584652000046 ], [ 120.789378322000076, 14.358620088000066 ], [ 120.789394689000119, 14.358651947000055 ], [ 120.78941483600012, 14.358682464000031 ], [ 120.78942034400005, 14.358700963000045 ], [ 120.789430416000073, 14.358719257000077 ], [ 120.789459373000128, 14.358761943000053 ], [ 120.78947448100007, 14.358781456000026 ], [ 120.789493366000116, 14.358814385000072 ], [ 120.789505956000085, 14.358839996000032 ], [ 120.789547503000094, 14.358910732000023 ], [ 120.789562611000065, 14.35893268500007 ], [ 120.789580238000099, 14.358964394000054 ], [ 120.78960541800005, 14.359003421000066 ], [ 120.789638152000066, 14.359048545000066 ], [ 120.789657036000094, 14.359070498000047 ], [ 120.789664590000029, 14.359075376000023 ], [ 120.789673939000068, 14.359111449000066 ], [ 120.789689047000039, 14.359127304000028 ], [ 120.789715486000091, 14.35916023300007 ], [ 120.789745702000118, 14.359201698000049 ], [ 120.789768365000086, 14.359241945000061 ], [ 120.789792286000093, 14.359279752000079 ], [ 120.789801099000101, 14.359300485000064 ], [ 120.789816208000062, 14.359327316000078 ], [ 120.789830057000032, 14.359356587000038 ], [ 120.789856496000084, 14.359399272000079 ], [ 120.789875390000034, 14.359423669000025 ], [ 120.789890529000104, 14.359446857000025 ], [ 120.789913230000039, 14.359490773000058 ], [ 120.789948528000082, 14.359548088000052 ], [ 120.789980028000073, 14.359593187000026 ], [ 120.789991364000116, 14.359605372000029 ], [ 120.790022844000092, 14.359649225000055 ], [ 120.79005430900007, 14.359686967000069 ], [ 120.790078212000026, 14.359711304000028 ], [ 120.790122222000036, 14.359762392000048 ], [ 120.790132278000101, 14.359776986000041 ], [ 120.79016620400013, 14.359812230000042 ], [ 120.790183791000118, 14.359834133000049 ], [ 120.790207663000061, 14.359867007000044 ], [ 120.790230284, 14.359903549000023 ], [ 120.790242849000052, 14.359916939000072 ], [ 120.790261704000031, 14.359947397000038 ], [ 120.790283073000083, 14.359976633000031 ], [ 120.790290612000035, 14.359983936000052 ], [ 120.790305699000101, 14.36000586800003 ], [ 120.790314506000087, 14.360022937000052 ], [ 120.79033084600006, 14.360041205000073 ], [ 120.790333835000069, 14.360070900000039 ], [ 120.790338860000034, 14.360081853000056 ], [ 120.790346388000103, 14.360125670000059 ], [ 120.79034259500007, 14.360171944000063 ], [ 120.79035138800009, 14.360215814000068 ], [ 120.790353454000069, 14.360293136000053 ], [ 120.790302262000068, 14.360351197000057 ], [ 120.790303522000059, 14.360367051000027 ], [ 120.790312335000067, 14.360374369000057 ], [ 120.790319889000102, 14.360378027000024 ], [ 120.790361844000032, 14.360336476000041 ], [ 120.790508722000027, 14.360440195000024 ], [ 120.790552762000047, 14.360466989000031 ], [ 120.790626898000028, 14.360519242000064 ], [ 120.790645766000011, 14.360537517000072 ], [ 120.790701027000082, 14.360572747000047 ], [ 120.790717368000045, 14.360587356000055 ], [ 120.790721455000039, 14.360601234000054 ], [ 120.790732776000041, 14.360610984000063 ], [ 120.790740320000054, 14.360621943000069 ], [ 120.790764216000085, 14.360649961000036 ], [ 120.790778053000068, 14.360662147000028 ], [ 120.790801952000038, 14.360690168000072 ], [ 120.790859806000071, 14.360737690000065 ], [ 120.79088495200007, 14.360755963000029 ], [ 120.790930222000057, 14.360799817000043 ], [ 120.790959161000046, 14.360835153000039 ], [ 120.790980534000013, 14.360853422000046 ], [ 120.790996888000123, 14.360871700000073 ], [ 120.791022031000011, 14.360893621000061 ], [ 120.791030820000074, 14.360898484000074 ], [ 120.791083593000039, 14.360941088000057 ], [ 120.791112548000115, 14.360977654000067 ], [ 120.791133928000022, 14.360999582000032 ], [ 120.791147802000069, 14.361021542000058 ], [ 120.791170470000125, 14.361049587000021 ], [ 120.791181836000078, 14.361069121000071 ], [ 120.791185658000018, 14.361081348000027 ], [ 120.79118952400006, 14.361100932000056 ], [ 120.791189716000076, 14.361134037000054 ], [ 120.791184692000115, 14.361148684000057 ], [ 120.79118091600003, 14.36117063700004 ], [ 120.791174622000085, 14.361187712000062 ], [ 120.791143151000028, 14.361251133000055 ], [ 120.791134339000109, 14.361273087000029 ], [ 120.791126787000053, 14.361312115000032 ], [ 120.791126787000053, 14.361320652000073 ], [ 120.791131823000114, 14.361325531000032 ], [ 120.791135600000061, 14.361326750000046 ], [ 120.791143154000096, 14.36132431000004 ], [ 120.791151966000044, 14.361314553000058 ], [ 120.79115951900009, 14.361298698000041 ], [ 120.791169590000109, 14.361284062000038 ], [ 120.791179661000129, 14.361257230000033 ], [ 120.791183437000086, 14.36124259500002 ], [ 120.79118595500006, 14.361238936000065 ], [ 120.791188472000044, 14.361226740000063 ], [ 120.79119602500009, 14.361213323000074 ], [ 120.79120609600011, 14.36120234700007 ], [ 120.791222462000064, 14.361192589000046 ], [ 120.791237569000032, 14.361186490000021 ], [ 120.791265139000075, 14.36118270900004 ], [ 120.791293990000099, 14.361183840000026 ], [ 120.791315262000026, 14.361178861000043 ], [ 120.791352441000086, 14.361192235000031 ], [ 120.791367581000046, 14.361194698000073 ], [ 120.791440654000098, 14.36122888400007 ], [ 120.791462071000083, 14.361236216000064 ], [ 120.791518754000094, 14.361250899000025 ], [ 120.791584193000077, 14.361276525000051 ], [ 120.791599287000054, 14.361283839000063 ], [ 120.791645823000053, 14.361299700000071 ], [ 120.791677252000113, 14.361313107000056 ], [ 120.791708669000059, 14.361328940000019 ], [ 120.791726262000125, 14.361335034000037 ], [ 120.791756412000041, 14.361348430000074 ], [ 120.791785299000026, 14.361363037000046 ], [ 120.791876939000076, 14.361400765000042 ], [ 120.791889488000038, 14.361409277000064 ], [ 120.791950959000033, 14.361442106000029 ], [ 120.791986079000026, 14.361465199000065 ], [ 120.792102666000119, 14.361534447000054 ], [ 120.792172816000061, 14.361570867000065 ], [ 120.792179085000058, 14.361576940000079 ], [ 120.792236715000072, 14.361618217000053 ], [ 120.792260522000106, 14.361637642000058 ], [ 120.792288104000022, 14.361665574000025 ], [ 120.792349462000061, 14.36170804300002 ], [ 120.792398251000023, 14.361733495000067 ], [ 120.792416301000117, 14.361762360000055 ], [ 120.792441367000038, 14.361783004000074 ], [ 120.792461415000048, 14.361795150000036 ], [ 120.792517806000077, 14.361846140000067 ], [ 120.792551635000109, 14.361874061000035 ], [ 120.792575415000101, 14.361900766000076 ], [ 120.792596680000102, 14.361921395000021 ], [ 120.792612938000048, 14.361940806000064 ], [ 120.792636581000025, 14.361963820000032 ], [ 120.79265520200012, 14.361977113000025 ], [ 120.792707231, 14.362007238000045 ], [ 120.792724539, 14.362021693000028 ], [ 120.792805888000089, 14.362078091000058 ], [ 120.792812035000111, 14.362084089000065 ], [ 120.792831689000096, 14.362096033000057 ], [ 120.792853725000114, 14.36210672100003 ], [ 120.792884284000024, 14.36212936600003 ], [ 120.792919624000106, 14.362151907000058 ], [ 120.79296705700007, 14.362187493000022 ], [ 120.792993715000094, 14.362203995000073 ], [ 120.793010687000105, 14.362218202000063 ], [ 120.793032417000049, 14.362229912000032 ], [ 120.793062578000104, 14.362249884000049 ], [ 120.793072235000068, 14.362258141000042 ], [ 120.793120425000112, 14.362281924000055 ], [ 120.793210526000038, 14.362333588000068 ], [ 120.793305485000019, 14.362403844000029 ], [ 120.793314298000055, 14.362412404000054 ], [ 120.793361946000118, 14.36245007200006 ], [ 120.793492657000115, 14.362537418000045 ], [ 120.793501483000128, 14.362545987000031 ], [ 120.793533256000046, 14.362569997000035 ], [ 120.793579094000037, 14.362602683000034 ], [ 120.793624965000063, 14.362640591000059 ], [ 120.793725760000044, 14.362732174000032 ], [ 120.793747035000024, 14.362746015000024 ], [ 120.793771867000046, 14.362766806000025 ], [ 120.793782515000075, 14.362778951000053 ], [ 120.793821599000012, 14.36281540600004 ], [ 120.793839392000109, 14.362838017000056 ], [ 120.793862539000102, 14.362862383000047 ], [ 120.79386609900007, 14.362864119000051 ], [ 120.79387857200004, 14.362876309000056 ], [ 120.793903548000117, 14.362904207000042 ], [ 120.793907111000053, 14.362905946000069 ], [ 120.793914262000044, 14.362916424000048 ], [ 120.793937474000018, 14.362937367000033 ], [ 120.793971414000097, 14.362963555000023 ], [ 120.79402856500009, 14.363015661000075 ], [ 120.794083934000014, 14.363071145000051 ], [ 120.794105413, 14.363097234000065 ], [ 120.794116135000081, 14.363107639000075 ], [ 120.794117892000031, 14.363105849000023 ], [ 120.794147511, 14.363133708000079 ], [ 120.79417606100003, 14.363157902000065 ], [ 120.794211750000031, 14.36319418600004 ], [ 120.79423138300001, 14.363209746000051 ], [ 120.794256363000045, 14.363223583000037 ], [ 120.794286706000108, 14.363251239000023 ], [ 120.794288494000071, 14.363254696000066 ], [ 120.794327747000011, 14.363289270000054 ], [ 120.794363452000098, 14.36332903300007 ], [ 120.794399121000083, 14.363358410000043 ], [ 120.794433014000106, 14.363389516000044 ], [ 120.794438374000038, 14.363396434000038 ], [ 120.794447287000011, 14.363403342000028 ], [ 120.794522306000076, 14.363489817000074 ], [ 120.794525864000093, 14.363491537000066 ], [ 120.79453835400011, 14.363503637000061 ], [ 120.794613337000115, 14.363581450000025 ], [ 120.794656258000032, 14.363633385000067 ], [ 120.794666966000023, 14.363643758000023 ], [ 120.794683127000098, 14.363668046000045 ], [ 120.794684986000107, 14.363676757000061 ], [ 120.794692162000047, 14.363685435000038 ], [ 120.794724328000044, 14.363711400000053 ], [ 120.794736880000087, 14.363725283000065 ], [ 120.794752956000039, 14.363737395000047 ], [ 120.79477621500007, 14.363758191000043 ], [ 120.794783337000027, 14.363761631000042 ], [ 120.794808195000087, 14.363768426000032 ], [ 120.794836507000014, 14.363769946000049 ], [ 120.794845296000062, 14.363766381000064 ], [ 120.794859332000115, 14.363759283000032 ], [ 120.794892564000079, 14.363738087000057 ], [ 120.794922158000077, 14.363713475000054 ], [ 120.794944689000104, 14.363690698000026 ], [ 120.794956752000061, 14.36367497400005 ], [ 120.794965235000078, 14.363655818000039 ], [ 120.794968526000048, 14.363641917000054 ], [ 120.79497526900002, 14.363624538000066 ], [ 120.794978527000012, 14.36360892700003 ], [ 120.794978360000073, 14.363598538000074 ], [ 120.794964965000091, 14.363524289000052 ], [ 120.794959486000039, 14.363507069000038 ], [ 120.794953888, 14.363479525000059 ], [ 120.794953524000107, 14.363448552000024 ], [ 120.794951627000046, 14.36343651800007 ], [ 120.794953282000051, 14.363427920000047 ], [ 120.794953080000013, 14.363410736000048 ], [ 120.794947513000025, 14.36338498600003 ], [ 120.79494739200004, 14.363374688000022 ], [ 120.794950821000043, 14.36336782100005 ], [ 120.794961264000094, 14.363360948000034 ] ] ] } },
{ "type": "Feature", "properties": { "adm1_psgc": 400000000, "adm2_psgc": 402100000, "adm3_psgc": 402120000, "adm4_psgc": 402120009, "adm4_en": "Daang Amaya I", "geo_level": "Bgy", "len_crs": 3333, "area_crs": 463143, "len_km": 3, "area_km2": 0.0 }, "geometry": { "type": "Polygon", "coordinates": [ [ [ 120.857864661, 14.394172296000024 ], [ 120.857809096000111, 14.393998659000033 ], [ 120.857656295000098, 14.393720839000025 ], [ 120.857628513, 14.393477746000032 ], [ 120.857642404000117, 14.393088797000075 ], [ 120.857517385000051, 14.392713740000035 ], [ 120.857267347000061, 14.392359519000026 ], [ 120.857100655000067, 14.392019190000042 ], [ 120.856982581, 14.391762206000069 ], [ 120.856746434000115, 14.391553841000075 ], [ 120.856656142000034, 14.391401040000058 ], [ 120.856656142000034, 14.391137110000047 ], [ 120.85670476100006, 14.390942636000032 ], [ 120.856843671000092, 14.390623143000026 ], [ 120.857058982000012, 14.390220304000024 ], [ 120.857142328, 14.389949429000071 ], [ 120.857239565000114, 14.389803573000048 ], [ 120.857281238000041, 14.389657718000024 ], [ 120.857177055000079, 14.389491025000037 ], [ 120.857156219000103, 14.389289606000036 ], [ 120.856470296000097, 14.389081438000064 ], [ 120.855918532000032, 14.388913985000048 ], [ 120.855534014000099, 14.388797289000021 ], [ 120.855482814000084, 14.388753966000024 ], [ 120.855232116000039, 14.388629782000063 ], [ 120.854586051000069, 14.388293942000072 ], [ 120.854503515000033, 14.388262635000045 ], [ 120.854412439000029, 14.388265481000079 ], [ 120.854065215000105, 14.388288250000075 ], [ 120.853768171000084, 14.388297848000034 ], [ 120.853300952000055, 14.387831336000033 ], [ 120.853185451000073, 14.387834836000023 ], [ 120.851652431000048, 14.387680834000035 ], [ 120.85159643100009, 14.387666834000068 ], [ 120.851540430000128, 14.387638834000031 ], [ 120.851519430000067, 14.387589833000051 ], [ 120.850302793000083, 14.387376225000025 ], [ 120.850128212000058, 14.387370593000069 ], [ 120.849305996000098, 14.387359330000036 ], [ 120.848821676000057, 14.387370593000069 ], [ 120.848497825000109, 14.387082216000069 ], [ 120.848427463000021, 14.387060854000028 ], [ 120.848330495000027, 14.387064127000031 ], [ 120.847898091000047, 14.387229803000023 ], [ 120.84744192900007, 14.387466331000038 ], [ 120.847400531000062, 14.387499102000049 ], [ 120.847155524000087, 14.387604899000049 ], [ 120.846371579000092, 14.387765740000075 ], [ 120.846786726000133, 14.388084068000071 ], [ 120.847060240000019, 14.388292945000046 ], [ 120.848455021000063, 14.389361844000064 ], [ 120.848653890000037, 14.38948075900004 ], [ 120.849893616000031, 14.390437584000042 ], [ 120.850534596000116, 14.390876440000058 ], [ 120.852390131000107, 14.392268839000049 ], [ 120.852452937000081, 14.392315969000039 ], [ 120.852580625000101, 14.392403754000046 ], [ 120.853779709000037, 14.392884234000064 ], [ 120.854400040000087, 14.39313280500005 ], [ 120.855597241000055, 14.393616784000079 ], [ 120.855749253000127, 14.393668658000024 ], [ 120.856184374, 14.393843182000071 ], [ 120.857117715000086, 14.394231470000022 ], [ 120.857561385000054, 14.394401319000057 ], [ 120.857683508000036, 14.394445943000051 ], [ 120.857843824000057, 14.394505681000055 ], [ 120.857864661, 14.394172296000024 ] ] ] } },
{ "type": "Feature", "properties": { "adm1_psgc": 400000000, "adm2_psgc": 402100000, "adm3_psgc": 402120000, "adm4_psgc": 402120010, "adm4_en": "Halayhay", "geo_level": "Bgy", "len_crs": 5220, "area_crs": 1232904, "len_km": 5, "area_km2": 1.0 }, "geometry": { "type": "Polygon", "coordinates": [ [ [ 120.816655831000062, 14.377832101000021 ], [ 120.816683351000066, 14.377863153000021 ], [ 120.8167754750001, 14.377787738000052 ], [ 120.817041200000062, 14.37744149100007 ], [ 120.817149905000051, 14.377413308000026 ], [ 120.817351211000087, 14.37739720400003 ], [ 120.817476021000061, 14.377360969000049 ], [ 120.817512257000089, 14.377292524000039 ], [ 120.817540439000041, 14.377135506000061 ], [ 120.817520309000074, 14.376914069000062 ], [ 120.817612910000094, 14.376777180000035 ], [ 120.817749798000023, 14.376688606000073 ], [ 120.817926947000032, 14.376652370000045 ], [ 120.818077781000056, 14.376674266000068 ], [ 120.818176567000037, 14.376688606000076 ], [ 120.818353717000036, 14.376696658000068 ], [ 120.818466448000095, 14.37665639700003 ], [ 120.818563075000029, 14.376555743000042 ], [ 120.818768408000111, 14.376459116000035 ], [ 120.818937505, 14.376418855000054 ], [ 120.819175046000069, 14.376378594000075 ], [ 120.819311935000087, 14.376302098000053 ], [ 120.819424666000032, 14.376161183000024 ], [ 120.819525319000036, 14.375984034000057 ], [ 120.819754809000074, 14.37571830900003 ], [ 120.819839357000106, 14.375561290000061 ], [ 120.819877973000089, 14.375366229000058 ], [ 120.819923087000021, 14.375250064000054 ], [ 120.819960141000024, 14.375154652000051 ], [ 120.820064820000084, 14.37509023400002 ], [ 120.820153395000048, 14.375074129000037 ], [ 120.820338597000045, 14.375045946000059 ], [ 120.820487563000043, 14.375102312000024 ], [ 120.820628478000117, 14.375243226000066 ], [ 120.820745236000121, 14.375311671000073 ], [ 120.820878098000094, 14.375331801000078 ], [ 120.821055247000103, 14.375263357000053 ], [ 120.821143822000067, 14.375158678000048 ], [ 120.821329024000093, 14.374953345000051 ], [ 120.821201174000066, 14.374154406000061 ], [ 120.820933812000021, 14.372483645000045 ], [ 120.820832995000046, 14.372142786000039 ], [ 120.820775385000033, 14.371905145000028 ], [ 120.820650563000072, 14.371393856000052 ], [ 120.820609756000067, 14.37128823800003 ], [ 120.820530542000029, 14.371161016000027 ], [ 120.820451329000107, 14.371014590000074 ], [ 120.820434526000113, 14.370868165000045 ], [ 120.820489735000024, 14.370400084000043 ], [ 120.82054254500008, 14.370025619000042 ], [ 120.819911614000048, 14.36953118800005 ], [ 120.815699091000056, 14.366030583000052 ], [ 120.81542818100003, 14.365859829000044 ], [ 120.815278314, 14.365864824000029 ], [ 120.815043522000124, 14.365871485000072 ], [ 120.814913637000018, 14.365873150000027 ], [ 120.814852025000036, 14.36589979300004 ], [ 120.814828712, 14.365939758000025 ], [ 120.814813725000022, 14.366003035000061 ], [ 120.814823717000081, 14.366092955000052 ], [ 120.814860231000026, 14.366163346000066 ], [ 120.814918632000058, 14.366212849000018 ], [ 120.815040494000087, 14.366304241000021 ], [ 120.815204181000013, 14.366391264000075 ], [ 120.815249765000104, 14.366438920000064 ], [ 120.815278772000056, 14.366521800000044 ], [ 120.815264269000053, 14.366617111000039 ], [ 120.815210397000101, 14.366697919000048 ], [ 120.815102653000054, 14.366768366000031 ], [ 120.815009414000087, 14.366784942000038 ], [ 120.814914103000078, 14.366772510000031 ], [ 120.814795999000012, 14.366722782000069 ], [ 120.814578441000094, 14.366583959000025 ], [ 120.814294578000045, 14.366443064000066 ], [ 120.814201339000064, 14.366428560000028 ], [ 120.814039724000054, 14.366440992000038 ], [ 120.813737214000071, 14.366577743000047 ], [ 120.813590103000038, 14.366689631000042 ], [ 120.813486503000021, 14.366813950000045 ], [ 120.813266872000113, 14.367130964000069 ], [ 120.813053458, 14.367284291000034 ], [ 120.812844187000124, 14.367377530000056 ], [ 120.812647348000041, 14.367433474000052 ], [ 120.812442221000083, 14.367454194000061 ], [ 120.812220519000107, 14.367431402000021 ], [ 120.811940800000116, 14.367367171000069 ], [ 120.811522259000085, 14.367255283000073 ], [ 120.811064350000038, 14.367081236000043 ], [ 120.81079291900005, 14.366948629000033 ], [ 120.810649952000048, 14.366907189000072 ], [ 120.810515273000078, 14.366915477000074 ], [ 120.810271675000081, 14.367001042000028 ], [ 120.809830157000079, 14.36719236700003 ], [ 120.809473263000086, 14.367295388000057 ], [ 120.808844100000101, 14.367368974000044 ], [ 120.808608624000058, 14.367427843000026 ], [ 120.808516641000082, 14.367552940000055 ], [ 120.808483527000021, 14.367655961000025 ], [ 120.80847616800007, 14.367799454000023 ], [ 120.808512961000034, 14.368060686000037 ], [ 120.808494565000061, 14.368266728000041 ], [ 120.808420978000086, 14.368480128000044 ], [ 120.808255409000026, 14.368811267000069 ], [ 120.808056726000018, 14.36912768800005 ], [ 120.807663039000104, 14.369613358000038 ], [ 120.807195766000078, 14.369992327000034 ], [ 120.806695379000089, 14.37031242800003 ], [ 120.806334806000109, 14.370566301000052 ], [ 120.806051498000102, 14.370680360000051 ], [ 120.805687246000033, 14.370724511000045 ], [ 120.805584225000089, 14.370779701000064 ], [ 120.805469573000096, 14.370878781000044 ], [ 120.805385542000067, 14.370978384000066 ], [ 120.805359787000043, 14.371085085000059 ], [ 120.805378183000016, 14.371199143000068 ], [ 120.80546280700004, 14.371313202000065 ], [ 120.805532714000037, 14.37136839200002 ], [ 120.805683566000084, 14.371386789000038 ], [ 120.805955836000066, 14.371401506000041 ], [ 120.806044140000054, 14.371456696000052 ], [ 120.806051498000102, 14.371570754000064 ], [ 120.805896967000095, 14.371946045000072 ], [ 120.805873396000038, 14.372110356000064 ], [ 120.805891060000022, 14.372110354000023 ], [ 120.805948844000113, 14.372115937000043 ], [ 120.805974802000037, 14.372115934000021 ], [ 120.805990609000105, 14.37211313800003 ], [ 120.806003503000056, 14.372108946000028 ], [ 120.806014839000099, 14.372099169000025 ], [ 120.806017636000092, 14.372094980000044 ], [ 120.806044446000101, 14.372087997000055 ], [ 120.80609323300007, 14.372044761000041 ], [ 120.806131987000072, 14.372022473000072 ], [ 120.806142055, 14.372021080000026 ], [ 120.806157949000081, 14.372030825000023 ], [ 120.80616230400004, 14.372036395000068 ], [ 120.806163842000061, 14.372051722000037 ], [ 120.806162464000067, 14.37206148000007 ], [ 120.806155365000109, 14.37207821800007 ], [ 120.80615544300008, 14.372090778000029 ], [ 120.806158369000059, 14.372097758000052 ], [ 120.806162712000074, 14.372100550000029 ], [ 120.806169920000102, 14.372100549000036 ], [ 120.806178542000126, 14.372096359000068 ], [ 120.806189969000116, 14.372081005000043 ], [ 120.806192725000088, 14.372062871000022 ], [ 120.806192541000087, 14.372036392000041 ], [ 120.806195303000109, 14.372019682000026 ], [ 120.806200942000018, 14.372002983000073 ], [ 120.806201954000031, 14.371943235000058 ], [ 120.806217371000116, 14.371890549000055 ], [ 120.806218703000013, 14.371876702000064 ], [ 120.806218309000101, 14.371824154000024 ], [ 120.806219660000011, 14.371813105000058 ], [ 120.806232348000094, 14.371785503000067 ], [ 120.806240879000029, 14.371777227000052 ], [ 120.80625512600011, 14.371767575000034 ], [ 120.806293612000104, 14.371746904000075 ], [ 120.806335078000075, 14.371741392000052 ], [ 120.806388031000083, 14.371740010000051 ], [ 120.806425202000014, 14.37173587500007 ], [ 120.806469576000055, 14.371735871000052 ], [ 120.806470990000093, 14.371734494000066 ], [ 120.806505361000063, 14.371735867000039 ], [ 120.806531145, 14.371737241000062 ], [ 120.806565578000118, 14.371742745000065 ], [ 120.8065927990001, 14.371744119000027 ], [ 120.806655726000017, 14.371753849000074 ], [ 120.806740213000012, 14.37177601800005 ], [ 120.80674590600006, 14.371776030000035 ], [ 120.806770230000097, 14.37178157900007 ], [ 120.806840136, 14.371789966000049 ], [ 120.80687266200006, 14.371796905000053 ], [ 120.806891267000069, 14.371798316000026 ], [ 120.806945628000108, 14.371798418000026 ], [ 120.806992816000061, 14.371802630000046 ], [ 120.807014270000082, 14.371808168000026 ], [ 120.807024287000104, 14.371812311000038 ], [ 120.80705430400009, 14.371819271000049 ], [ 120.80714991800005, 14.371836103000023 ], [ 120.807221241000093, 14.371856955000053 ], [ 120.80723409000008, 14.371862493000036 ], [ 120.807282551000057, 14.371876386000052 ], [ 120.807312512000067, 14.371888847000038 ], [ 120.807346711000022, 14.371899941000036 ], [ 120.807423790000044, 14.371937277000026 ], [ 120.807490693000076, 14.371958062000031 ], [ 120.807506399000104, 14.37196635300006 ], [ 120.807525207000012, 14.371991190000074 ], [ 120.807529637, 14.372002230000078 ], [ 120.807524400000034, 14.372028456000063 ], [ 120.80751762400007, 14.372047804000029 ], [ 120.807511039, 14.372079642000079 ], [ 120.807508640000023, 14.372107374000052 ], [ 120.807504705000042, 14.372128201000068 ], [ 120.807488213000056, 14.372165762000066 ], [ 120.807488465, 14.372183866000057 ], [ 120.807492852000109, 14.372193612000048 ], [ 120.807497207000111, 14.372200573000042 ], [ 120.807507262000058, 14.372207527000054 ], [ 120.807517250000046, 14.372208906000028 ], [ 120.807525760000075, 14.37220610700007 ], [ 120.807545548, 14.372194937000074 ], [ 120.807563822000034, 14.372178215000076 ], [ 120.807573484000059, 14.372161513000034 ], [ 120.807582760000059, 14.372124006000035 ], [ 120.807591022000111, 14.37211013400003 ], [ 120.807604895000054, 14.372093506000054 ], [ 120.807635758000075, 14.372067213000038 ], [ 120.807652821000033, 14.372058911000064 ], [ 120.807682753000094, 14.372051992000024 ], [ 120.807704182000066, 14.372051990000044 ], [ 120.80770988200004, 14.372050606000077 ], [ 120.807749364000074, 14.372054784000055 ], [ 120.807805131, 14.372053471000068 ], [ 120.807812108, 14.372054859000059 ], [ 120.807816317000061, 14.372057624000037 ], [ 120.807828988000111, 14.372070054000062 ], [ 120.807841604000032, 14.37207834100008 ], [ 120.807852775, 14.37208248500002 ], [ 120.807862516000128, 14.372083869000051 ], [ 120.807881863000034, 14.372076986000025 ], [ 120.807910687000117, 14.37205497700006 ], [ 120.807935542000124, 14.37205088100006 ], [ 120.807960400000084, 14.372049539000047 ], [ 120.807960381000029, 14.372048165000024 ], [ 120.808040054000116, 14.37205376000003 ], [ 120.808083968, 14.372055185000022 ], [ 120.808126372000046, 14.372060710000024 ], [ 120.808168680000122, 14.372060754000074 ], [ 120.808181356000091, 14.37206213400003 ], [ 120.808271301000119, 14.372085411000054 ], [ 120.808289520000031, 14.372088145000077 ], [ 120.808317539000086, 14.372099058000055 ], [ 120.808351137000031, 14.372115405000047 ], [ 120.808373551000045, 14.372123571000031 ], [ 120.808395952000069, 14.372135816000025 ], [ 120.808411352000022, 14.372148060000029 ], [ 120.808418411000048, 14.372156232000062 ], [ 120.808445327000072, 14.372193036000054 ], [ 120.808462374000086, 14.372209427000026 ], [ 120.808477984000078, 14.372219003000053 ], [ 120.808509187000027, 14.372229976000028 ], [ 120.80851345300006, 14.372232715000056 ], [ 120.808611511000095, 14.372260246000055 ], [ 120.808628624000107, 14.372268498000039 ], [ 120.808647213000071, 14.372282241000049 ], [ 120.808674360000055, 14.37229601600006 ], [ 120.808688701000051, 14.372308400000062 ], [ 120.808720244000042, 14.372330456000041 ], [ 120.808734568000091, 14.372337368000046 ], [ 120.808753234000051, 14.372349797000023 ], [ 120.808780514000077, 14.37236501700005 ], [ 120.808784840000058, 14.372369160000062 ], [ 120.808803520000097, 14.372378862000062 ], [ 120.808819365000105, 14.372389938000023 ], [ 120.808833790000094, 14.372401016000024 ], [ 120.808846835000068, 14.37241623400007 ], [ 120.808864205000091, 14.372432862000037 ], [ 120.808884444000128, 14.372448136000061 ], [ 120.808887552000087, 14.372468813000065 ], [ 120.808891815000052, 14.372477069000071 ], [ 120.808893241000078, 14.372492208000038 ], [ 120.808900358000074, 14.372519756000035 ], [ 120.808910320000123, 14.372539059000074 ], [ 120.808918863000045, 14.372551480000023 ], [ 120.808927408000045, 14.372561147000052 ], [ 120.808948777000069, 14.372576361000025 ], [ 120.808974434000106, 14.372584690000055 ], [ 120.808987266000017, 14.372586094000036 ], [ 120.809035775000098, 14.372586178000063 ], [ 120.809084367000096, 14.372593181000067 ], [ 120.809092946000078, 14.372593196000027 ], [ 120.809157069000094, 14.372608360000074 ], [ 120.809194069000114, 14.372611083000034 ], [ 120.809243881000029, 14.372620707000069 ], [ 120.809268058000029, 14.372623443000062 ], [ 120.809287974000085, 14.372627568000041 ], [ 120.809296499000084, 14.372627556000056 ], [ 120.809353403000046, 14.372642696000069 ], [ 120.809383337000099, 14.37266063900006 ], [ 120.80940327900008, 14.372670295000034 ], [ 120.809429042000033, 14.372686953000033 ], [ 120.809639929000014, 14.372800064000046 ], [ 120.809672761000115, 14.372826261000059 ], [ 120.809833867000066, 14.37293251300002 ], [ 120.809848078000073, 14.37294355800003 ], [ 120.809855219000042, 14.37295183900005 ], [ 120.809879400000113, 14.372972543000056 ], [ 120.809902077000075, 14.372986344000026 ], [ 120.809917673000101, 14.372994622000018 ], [ 120.809926186000084, 14.372996001000047 ], [ 120.809951441000067, 14.373005985000077 ], [ 120.809959984000116, 14.373007371000028 ], [ 120.809994157, 14.373023940000049 ], [ 120.810002698000048, 14.373026704000042 ], [ 120.810024052000017, 14.373039124000057 ], [ 120.810071014000087, 14.37305845000003 ], [ 120.810083822000024, 14.373066726000047 ], [ 120.810110852000093, 14.373079143000037 ], [ 120.8101634840001, 14.373108104000041 ], [ 120.810174858000082, 14.373112242000044 ], [ 120.810180548000076, 14.373116378000081 ], [ 120.810189077, 14.373119136000071 ], [ 120.810227463000061, 14.373138436000032 ], [ 120.810243116000038, 14.373153596000067 ], [ 120.810251647000072, 14.373159109000026 ], [ 120.810267300000078, 14.373174269000062 ], [ 120.810280096000028, 14.37318253700005 ], [ 120.810292902000015, 14.373194941000065 ], [ 120.810301447000029, 14.373205967000045 ], [ 120.810317099000031, 14.373221126000034 ], [ 120.810325649000106, 14.373233532000027 ], [ 120.810362662000117, 14.373274881000045 ], [ 120.810382584000095, 14.373294176000055 ], [ 120.810406808000039, 14.373327264000064 ], [ 120.810423889000049, 14.373345183000028 ], [ 120.81044663800003, 14.37336171400006 ], [ 120.810462285000071, 14.373375494000072 ], [ 120.810518752, 14.37341528100006 ], [ 120.810544133, 14.373439981000049 ], [ 120.810559623000017, 14.373452308000022 ], [ 120.810563856000044, 14.373457801000031 ], [ 120.810572295000043, 14.37346326800002 ], [ 120.810633603000042, 14.373488296000062 ], [ 120.810654896000074, 14.373504849000028 ], [ 120.81066624600011, 14.37351175100002 ], [ 120.810671920000118, 14.373513142000037 ], [ 120.810721517000047, 14.373536619000044 ], [ 120.81074699400007, 14.373551772000042 ], [ 120.81076821200007, 14.373566904000027 ], [ 120.810816247000062, 14.373594408000031 ], [ 120.810862810000117, 14.373628714000063 ], [ 120.810881151000103, 14.37365200800002 ], [ 120.810906552, 14.373694463000051 ], [ 120.810913601000038, 14.373704046000055 ], [ 120.810926279000128, 14.373716362000037 ], [ 120.810990965000101, 14.373761457000059 ], [ 120.811047089000127, 14.373792808000074 ], [ 120.811055509000084, 14.373800993000033 ], [ 120.811121330000105, 14.373844542000027 ], [ 120.811170220000022, 14.373866223000046 ], [ 120.811241369000086, 14.373910964000062 ], [ 120.811258076000072, 14.373919070000053 ], [ 120.81128870100008, 14.373938009000026 ], [ 120.811310941000116, 14.373948797000024 ], [ 120.81132206700012, 14.373956914000077 ], [ 120.811348456000019, 14.373971753000038 ], [ 120.811356801000116, 14.373979877000069 ], [ 120.811369335000094, 14.37399614800006 ], [ 120.81141374700006, 14.374029901000032 ], [ 120.811434568000109, 14.374050175000031 ], [ 120.811455422000108, 14.374078605000021 ], [ 120.811469297000045, 14.374093468000071 ], [ 120.811490058000118, 14.374108265000075 ], [ 120.81152713500002, 14.374138396000035 ], [ 120.811549063000029, 14.374149023000028 ], [ 120.811591052000026, 14.374173769000034 ], [ 120.811618404000114, 14.374194936000039 ], [ 120.811634797000025, 14.374214308000033 ], [ 120.811642074000034, 14.374228383000057 ], [ 120.811642064000011, 14.374235413000067 ], [ 120.811649117000115, 14.37425995600006 ], [ 120.81165063100002, 14.37428979200007 ], [ 120.811657723000053, 14.374310895000066 ], [ 120.811668501000099, 14.374330266000074 ], [ 120.811677410000016, 14.374354949000061 ], [ 120.811695425000039, 14.374386737000069 ], [ 120.81171159500002, 14.374423897000042 ], [ 120.811727868000034, 14.374452258000078 ], [ 120.811742406, 14.374469999000043 ], [ 120.811769750000053, 14.374494847000047 ], [ 120.811817240000096, 14.37453036200003 ], [ 120.811846521, 14.374544540000047 ], [ 120.811875831000066, 14.374562183000025 ], [ 120.811884989000077, 14.374565687000027 ], [ 120.811894138000071, 14.374572757000063 ], [ 120.811908778000088, 14.374579784000044 ], [ 120.811916094000026, 14.374585080000028 ], [ 120.811928893000072, 14.374595686000076 ], [ 120.811934377000057, 14.374602782000069 ], [ 120.811949002, 14.374613369000031 ], [ 120.811974591000066, 14.374636359000018 ], [ 120.812002019000047, 14.374668270000033 ], [ 120.812020288000113, 14.374682387000064 ], [ 120.812071317000118, 14.374701476000039 ], [ 120.81208949400002, 14.374704832000077 ], [ 120.812129388000031, 14.374707915000048 ], [ 120.812145667000095, 14.374707713000078 ], [ 120.812160149000093, 14.374711104000024 ], [ 120.812178212000049, 14.374712661000045 ], [ 120.812208911000084, 14.374719406000056 ], [ 120.812261283000112, 14.374741889000063 ], [ 120.812277469000051, 14.374745231000073 ], [ 120.812284683000044, 14.374748695000051 ], [ 120.812315236000018, 14.374757172000045 ], [ 120.812389206000049, 14.374807729000054 ], [ 120.812417876000026, 14.374817956000072 ], [ 120.812477565000108, 14.374844202000078 ], [ 120.812497463000099, 14.374870486000075 ], [ 120.812513763000084, 14.374884519000034 ], [ 120.812521016000105, 14.374888035000021 ], [ 120.812535563000097, 14.374891597000044 ], [ 120.812559325000052, 14.374891785000045 ], [ 120.81256664600005, 14.374890094000019 ], [ 120.812584941000054, 14.374890238000033 ], [ 120.812599596000027, 14.37488685200003 ], [ 120.812608752000074, 14.374886924000066 ], [ 120.812645420000081, 14.374881956000026 ], [ 120.812663760000063, 14.374882098000056 ], [ 120.812671093000077, 14.374883908000072 ], [ 120.81268575, 14.374891036000063 ], [ 120.812743998000101, 14.37493172200004 ], [ 120.812774461000117, 14.37495594600006 ], [ 120.812792367000043, 14.374975051000032 ], [ 120.812810332000026, 14.37499068600005 ], [ 120.812873530000047, 14.37502715100004 ], [ 120.812918872000054, 14.375044497000031 ], [ 120.812927943000105, 14.375049729000072 ], [ 120.812951585000064, 14.375056660000043 ], [ 120.812989811000079, 14.375072342000069 ], [ 120.813006209000051, 14.375081086000019 ], [ 120.813009862000072, 14.375081072000057 ], [ 120.813040886000067, 14.37509682900003 ], [ 120.813081122000085, 14.375114349000054 ], [ 120.81313796500001, 14.375131856000053 ], [ 120.813156334000055, 14.375140657000028 ], [ 120.813200506000044, 14.375170691000049 ], [ 120.813228164000066, 14.375191989000035 ], [ 120.81324474500002, 14.37520090000004 ], [ 120.81326870800001, 14.375216936000072 ], [ 120.813305647000121, 14.375256144000049 ], [ 120.813313023000106, 14.375259713000045 ], [ 120.813318566000021, 14.375265064000077 ], [ 120.813348083000065, 14.375281127000054 ], [ 120.813383209000108, 14.375311476000038 ], [ 120.813453343000106, 14.37534541500003 ], [ 120.81346071300004, 14.375347200000022 ], [ 120.813466258000062, 14.375350774000026 ], [ 120.813469935000072, 14.37535077200004 ], [ 120.813501342000094, 14.375368642000069 ], [ 120.813508759000115, 14.375375794000036 ], [ 120.813525387000027, 14.37538473200004 ], [ 120.813540196000076, 14.375395462000029 ], [ 120.813595652000132, 14.375425865000061 ], [ 120.813628911000023, 14.375441960000051 ], [ 120.813636281000058, 14.375443743000062 ], [ 120.813649227000042, 14.375450900000033 ], [ 120.813652900000093, 14.375450895000025 ], [ 120.813678749000019, 14.375461621000058 ], [ 120.813711914, 14.375470541000023 ], [ 120.813734064000087, 14.375479477000054 ], [ 120.813750629000097, 14.37548303900007 ], [ 120.813758021000027, 14.375486616000041 ], [ 120.813789330000091, 14.375493745000023 ], [ 120.81386362, 14.375522467000055 ], [ 120.813872900000092, 14.375524268000049 ], [ 120.813874767000016, 14.375526062000063 ], [ 120.813891491000049, 14.375531455000045 ], [ 120.813930279000047, 14.375538607000063 ], [ 120.8139395070001, 14.375542182000062 ], [ 120.813983740000026, 14.375552885000046 ], [ 120.814018803000067, 14.375567184000033 ], [ 120.81405025200003, 14.375588661000048 ], [ 120.81409457300002, 14.375610121000024 ], [ 120.814137073000111, 14.375633379000019 ], [ 120.814163019000034, 14.375654872000037 ], [ 120.81419272100004, 14.37568354500007 ], [ 120.814201966000041, 14.375688915000069 ], [ 120.814244699000028, 14.375731945000041 ], [ 120.814253946, 14.375737316000029 ], [ 120.814276219000021, 14.37575703900006 ], [ 120.814283610000089, 14.375760618000069 ], [ 120.814307725000063, 14.375780340000061 ], [ 120.814320819000059, 14.375800093000066 ], [ 120.814346910000054, 14.37583061600003 ], [ 120.814352532000058, 14.375839601000052 ], [ 120.814365549000073, 14.375852167000062 ], [ 120.814385963000049, 14.37586831500005 ], [ 120.8143933570001, 14.375871896000037 ], [ 120.814423030000057, 14.375893422000047 ], [ 120.814426774000026, 14.375898816000072 ], [ 120.81444342500005, 14.375907773000051 ], [ 120.814466053000046, 14.375926621000076 ], [ 120.814480849, 14.375935573000049 ], [ 120.814493797000083, 14.37594810000007 ], [ 120.814534496000078, 14.375978536000048 ], [ 120.814564093000058, 14.375994655000055 ], [ 120.814623285000039, 14.376039440000058 ], [ 120.814630677000082, 14.376043025000058 ], [ 120.814660257000014, 14.376064525000061 ], [ 120.814667659000065, 14.376073480000059 ], [ 120.814686150000071, 14.376089602000034 ], [ 120.814758222000023, 14.376141539000059 ], [ 120.814774864000015, 14.37615765600003 ], [ 120.814841385000037, 14.37621136600006 ], [ 120.814867268000057, 14.376236433000033 ], [ 120.814894983000045, 14.376259704000061 ], [ 120.814900545000114, 14.37626866200003 ], [ 120.814924595000107, 14.376295526000037 ], [ 120.81495414700008, 14.376318790000028 ], [ 120.814993017, 14.376365363000048 ], [ 120.815031798000064, 14.376395779000063 ], [ 120.815098168000077, 14.376433282000052 ], [ 120.815125875000035, 14.376458332000023 ], [ 120.815135090000012, 14.37646368800006 ], [ 120.81513695, 14.376467274000049 ], [ 120.815173894000068, 14.376501270000063 ], [ 120.81519807700009, 14.376546108000072 ], [ 120.815209208000056, 14.37656224300002 ], [ 120.815240642000049, 14.376594472000018 ], [ 120.815261031000077, 14.37662136100005 ], [ 120.815310889000116, 14.376664291000052 ], [ 120.815377818000115, 14.376706369000031 ], [ 120.815429557000016, 14.376747548000029 ], [ 120.815436945000101, 14.376751132000038 ], [ 120.815442488000045, 14.376756501000044 ], [ 120.815457262000123, 14.376763667000031 ], [ 120.815475736000053, 14.376779774000056 ], [ 120.815518201000046, 14.376804837000064 ], [ 120.815527426000017, 14.376808418000049 ], [ 120.815555113000073, 14.376826312000045 ], [ 120.815592009000071, 14.376845993000076 ], [ 120.815616, 14.376863878000048 ], [ 120.815623375000087, 14.376867454000037 ], [ 120.815652901000021, 14.376890701000033 ], [ 120.81568240300011, 14.376908578000039 ], [ 120.815704549000102, 14.376928244000055 ], [ 120.815726680000012, 14.376944331000058 ], [ 120.815739586000063, 14.376953266000045 ], [ 120.815750638000068, 14.376958624000055 ], [ 120.815767233000074, 14.37697113300004 ], [ 120.815793029000019, 14.376985422000075 ], [ 120.815822625000024, 14.377006886000062 ], [ 120.815854141000059, 14.37703552800002 ], [ 120.815892978000093, 14.377060580000039 ], [ 120.815920767000094, 14.37708207000003 ], [ 120.815966990000106, 14.377112493000022 ], [ 120.815976140000089, 14.377119615000021 ], [ 120.816000004000102, 14.377144597000038 ], [ 120.816051107000021, 14.377180107000068 ], [ 120.816067556, 14.377194333000034 ], [ 120.816074903000072, 14.377203251000024 ], [ 120.816102234000027, 14.377222748000065 ], [ 120.816167631000084, 14.377263362000063 ], [ 120.816169487000025, 14.377266935000019 ], [ 120.816180376000034, 14.377273994000065 ], [ 120.816229553000085, 14.377318306000063 ], [ 120.816245888000026, 14.37733066800007 ], [ 120.816256851000048, 14.377343100000076 ], [ 120.816265924000049, 14.37735016300007 ], [ 120.816284199000066, 14.377371476000066 ], [ 120.816293267000106, 14.377378533000071 ], [ 120.816326017000051, 14.377410398000052 ], [ 120.816362452000035, 14.377449377000064 ], [ 120.81637165000005, 14.377463618000037 ], [ 120.816378919000044, 14.377470690000052 ], [ 120.816406396000048, 14.377508007000079 ], [ 120.8164176800001, 14.377536633000032 ], [ 120.816423169000018, 14.377543736000064 ], [ 120.816426997, 14.377556288000049 ], [ 120.816451205000035, 14.377606329000061 ], [ 120.81645499800004, 14.37761708800002 ], [ 120.816457189000062, 14.377651608000063 ], [ 120.816455411000092, 14.377656955000075 ], [ 120.816433912000093, 14.377690884000057 ], [ 120.81641404800007, 14.377708809000067 ], [ 120.816410455000096, 14.377714190000061 ], [ 120.816401374000066, 14.377719587000053 ], [ 120.816395945000082, 14.377724980000034 ], [ 120.816383338000023, 14.377744766000035 ], [ 120.816376171000115, 14.377760975000056 ], [ 120.816372720000118, 14.377782602000027 ], [ 120.816372903000101, 14.377800639000041 ], [ 120.816380552000055, 14.377829505000021 ], [ 120.816380608000031, 14.377834930000061 ], [ 120.816397527000049, 14.377869226000026 ], [ 120.816408744000114, 14.377885465000077 ], [ 120.816434826000091, 14.37791430200002 ], [ 120.816457103000047, 14.377932281000028 ], [ 120.81647746900002, 14.377944821000025 ], [ 120.816503327000078, 14.377957305000049 ], [ 120.816510739000037, 14.377962688000027 ], [ 120.816521316000035, 14.377966066000056 ], [ 120.816655831000062, 14.377832101000021 ] ] ] } },
{ "type": "Feature", "properties": { "adm1_psgc": 400000000, "adm2_psgc": 402100000, "adm3_psgc": 402120000, "adm4_psgc": 402120011, "adm4_en": "Julugan I", "geo_level": "Bgy", "len_crs": 2211, "area_crs": 189223, "len_km": 2, "area_km2": 0.0 }, "geometry": { "type": "Polygon", "coordinates": [ [ [ 120.846931432000034, 14.407510286000047 ], [ 120.847644473000074, 14.406764834000052 ], [ 120.847961067000028, 14.406433849000052 ], [ 120.848744994000057, 14.40604773600006 ], [ 120.84839315000012, 14.405508996000032 ], [ 120.848303443000063, 14.405537190000077 ], [ 120.848223380000036, 14.40554865800004 ], [ 120.847052862000055, 14.404956672000019 ], [ 120.846528368, 14.404686649000041 ], [ 120.846117794000065, 14.404526137000062 ], [ 120.844572778000042, 14.403734422000067 ], [ 120.84428366900012, 14.403718795000032 ], [ 120.844045350000101, 14.403703167000062 ], [ 120.843896889000021, 14.403714888000026 ], [ 120.843382374000058, 14.403822356000035 ], [ 120.842393470000047, 14.404068185000028 ], [ 120.841367835000028, 14.404614998000053 ], [ 120.841382260000046, 14.404660359000047 ], [ 120.841386161000059, 14.404667916000045 ], [ 120.841390089000029, 14.404690649000029 ], [ 120.841399867000078, 14.404722822000053 ], [ 120.841405764000129, 14.404758824000055 ], [ 120.841413580000108, 14.404781527000065 ], [ 120.841417504000106, 14.404798580000037 ], [ 120.841429247000065, 14.404828878000048 ], [ 120.841431216000046, 14.404838365000048 ], [ 120.841442949000111, 14.404864862000066 ], [ 120.841448829000115, 14.404887597000027 ], [ 120.841462504000106, 14.404919749000046 ], [ 120.841476223000086, 14.404972795000047 ], [ 120.84148013100004, 14.404982252000028 ], [ 120.841476231000129, 14.404976595000049 ], [ 120.841484228000027, 14.405017019000072 ], [ 120.841492042000027, 14.405030297000051 ], [ 120.841494004000083, 14.405041643000059 ], [ 120.841497914000129, 14.405051114000061 ], [ 120.84149988, 14.405064350000034 ], [ 120.841505744000074, 14.405077612000067 ], [ 120.84151748500004, 14.405115472000038 ], [ 120.841523368000026, 14.40514764100004 ], [ 120.841533141000014, 14.405185527000071 ], [ 120.841578032000044, 14.405299214000021 ], [ 120.841601431000072, 14.40535035400006 ], [ 120.841607286000112, 14.405369282000033 ], [ 120.841620921000072, 14.405397685000027 ], [ 120.841650114000117, 14.405448796000028 ], [ 120.84166956300011, 14.405479069000027 ], [ 120.841691003000065, 14.405533899000034 ], [ 120.841698793000106, 14.405549022000057 ], [ 120.8417104870001, 14.405581156000036 ], [ 120.841726081000047, 14.40561706400007 ], [ 120.841735835, 14.405645412000069 ], [ 120.841743629000021, 14.405660528000059 ], [ 120.841755333000037, 14.405694542000051 ], [ 120.841761174000112, 14.405703986000049 ], [ 120.841765078000094, 14.405717214000049 ], [ 120.841770921000034, 14.405728547000024 ], [ 120.841794322000055, 14.405794672000068 ], [ 120.841798217, 14.405802225000057 ], [ 120.84180602500011, 14.405824899000038 ], [ 120.841810014000089, 14.405845732000044 ], [ 120.841835648000028, 14.405919608000032 ], [ 120.841845482000068, 14.405942344000042 ], [ 120.841861167000062, 14.405968860000026 ], [ 120.841867060000041, 14.405984013000023 ], [ 120.841894481000068, 14.406035130000074 ], [ 120.841906249000104, 14.40606164700006 ], [ 120.841920009000106, 14.406101440000047 ], [ 120.841920028000132, 14.406107131000056 ], [ 120.841933773000051, 14.406141243000036 ], [ 120.841937687000055, 14.406146924000046 ], [ 120.841945553000087, 14.406167780000029 ], [ 120.841955403000057, 14.406184883000032 ], [ 120.841977147000094, 14.406232433000071 ], [ 120.841981172000033, 14.406251480000037 ], [ 120.841985121000107, 14.406259091000035 ], [ 120.841987147000054, 14.406270525000025 ], [ 120.841991097000118, 14.406278139000051 ], [ 120.841993124000069, 14.406289576000061 ], [ 120.8420070210001, 14.406325779000039 ], [ 120.842024798, 14.406358167000057 ], [ 120.842044491000024, 14.406384828000055 ], [ 120.842053797000077, 14.406412644000053 ], [ 120.842065546000086, 14.406427808000043 ], [ 120.842077300000028, 14.406446761000037 ], [ 120.842083190000039, 14.406460020000054 ], [ 120.842104731000077, 14.406492246000024 ], [ 120.842108661000111, 14.406501718000069 ], [ 120.842130151000106, 14.40653017900007 ], [ 120.842155538000043, 14.406570011000035 ], [ 120.842157521000118, 14.406587063000078 ], [ 120.842161433000115, 14.406596541000056 ], [ 120.842165373000057, 14.406619281000079 ], [ 120.842165377000029, 14.406632551000031 ], [ 120.842163430000014, 14.406640132000067 ], [ 120.842157582000027, 14.406645817000022 ], [ 120.842134182000123, 14.406655286000044 ], [ 120.842118577000065, 14.406664762000045 ], [ 120.842085397, 14.406672340000055 ], [ 120.842071729000068, 14.406678029000034 ], [ 120.842065873000038, 14.406687515000044 ], [ 120.842063924000072, 14.406702695000039 ], [ 120.842069784000046, 14.406706489000042 ], [ 120.842081502000042, 14.406708385000059 ], [ 120.842101023000069, 14.406702693000053 ], [ 120.842163439000046, 14.406676150000067 ], [ 120.84224320400007, 14.40665345000002 ], [ 120.842254847000049, 14.406651566000047 ], [ 120.842312951000039, 14.40662513700005 ], [ 120.842336170000081, 14.406617603000031 ], [ 120.842376781000112, 14.40661009900003 ], [ 120.84238720800009, 14.406610113000053 ], [ 120.8431914250001, 14.406316201000037 ], [ 120.843848111000057, 14.406035521000033 ], [ 120.84470604, 14.405738953000025 ], [ 120.84515089200012, 14.405648923000063 ], [ 120.845175756000103, 14.405787639000042 ], [ 120.845219738000068, 14.406167917000062 ], [ 120.845336145000033, 14.407263219000068 ], [ 120.845410993000101, 14.407605382000042 ], [ 120.8454940270001, 14.40759188800007 ], [ 120.845620489000098, 14.407624239000029 ], [ 120.845744009000114, 14.407662471000037 ], [ 120.845885175000021, 14.407735995000056 ], [ 120.845985168000098, 14.407821283000029 ], [ 120.846362303000106, 14.408206995000057 ], [ 120.846931432000034, 14.407510286000047 ] ] ] } },
{ "type": "Feature", "properties": { "adm1_psgc": 400000000, "adm2_psgc": 402100000, "adm3_psgc": 402120000, "adm4_psgc": 402120012, "adm4_en": "Mulawin", "geo_level": "Bgy", "len_crs": 6711, "area_crs": 1973394, "len_km": 6, "area_km2": 1.0 }, "geometry": { "type": "Polygon", "coordinates": [ [ [ 120.857100655000067, 14.388928439000042 ], [ 120.85700341800009, 14.388685347000035 ], [ 120.856996472000105, 14.388317235000045 ], [ 120.857017309000071, 14.387886613000035 ], [ 120.85702587500009, 14.387841212000065 ], [ 120.857086764000087, 14.387518502000031 ], [ 120.857203514000048, 14.387437513000062 ], [ 120.857274293000046, 14.387421265000055 ], [ 120.857489603000104, 14.387469883000046 ], [ 120.857776652000098, 14.387485577000067 ], [ 120.858000297000117, 14.387463651000076 ], [ 120.858373038000096, 14.387297014000065 ], [ 120.85886856500008, 14.387191769000028 ], [ 120.859263232000117, 14.387121606000054 ], [ 120.859342166000033, 14.387147917000052 ], [ 120.859434255000124, 14.387182999000061 ], [ 120.859583351000083, 14.387327710000019 ], [ 120.859723678000023, 14.387525044000025 ], [ 120.859868389000113, 14.387639059000035 ], [ 120.85997363400007, 14.387700451000056 ], [ 120.860306908000098, 14.387726762000057 ], [ 120.860666494000043, 14.387647829000059 ], [ 120.860894524000059, 14.387551355000031 ], [ 120.861043620000046, 14.387437340000075 ], [ 120.861170791000063, 14.387209310000054 ], [ 120.861293576000094, 14.386915502000019 ], [ 120.861419240000032, 14.386537875000046 ], [ 120.861330973, 14.386430621000047 ], [ 120.86123250300011, 14.386165983000069 ], [ 120.86126327500007, 14.385950580000035 ], [ 120.861380208, 14.385587472000051 ], [ 120.861490987000039, 14.385150513000042 ], [ 120.861494949000075, 14.385117823000028 ], [ 120.861515604000033, 14.384947419000067 ], [ 120.861503295000034, 14.384781251000046 ], [ 120.861423289000072, 14.384215049000032 ], [ 120.861275584000055, 14.383630384000073 ], [ 120.861250966000043, 14.383064183000045 ], [ 120.861226349000049, 14.382424129000068 ], [ 120.861294047000115, 14.38199947800007 ], [ 120.861392517000027, 14.38158098100007 ], [ 120.861466369000027, 14.38127941700003 ], [ 120.861460215000093, 14.381002470000054 ], [ 120.861410980000088, 14.380657826000062 ], [ 120.861460215000093, 14.380030081000029 ], [ 120.858592662000092, 14.379900857000052 ], [ 120.855872762000118, 14.379980796000037 ], [ 120.855620011000042, 14.379988224000044 ], [ 120.855342638000025, 14.380032408000034 ], [ 120.854472265000041, 14.380007246000048 ], [ 120.853824886000083, 14.380060837000029 ], [ 120.853329706000054, 14.38011442800007 ], [ 120.853302397000107, 14.380110389000036 ], [ 120.853280402000109, 14.380101566000063 ], [ 120.853266347000044, 14.380085697000027 ], [ 120.853261409000083, 14.380067920000043 ], [ 120.845540649000114, 14.378831572000022 ], [ 120.845460509000077, 14.378851607000058 ], [ 120.845370352000032, 14.378906703000043 ], [ 120.844729233000066, 14.379137106000032 ], [ 120.844604351000029, 14.378995660000045 ], [ 120.843245939000084, 14.377470361000061 ], [ 120.843198071000074, 14.377464961000042 ], [ 120.84312134400011, 14.377415314000071 ], [ 120.843079855000042, 14.377399498000045 ], [ 120.843022050000059, 14.377397260000063 ], [ 120.842927270000018, 14.377483014000063 ], [ 120.842710629000081, 14.377762842000037 ], [ 120.842254781000051, 14.378245770000037 ], [ 120.842211787000124, 14.378263137000031 ], [ 120.842169028000072, 14.378263823000054 ], [ 120.842060707000101, 14.378209663000062 ], [ 120.841979467000115, 14.378182583000068 ], [ 120.841916280000092, 14.378209663000058 ], [ 120.841293438000108, 14.37883701800007 ], [ 120.840345635000062, 14.379938275000027 ], [ 120.840228288000034, 14.38003756900002 ], [ 120.840110941000049, 14.380055622000047 ], [ 120.83999359400002, 14.380073676000052 ], [ 120.839916867000056, 14.380132349000064 ], [ 120.839560313000092, 14.380380583000035 ], [ 120.838062549000028, 14.381492710000032 ], [ 120.838412636000044, 14.38176765700007 ], [ 120.838568933000047, 14.38187012800006 ], [ 120.839388942000028, 14.382472657000047 ], [ 120.84098259200006, 14.383690166000063 ], [ 120.84148741300011, 14.38407620500004 ], [ 120.84168045100013, 14.384241712000065 ], [ 120.843620581000096, 14.385670590000071 ], [ 120.843912533000093, 14.385887622000041 ], [ 120.844319990000031, 14.386217954000072 ], [ 120.844862784000043, 14.386620107000054 ], [ 120.845247813000029, 14.38692338400006 ], [ 120.845525728000098, 14.387130923000031 ], [ 120.846371579000092, 14.387765740000075 ], [ 120.847155524000087, 14.387604899000049 ], [ 120.847400531000062, 14.387499102000049 ], [ 120.84744192900007, 14.387466331000038 ], [ 120.847898091000047, 14.387229803000023 ], [ 120.848330495000027, 14.387064127000031 ], [ 120.848427463000021, 14.387060854000028 ], [ 120.848497825000109, 14.387082216000069 ], [ 120.848821676000057, 14.387370593000069 ], [ 120.849305996000098, 14.387359330000036 ], [ 120.850128212000058, 14.387370593000069 ], [ 120.850302793000083, 14.387376225000025 ], [ 120.851519430000067, 14.387589833000051 ], [ 120.851540430000128, 14.387638834000031 ], [ 120.85159643100009, 14.387666834000068 ], [ 120.851652431000048, 14.387680834000035 ], [ 120.853185451000073, 14.387834836000023 ], [ 120.853300952000055, 14.387831336000033 ], [ 120.853768171000084, 14.388297848000034 ], [ 120.854065215000105, 14.388288250000075 ], [ 120.854412439000029, 14.388265481000079 ], [ 120.854503515000033, 14.388262635000045 ], [ 120.854586051000069, 14.388293942000072 ], [ 120.855232116000039, 14.388629782000063 ], [ 120.855482814000084, 14.388753966000024 ], [ 120.855534014000099, 14.388797289000021 ], [ 120.855918532000032, 14.388913985000048 ], [ 120.856470296000097, 14.389081438000064 ], [ 120.857156219000103, 14.389289606000036 ], [ 120.857100655000067, 14.388928439000042 ] ] ] } },
{ "type": "Feature", "properties": { "adm1_psgc": 400000000, "adm2_psgc": 402100000, "adm3_psgc": 402120000, "adm4_psgc": 402120015, "adm4_en": "Paradahan I", "geo_level": "Bgy", "len_crs": 6978, "area_crs": 2491660, "len_km": 6, "area_km2": 2.0 }, "geometry": { "type": "Polygon", "coordinates": [ [ [ 120.850052088000112, 14.326748159000031 ], [ 120.851391428000056, 14.326301713000074 ], [ 120.852009651000131, 14.326119456000072 ], [ 120.852338099, 14.326023448000056 ], [ 120.852407479000021, 14.326002488000029 ], [ 120.853216036000049, 14.32575821300003 ], [ 120.854320315000123, 14.325421727000045 ], [ 120.855661787000045, 14.325331177000063 ], [ 120.855917274000035, 14.325316907000062 ], [ 120.858161544000026, 14.325284602000066 ], [ 120.85902117, 14.325266074000069 ], [ 120.859628472000054, 14.32526074600003 ], [ 120.86022330600008, 14.325253534000069 ], [ 120.860320145000074, 14.32449708000007 ], [ 120.8604564850001, 14.323644116000029 ], [ 120.86061599300001, 14.323643839000056 ], [ 120.861182980000066, 14.323522341000059 ], [ 120.861556818000054, 14.323391498000035 ], [ 120.861603548000076, 14.323335422000071 ], [ 120.861612894000032, 14.323257540000041 ], [ 120.86158174000002, 14.323129811000056 ], [ 120.861563049000097, 14.322946008000029 ], [ 120.861587971000063, 14.322855664000031 ], [ 120.861668969000092, 14.322768435000059 ], [ 120.861921310000071, 14.322824511000022 ], [ 120.862148728000065, 14.322899278000023 ], [ 120.862416645000053, 14.322958469000074 ], [ 120.862587987000097, 14.322967815000029 ], [ 120.862812290000093, 14.322933547000044 ], [ 120.863061515000027, 14.322855664000029 ], [ 120.86337003000007, 14.322812182000064 ], [ 120.863525696, 14.322790242000051 ], [ 120.863834113000053, 14.322812049000051 ], [ 120.864005455000097, 14.322868125000072 ], [ 120.864098914, 14.322927316000062 ], [ 120.86418302800007, 14.323020775000032 ], [ 120.86424859400006, 14.323175528000034 ], [ 120.864528729000085, 14.323056389000046 ], [ 120.864776665000036, 14.323001650000034 ], [ 120.865333716, 14.322901832000069 ], [ 120.865771630000026, 14.322776254000072 ], [ 120.866032445000073, 14.322657116000071 ], [ 120.866331901000081, 14.322457479000033 ], [ 120.86685353200005, 14.322170904000075 ], [ 120.867700379000084, 14.321723331000042 ], [ 120.867768971000032, 14.321651444000054 ], [ 120.868027282000057, 14.321457615000044 ], [ 120.868075523000016, 14.321420095000063 ], [ 120.86817714900009, 14.321340120000059 ], [ 120.86804917500001, 14.321364249000055 ], [ 120.867913079000118, 14.321263656000045 ], [ 120.867806569000109, 14.321163063000027 ], [ 120.867735562, 14.321056553000064 ], [ 120.867599465000012, 14.320950042000048 ], [ 120.867481120000093, 14.320849449000034 ], [ 120.867350941000041, 14.320707436000079 ], [ 120.867232596, 14.320595008000053 ], [ 120.867096500000116, 14.320506250000049 ], [ 120.866960403000022, 14.320417491000057 ], [ 120.866771052000104, 14.320287312000062 ], [ 120.86668821100011, 14.320133463000049 ], [ 120.86678288600001, 14.319961864000053 ], [ 120.866842059000078, 14.319813933000033 ], [ 120.866794721000019, 14.319671919000028 ], [ 120.866800638000086, 14.31955357400005 ], [ 120.866842059000078, 14.319435229000021 ], [ 120.866901231000043, 14.319322802000043 ], [ 120.866972238000017, 14.319151202000057 ], [ 120.867084665000107, 14.319103864000054 ], [ 120.867185259000053, 14.319026940000073 ], [ 120.867214845000035, 14.318920430000047 ], [ 120.867185259000053, 14.318796168000063 ], [ 120.867179341000124, 14.318677823000028 ], [ 120.867185259000053, 14.318571313000065 ], [ 120.867185259000053, 14.318364209000038 ], [ 120.867292314000096, 14.31829075500008 ], [ 120.867297527000119, 14.318134365000049 ], [ 120.867292314000096, 14.317977975000076 ], [ 120.86725582300005, 14.317821585000051 ], [ 120.86710464600003, 14.317753816000048 ], [ 120.866932617000103, 14.317706899000026 ], [ 120.86681271800002, 14.317571361000033 ], [ 120.866744949, 14.317451462000065 ], [ 120.866635476000042, 14.317321137000022 ], [ 120.86654164200003, 14.317196025000044 ], [ 120.866406104000021, 14.317013570000029 ], [ 120.86634876100004, 14.316831115000072 ], [ 120.866359187000072, 14.316700790000027 ], [ 120.86636961300006, 14.316570465000039 ], [ 120.866327909, 14.316434927000042 ], [ 120.86636440000008, 14.316330667000045 ], [ 120.866411317000029, 14.316135180000057 ], [ 120.866403498000068, 14.315924054000046 ], [ 120.866380039000092, 14.315728566000075 ], [ 120.866340942000093, 14.315548718000057 ], [ 120.866239288000088, 14.315337591000059 ], [ 120.866129815, 14.31518120100003 ], [ 120.866082898000059, 14.314993534000052 ], [ 120.866035981000095, 14.314805865000039 ], [ 120.866035981000095, 14.314485266000073 ], [ 120.866067259000033, 14.314172486000077 ], [ 120.866152034000038, 14.314023093000062 ], [ 120.866172604000099, 14.313898443000026 ], [ 120.866266129000124, 14.313477581000027 ], [ 120.866172302000123, 14.313454603000022 ], [ 120.865995344000126, 14.313407414000036 ], [ 120.865765300000035, 14.313330732000052 ], [ 120.865647328000023, 14.313254050000065 ], [ 120.86553525500004, 14.313071195000077 ], [ 120.86561193600005, 14.312917831000048 ], [ 120.865700415000106, 14.31285884600004 ], [ 120.865883271000015, 14.312711381000042 ], [ 120.865965851000055, 14.312499032000064 ], [ 120.8658950680001, 14.312215900000067 ], [ 120.865765300000035, 14.312086131000056 ], [ 120.865511660000024, 14.312062537000029 ], [ 120.865311109000118, 14.31200945000006 ], [ 120.865045672000079, 14.311879681000052 ], [ 120.864809729000044, 14.311761709000052 ], [ 120.864674061000088, 14.311602447000038 ], [ 120.864538394000078, 14.311437287000047 ], [ 120.864538394000078, 14.311272126000064 ], [ 120.864485307000095, 14.311160053000037 ], [ 120.864379132000067, 14.311095169000055 ], [ 120.864308349000098, 14.310988994000068 ], [ 120.863638675000061, 14.310930093000026 ], [ 120.862443344000098, 14.310824958000067 ], [ 120.860363168000049, 14.310208122000063 ], [ 120.858166812000022, 14.309510843000051 ], [ 120.858056471000054, 14.309811428000046 ], [ 120.858026032000112, 14.310047329000042 ], [ 120.858037447000029, 14.310214743000074 ], [ 120.857797740000024, 14.31106322800002 ], [ 120.85753520500009, 14.311089862000072 ], [ 120.857398229000069, 14.311253472000033 ], [ 120.857227010000088, 14.311451325000062 ], [ 120.857013938000037, 14.311687226000062 ], [ 120.856679110000087, 14.312044884000043 ], [ 120.856488867000067, 14.312143810000064 ], [ 120.85637091600006, 14.312372102000037 ], [ 120.856214916000113, 14.312425370000028 ], [ 120.855948576000046, 14.31250146800005 ], [ 120.855743113000017, 14.312790637000033 ], [ 120.854966920000024, 14.312999905000028 ], [ 120.854833750000026, 14.313197758000058 ], [ 120.850482445000011, 14.318213302000059 ], [ 120.849983909000102, 14.32003871200004 ], [ 120.848194711000019, 14.32497927600002 ], [ 120.847994552000046, 14.326709338000054 ], [ 120.849430945000123, 14.326786981000055 ], [ 120.850052088000112, 14.326748159000031 ] ] ] } },
{ "type": "Feature", "properties": { "adm1_psgc": 400000000, "adm2_psgc": 402100000, "adm3_psgc": 402120000, "adm4_psgc": 402120016, "adm4_en": "Barangay I", "geo_level": "Bgy", "len_crs": 1369, "area_crs": 105283, "len_km": 1, "area_km2": 0.0 }, "geometry": { "type": "Polygon", "coordinates": [ [ [ 120.857939755000075, 14.402352139000072 ], [ 120.85794155300006, 14.402351680000031 ], [ 120.858479306000049, 14.401933427000078 ], [ 120.858792996000034, 14.401619737000029 ], [ 120.859345687000086, 14.401081984000028 ], [ 120.859534508000024, 14.400816333000023 ], [ 120.859750715000033, 14.400210953000055 ], [ 120.859793957000079, 14.399756918000035 ], [ 120.859822784, 14.399158745000021 ], [ 120.859837339000038, 14.399024843000062 ], [ 120.859858819000024, 14.398827228000073 ], [ 120.859906715000093, 14.398700810000033 ], [ 120.859528788000034, 14.398450144000034 ], [ 120.859205963000022, 14.398262643000068 ], [ 120.858909051000069, 14.398064702000056 ], [ 120.858055461000063, 14.399215194000025 ], [ 120.858055429000046, 14.399215234000053 ], [ 120.857387379000102, 14.400062671000057 ], [ 120.857214180000028, 14.400260612000073 ], [ 120.856935825000065, 14.400668865000053 ], [ 120.856026611000075, 14.40191437100003 ], [ 120.856020802000089, 14.401950261000017 ], [ 120.856343230000107, 14.402142553000035 ], [ 120.85688098300011, 14.402471181000069 ], [ 120.85723948600004, 14.40253093100006 ], [ 120.857939755000075, 14.402352139000072 ] ] ] } },
{ "type": "Feature", "properties": { "adm1_psgc": 400000000, "adm2_psgc": 402100000, "adm3_psgc": 402120000, "adm4_psgc": 402120017, "adm4_en": "Barangay II", "geo_level": "Bgy", "len_crs": 1311, "area_crs": 52960, "len_km": 1, "area_km2": 0.0 }, "geometry": { "type": "Polygon", "coordinates": [ [ [ 120.856026611000075, 14.40191437100003 ], [ 120.856935825000065, 14.400668865000053 ], [ 120.857214180000028, 14.400260612000073 ], [ 120.857387379000102, 14.400062671000057 ], [ 120.858055429000046, 14.399215234000053 ], [ 120.858055461000063, 14.399215194000025 ], [ 120.858909051000069, 14.398064702000056 ], [ 120.85831698100003, 14.397675151000042 ], [ 120.85825298400006, 14.397633306000046 ], [ 120.857962065000052, 14.397443090000024 ], [ 120.857828501000085, 14.397355760000039 ], [ 120.856354373000059, 14.399499775000042 ], [ 120.85676262700008, 14.399926586000049 ], [ 120.856001892000094, 14.401042660000028 ], [ 120.855684535000037, 14.40181174800005 ], [ 120.855670914000029, 14.401897371000075 ], [ 120.85588972700009, 14.401894232000068 ], [ 120.856020802000089, 14.401950261000017 ], [ 120.856026611000075, 14.40191437100003 ] ] ] } },
{ "type": "Feature", "properties": { "adm1_psgc": 400000000, "adm2_psgc": 402100000, "adm3_psgc": 402120000, "adm4_psgc": 402120018, "adm4_en": "Barangay III", "geo_level": "Bgy", "len_crs": 1517, "area_crs": 62763, "len_km": 1, "area_km2": 0.0 }, "geometry": { "type": "Polygon", "coordinates": [ [ [ 120.85531522600003, 14.401950281000037 ], [ 120.855670914000029, 14.401897371000075 ], [ 120.855684535000037, 14.40181174800005 ], [ 120.856001892000094, 14.401042660000028 ], [ 120.85676262700008, 14.399926586000049 ], [ 120.856354373000059, 14.399499775000042 ], [ 120.857828501000085, 14.397355760000039 ], [ 120.857386990000023, 14.397036369000034 ], [ 120.857147446000099, 14.396876673000065 ], [ 120.856927017000089, 14.396665733000079 ], [ 120.856607524000083, 14.396839371000048 ], [ 120.856232467000055, 14.397068572000023 ], [ 120.855926864000025, 14.39732555600005 ], [ 120.855711554000109, 14.39772839600005 ], [ 120.855635153000108, 14.397957597000071 ], [ 120.855628208000113, 14.398416001000044 ], [ 120.8556976630001, 14.398589638000034 ], [ 120.855815736000082, 14.398825785000048 ], [ 120.855815736000082, 14.39905498700006 ], [ 120.855808791000086, 14.399270298000031 ], [ 120.855871300000089, 14.399485609000067 ], [ 120.855906028000064, 14.399631464000038 ], [ 120.855899082000079, 14.399770374000076 ], [ 120.855732390000085, 14.399992630000046 ], [ 120.855621262000128, 14.400305178000053 ], [ 120.855592692000059, 14.400437316000021 ], [ 120.855565698000092, 14.400562162000032 ], [ 120.855586535000043, 14.400923328000035 ], [ 120.855551807000111, 14.401103911000064 ], [ 120.855378169000133, 14.401291440000019 ], [ 120.855079513000078, 14.401645661000032 ], [ 120.855058676000112, 14.401777626000065 ], [ 120.855059020000112, 14.401991059000068 ], [ 120.854971927000065, 14.402174477000079 ], [ 120.85531522600003, 14.401950281000037 ] ] ] } },
{ "type": "Feature", "properties": { "adm1_psgc": 400000000, "adm2_psgc": 402100000, "adm3_psgc": 402120000, "adm4_psgc": 402120019, "adm4_en": "Barangay IV", "geo_level": "Bgy", "len_crs": 1519, "area_crs": 140919, "len_km": 1, "area_km2": 0.0 }, "geometry": { "type": "Polygon", "coordinates": [ [ [ 120.859959716000063, 14.398560572000063 ], [ 120.860060612000083, 14.398329951000054 ], [ 120.860269612000025, 14.398149778000061 ], [ 120.860586716000043, 14.397998433000051 ], [ 120.86114885500001, 14.397875916000034 ], [ 120.861408304000065, 14.397681330000069 ], [ 120.861581269000126, 14.397407467000049 ], [ 120.861718201000031, 14.397111984000045 ], [ 120.86178306300009, 14.396823708000056 ], [ 120.861747028000082, 14.396521018000046 ], [ 120.861612180000051, 14.395764909000029 ], [ 120.861394160000017, 14.395769451000032 ], [ 120.861248814000078, 14.395755825000037 ], [ 120.861017168000089, 14.395710404000052 ], [ 120.860780870000099, 14.395637709000027 ], [ 120.86076956400008, 14.395633443000062 ], [ 120.859204245000114, 14.395042824000031 ], [ 120.858025024000071, 14.394572814000067 ], [ 120.857843824000057, 14.394505681000055 ], [ 120.857413203000092, 14.395832272000058 ], [ 120.857197892000045, 14.396367076000043 ], [ 120.856927017000089, 14.396665733000079 ], [ 120.857147446000099, 14.396876673000065 ], [ 120.857386990000023, 14.397036369000034 ], [ 120.857828501000085, 14.397355760000039 ], [ 120.857962065000052, 14.397443090000024 ], [ 120.85825298400006, 14.397633306000046 ], [ 120.85831698100003, 14.397675151000042 ], [ 120.858909051000069, 14.398064702000056 ], [ 120.859205963000022, 14.398262643000068 ], [ 120.859528788000034, 14.398450144000034 ], [ 120.859906715000093, 14.398700810000033 ], [ 120.859959716000063, 14.398560572000063 ] ] ] } },
{ "type": "Feature", "properties": { "adm1_psgc": 400000000, "adm2_psgc": 402100000, "adm3_psgc": 402120000, "adm4_psgc": 402120020, "adm4_en": "Punta I", "geo_level": "Bgy", "len_crs": 9349, "area_crs": 2604682, "len_km": 9, "area_km2": 2.0 }, "geometry": { "type": "Polygon", "coordinates": [ [ [ 120.862819479000095, 14.361456856000077 ], [ 120.863090545000105, 14.360604128000034 ], [ 120.863333374000035, 14.359847404000051 ], [ 120.865881698000067, 14.359297734000052 ], [ 120.867610060000075, 14.358712459000056 ], [ 120.867616924000117, 14.358654118000061 ], [ 120.867640946000051, 14.358609505000063 ], [ 120.867723310000088, 14.358544301000052 ], [ 120.867807389000077, 14.358503119000034 ], [ 120.867867446000105, 14.35847223300004 ], [ 120.867886321000029, 14.358420756000044 ], [ 120.86789490000001, 14.358362415000043 ], [ 120.867884605000086, 14.358273188000057 ], [ 120.867867446000105, 14.358183961000066 ], [ 120.867833128000044, 14.358130768000025 ], [ 120.867769639000016, 14.358089586000059 ], [ 120.867683844000112, 14.358067280000059 ], [ 120.86732693600004, 14.357904269000073 ], [ 120.867266880000116, 14.357859655000023 ], [ 120.867199959000118, 14.357833917000047 ], [ 120.867126176000056, 14.357825337000062 ], [ 120.866899676000116, 14.357832201000063 ], [ 120.866760688000113, 14.357842496000046 ], [ 120.866688620000104, 14.357842496000043 ], [ 120.866661166000085, 14.357823621000019 ], [ 120.8666303870001, 14.357795735000023 ], [ 120.866628564000067, 14.357732679000033 ], [ 120.866626284000048, 14.357613120000057 ], [ 120.866632439000114, 14.357572083000036 ], [ 120.866665269, 14.357551564000063 ], [ 120.866743239000016, 14.357543357000052 ], [ 120.86676786200006, 14.357506424000064 ], [ 120.866774017000026, 14.357432557000038 ], [ 120.866771965000112, 14.357377157000027 ], [ 120.866753499000097, 14.357348431000048 ], [ 120.86671861700006, 14.357315601000042 ], [ 120.86667142400006, 14.357303290000059 ], [ 120.866572935000022, 14.357366897000073 ], [ 120.866523691000111, 14.357375105000074 ], [ 120.866488809000074, 14.357358690000066 ], [ 120.86646418700002, 14.357286875000062 ], [ 120.866439565000078, 14.357089897000035 ], [ 120.866425202000087, 14.357007822000067 ], [ 120.866400579000015, 14.35696063000006 ], [ 120.866297986000063, 14.356894970000042 ], [ 120.866176927000069, 14.356847778000027 ], [ 120.866139993000047, 14.35680263700004 ], [ 120.866115371000092, 14.356736977000024 ], [ 120.866123579000032, 14.35666926600004 ], [ 120.866168719000029, 14.356628229000023 ], [ 120.866209757000092, 14.356611814000072 ], [ 120.866250794000052, 14.356611814000075 ], [ 120.866334920000099, 14.356650799000018 ], [ 120.866435461000037, 14.356681577000073 ], [ 120.86650317200008, 14.356683629000035 ], [ 120.866564728000071, 14.356644644000026 ], [ 120.866599609000119, 14.356601555000054 ], [ 120.866609869000072, 14.356552310000041 ], [ 120.866593454000068, 14.356466132000039 ], [ 120.866375957000059, 14.356143991000065 ], [ 120.866066127000067, 14.355864938000025 ], [ 120.865889667000047, 14.355700790000073 ], [ 120.865707052000076, 14.355470982000041 ], [ 120.865674222000052, 14.355374544000028 ], [ 120.865655755000034, 14.355276055000049 ], [ 120.865662684000071, 14.355158068000039 ], [ 120.865672282000119, 14.355081288000063 ], [ 120.865696276000108, 14.35499491000007 ], [ 120.865679480000054, 14.354939724000074 ], [ 120.865612297000112, 14.354920529000026 ], [ 120.865465935000103, 14.354946922000069 ], [ 120.865302777000011, 14.354949322000037 ], [ 120.865218799000104, 14.354927727000074 ], [ 120.865161214000068, 14.354867743000053 ], [ 120.865137220000051, 14.354812557000058 ], [ 120.865125223000064, 14.354718981000076 ], [ 120.865094031, 14.354670993000067 ], [ 120.865048443000092, 14.354579817000056 ], [ 120.865038845000086, 14.354495839000037 ], [ 120.86502684800007, 14.354428656000039 ], [ 120.864995656000033, 14.354392665000033 ], [ 120.864959666000118, 14.354383068000066 ], [ 120.864822901000025, 14.35445984800003 ], [ 120.864755718000083, 14.354464647000039 ], [ 120.864688535000042, 14.354452650000043 ], [ 120.864604557, 14.354390266000051 ], [ 120.864573365000084, 14.354306287000041 ], [ 120.864602158000025, 14.354227108000035 ], [ 120.864753319000101, 14.354102340000054 ], [ 120.864906879000046, 14.353903191000029 ], [ 120.864968850000068, 14.35376079500003 ], [ 120.86499728800004, 14.353657708000071 ], [ 120.864965296000022, 14.353536848000031 ], [ 120.864919084, 14.353444425000074 ], [ 120.864798224000083, 14.353394659000061 ], [ 120.86464181700002, 14.35343020600004 ], [ 120.8643823230001, 14.35356173100007 ], [ 120.864247244000012, 14.353590168000036 ], [ 120.864108610000031, 14.35356173100007 ], [ 120.863994859000073, 14.353504855000041 ], [ 120.863930875000065, 14.353526184000033 ], [ 120.863827788000094, 14.353632825000036 ], [ 120.863703373000035, 14.35365059900005 ], [ 120.863546966000072, 14.353636380000065 ], [ 120.863394113000012, 14.353583059000075 ], [ 120.863326574000112, 14.353504855000041 ], [ 120.86330524500012, 14.353391105000071 ], [ 120.863276808000037, 14.35332712000007 ], [ 120.86320571300007, 14.35330579200007 ], [ 120.863113291000104, 14.353327120000074 ], [ 120.863049306000107, 14.35330579200007 ], [ 120.862992431000052, 14.353238252000041 ], [ 120.862942665000105, 14.353131611000034 ], [ 120.862786257000053, 14.353024969000046 ], [ 120.862632514000097, 14.352965599000072 ], [ 120.862523209000059, 14.352932547000023 ], [ 120.862463166000097, 14.352857505000031 ], [ 120.862394706000032, 14.352554840000039 ], [ 120.86223256400001, 14.352252176000036 ], [ 120.862142486000039, 14.352093638000044 ], [ 120.862131676000104, 14.351917083000046 ], [ 120.862120867000044, 14.351772957000035 ], [ 120.862059613000042, 14.35161441900004 ], [ 120.862088438000114, 14.351455880000062 ], [ 120.862114148000046, 14.35137286500003 ], [ 120.862156898000094, 14.351322564000043 ], [ 120.862322643000084, 14.35117483500005 ], [ 120.862383897000072, 14.351041518000041 ], [ 120.862409119000063, 14.350911805000063 ], [ 120.862414184000045, 14.35079161100003 ], [ 120.862388048000085, 14.350687069000065 ], [ 120.862365881000088, 14.350587522000067 ], [ 120.862372367000035, 14.350533393000033 ], [ 120.860010146000036, 14.350601302000026 ], [ 120.855582354000035, 14.350702827000074 ], [ 120.855508073, 14.350722205000066 ], [ 120.855365970000108, 14.350709286000043 ], [ 120.855265852000116, 14.350712516000044 ], [ 120.855094683000047, 14.350673761000053 ], [ 120.855138108, 14.350535962000039 ], [ 120.855323919000043, 14.350315149000043 ], [ 120.855531507000038, 14.350052409000055 ], [ 120.855928603000052, 14.349530121000043 ], [ 120.856068333000039, 14.349351667000063 ], [ 120.855949494000015, 14.349236926000064 ], [ 120.855859340000052, 14.349126282000048 ], [ 120.855720011000017, 14.349019737000049 ], [ 120.855633955000044, 14.34892548500005 ], [ 120.854923742000096, 14.348269198000024 ], [ 120.854760199000111, 14.348083259000074 ], [ 120.854650792000029, 14.34800369000004 ], [ 120.854546357000117, 14.347899256000062 ], [ 120.85440868, 14.347782168000037 ], [ 120.854289841000082, 14.347728895000044 ], [ 120.854211981000063, 14.347610056000065 ], [ 120.854171851000046, 14.34757714700004 ], [ 120.854103754000107, 14.347521303000063 ], [ 120.853979427000027, 14.347411895000047 ], [ 120.853743975000029, 14.347337267000059 ], [ 120.854155681000066, 14.346994326000072 ], [ 120.854227319000074, 14.346879616000024 ], [ 120.854538686000069, 14.346437148000064 ], [ 120.854727144000094, 14.345994680000047 ], [ 120.85384683100007, 14.345787571000074 ], [ 120.853713159000122, 14.345703073000038 ], [ 120.853578636000066, 14.345635811000022 ], [ 120.853438509000057, 14.345568550000056 ], [ 120.853320802000113, 14.345495684000067 ], [ 120.853174839000062, 14.34543786100005 ], [ 120.852400307000053, 14.34521144100006 ], [ 120.85234243900004, 14.345354184000026 ], [ 120.852332794000063, 14.34549499700006 ], [ 120.85234433100004, 14.345854725000036 ], [ 120.852338581000041, 14.345948300000032 ], [ 120.852315433000058, 14.34606982400004 ], [ 120.85226375100001, 14.346154661000071 ], [ 120.852057825000088, 14.346360587000053 ], [ 120.851932479000084, 14.346445644000026 ], [ 120.85186532900002, 14.346593373000074 ], [ 120.851816086000113, 14.346669476000043 ], [ 120.851786884000035, 14.346692659000039 ], [ 120.851748668000027, 14.346708794000048 ], [ 120.851704507000022, 14.346705397000051 ], [ 120.851668356000118, 14.34669186000002 ], [ 120.851574346, 14.346629187000072 ], [ 120.8515397540001, 14.34663151300003 ], [ 120.85151615000008, 14.346651570000057 ], [ 120.851493766000104, 14.346736626000054 ], [ 120.851480336000023, 14.346826160000031 ], [ 120.851442092000084, 14.346857412000082 ], [ 120.85139528000002, 14.346870926000065 ], [ 120.851328130000084, 14.346853019000033 ], [ 120.851238597, 14.346808253000066 ], [ 120.851191565000036, 14.346814100000069 ], [ 120.851140110000088, 14.346839589000066 ], [ 120.851028194000023, 14.347027609000062 ], [ 120.851019241000017, 14.347058946000063 ], [ 120.850929707000105, 14.34726934900004 ], [ 120.85081779100004, 14.347399172000049 ], [ 120.850768548000033, 14.347493182000049 ], [ 120.850777501000039, 14.347712538000055 ], [ 120.850719304000123, 14.347864744000045 ], [ 120.850580528000037, 14.347945324000023 ], [ 120.850517855000021, 14.348048287000038 ], [ 120.850157609000021, 14.347930860000082 ], [ 120.850138840000113, 14.347913830000037 ], [ 120.849730476000104, 14.347761488000062 ], [ 120.849241450000036, 14.34797287400005 ], [ 120.849077390000048, 14.34804228400003 ], [ 120.848929105000039, 14.348105384000066 ], [ 120.84878082000013, 14.348155864000038 ], [ 120.848651464000099, 14.34820949900006 ], [ 120.848582054000076, 14.348244204000022 ], [ 120.848559969000021, 14.348319924000064 ], [ 120.848575744000087, 14.348490294000044 ], [ 120.848569434000069, 14.348641734000072 ], [ 120.848564999000018, 14.348839220000059 ], [ 120.84846531900007, 14.34896985500006 ], [ 120.848379035000107, 14.349087171000065 ], [ 120.848278901000072, 14.349206378000073 ], [ 120.848162439000035, 14.34929797500007 ], [ 120.848052407000083, 14.349385189000031 ], [ 120.847848566000039, 14.349452561000023 ], [ 120.847614508000092, 14.349544149000051 ], [ 120.84747882200007, 14.34961538400006 ], [ 120.847336351000081, 14.349686619000071 ], [ 120.847148152000045, 14.349727821000043 ], [ 120.847001312000089, 14.349736459000042 ], [ 120.846851594000086, 14.349716305000072 ], [ 120.846710513000076, 14.349678875000048 ], [ 120.84658382900011, 14.349627050000036 ], [ 120.846425473000053, 14.349586740000062 ], [ 120.846259539, 14.349538365000054 ], [ 120.84582148700008, 14.350885746000072 ], [ 120.845512138000117, 14.351825844000073 ], [ 120.845826376000105, 14.351965745000028 ], [ 120.845938181000051, 14.35203866100005 ], [ 120.845981930000121, 14.352140744000058 ], [ 120.845962486000076, 14.352267132000064 ], [ 120.848520629000078, 14.352701806000024 ], [ 120.848520629000078, 14.353017751000033 ], [ 120.848520787000098, 14.353281295000041 ], [ 120.848495384000117, 14.353581521000022 ], [ 120.848491248000059, 14.35363040100003 ], [ 120.848437539000102, 14.353893572000057 ], [ 120.84841068500009, 14.354046642000068 ], [ 120.848356976000105, 14.354202396000057 ], [ 120.848284470000081, 14.354376949000031 ], [ 120.848128741000096, 14.354600410000044 ], [ 120.848083014000053, 14.35470871000007 ], [ 120.84804932100009, 14.354833856000027 ], [ 120.848025254000049, 14.354903649000047 ], [ 120.847974715000092, 14.354939749000039 ], [ 120.847897701000079, 14.35495418900007 ], [ 120.847755709000012, 14.354918089000019 ], [ 120.847620936000112, 14.354913275000058 ], [ 120.847529483000017, 14.354930122000038 ], [ 120.847435623000024, 14.354959002000045 ], [ 120.847368237000069, 14.354959002000042 ], [ 120.847317697000108, 14.354930122000038 ], [ 120.847264751000012, 14.354872362000036 ], [ 120.847226244000012, 14.354807382000043 ], [ 120.847154044000035, 14.354773689000066 ], [ 120.847089065000091, 14.354768876000033 ], [ 120.847036118, 14.354780909000056 ], [ 120.846995205000098, 14.35480016200006 ], [ 120.84695910500011, 14.354877176000056 ], [ 120.846910972000032, 14.354983068000024 ], [ 120.846877279000068, 14.35507211500004 ], [ 120.846850806, 14.355129875000047 ], [ 120.846790639000019, 14.355163568000021 ], [ 120.846730473000093, 14.35518282100003 ], [ 120.846642566, 14.355208608000051 ], [ 120.846586073000012, 14.355255021000058 ], [ 120.84653464400003, 14.355342431000052 ], [ 120.846366287000023, 14.355644611000059 ], [ 120.846318801000066, 14.355739582000071 ], [ 120.846279949000078, 14.355838870000071 ], [ 120.846266999000022, 14.355920891000038 ], [ 120.846284266000126, 14.355968376000021 ], [ 120.846353336000107, 14.356028812000035 ], [ 120.846564862000022, 14.356106516000066 ], [ 120.846681418000117, 14.356154002000041 ], [ 120.84677638900007, 14.356240339000063 ], [ 120.846789339000125, 14.356335310000073 ], [ 120.846707319000089, 14.356495034000034 ], [ 120.846720270000105, 14.35656410400003 ], [ 120.846772072000022, 14.356602956000071 ], [ 120.84705266800006, 14.356689293000045 ], [ 120.847121738000055, 14.35674541200007 ], [ 120.847151956000047, 14.356844700000067 ], [ 120.847181492000118, 14.357019135000032 ], [ 120.847154691000014, 14.35719334400005 ], [ 120.847164742000018, 14.357297199000074 ], [ 120.847188193000093, 14.357481457000059 ], [ 120.847164742000018, 14.357598713000073 ], [ 120.847094388000059, 14.357655666000026 ], [ 120.846993883000096, 14.357705918000022 ], [ 120.846846476000124, 14.357729369000024 ], [ 120.846662218, 14.357749470000043 ], [ 120.846558363000113, 14.357779622000068 ], [ 120.846491360000073, 14.357856675000052 ], [ 120.846467908000037, 14.358004082000036 ], [ 120.846467908000037, 14.358061035000047 ], [ 120.846491360000073, 14.358138089000022 ], [ 120.846581814000047, 14.358258694000027 ], [ 120.84668231900001, 14.358463054000024 ], [ 120.846816325000091, 14.358687515000039 ], [ 120.846856527000128, 14.358757868000055 ], [ 120.846859877000057, 14.358834922000026 ], [ 120.846839776000039, 14.358918676000032 ], [ 120.846752672000108, 14.359002430000029 ], [ 120.84661866600004, 14.359133086000041 ], [ 120.846518161000077, 14.359200089000067 ], [ 120.846474609000111, 14.35927044200003 ], [ 120.84651481100002, 14.359317345000024 ], [ 120.846578464000132, 14.359334095000065 ], [ 120.846588514000018, 14.359377648000075 ], [ 120.846544962000053, 14.359434600000039 ], [ 120.846491360000073, 14.359444651000041 ], [ 120.846410956000128, 14.359407799000055 ], [ 120.846354003000101, 14.359330745000022 ], [ 120.846243448000095, 14.359230241000036 ], [ 120.846169744, 14.359179988000049 ], [ 120.84608599000002, 14.359176638000065 ], [ 120.845995536000032, 14.359159887000031 ], [ 120.845848129000046, 14.359179988000045 ], [ 120.84575432400004, 14.359203439000053 ], [ 120.845720823000093, 14.359250342000054 ], [ 120.845724173, 14.359307294000077 ], [ 120.84575432400004, 14.359370947000057 ], [ 120.845884981000026, 14.359437950000029 ], [ 120.845985485000028, 14.359525055000059 ], [ 120.84601563700005, 14.35958200700003 ], [ 120.845995536000032, 14.359652361000029 ], [ 120.845898381000097, 14.359699263000039 ], [ 120.845824678000099, 14.359695913000049 ], [ 120.845757675000073, 14.35968251200006 ], [ 120.84572752300005, 14.359739465000073 ], [ 120.845744274000026, 14.359813168000079 ], [ 120.845851479000075, 14.359947175000061 ], [ 120.845988836000075, 14.360044329000065 ], [ 120.846082640000091, 14.360101282000073 ], [ 120.846109441000067, 14.360178336000049 ], [ 120.846096041000024, 14.360305642000071 ], [ 120.84606923900003, 14.360396096000045 ], [ 120.846018987000107, 14.360503301000051 ], [ 120.845868230000065, 14.360627257000029 ], [ 120.845657170000109, 14.360767964000045 ], [ 120.845576766000036, 14.360818216000037 ], [ 120.845529864000014, 14.36089192000003 ], [ 120.845523163000067, 14.360985724000045 ], [ 120.845543264000085, 14.361092929000051 ], [ 120.84557006600005, 14.361210185000065 ], [ 120.84557006600005, 14.361287238000049 ], [ 120.845516463000081, 14.361354242000061 ], [ 120.845606669000048, 14.36141086900005 ], [ 120.845681433000095, 14.361441654000028 ], [ 120.845756198000117, 14.361453382000034 ], [ 120.845822166000048, 14.361448984000047 ], [ 120.845877873000077, 14.361428460000067 ], [ 120.845926250000062, 14.361380083000025 ], [ 120.845932113000131, 14.361303853000036 ], [ 120.845948239000109, 14.361157257000057 ], [ 120.84598195600006, 14.361082492000033 ], [ 120.846034731000046, 14.361042911000023 ], [ 120.846116825000081, 14.361012126000047 ], [ 120.84636310700013, 14.36097107900002 ], [ 120.846433474000037, 14.360956419000049 ], [ 120.846480385000078, 14.360935896000056 ], [ 120.846512636000057, 14.360906577000033 ], [ 120.846555149000082, 14.360846472000047 ], [ 120.846600594000037, 14.360799561000018 ], [ 120.846659232000107, 14.360784901000045 ], [ 120.846714939000094, 14.360793697000076 ], [ 120.846770646000081, 14.360803959000064 ], [ 120.846846876000086, 14.360858200000052 ], [ 120.846939232000068, 14.360878723000042 ], [ 120.847038917000077, 14.360868461000047 ], [ 120.84713860300009, 14.360840608000045 ], [ 120.847258812000078, 14.360803959000066 ], [ 120.847340906000113, 14.360729195000035 ], [ 120.847408341000104, 14.360663226000042 ], [ 120.847471377000048, 14.360630975000051 ], [ 120.847557869000084, 14.360641237000035 ], [ 120.847711795000023, 14.360692546000054 ], [ 120.847795355000031, 14.360698409000062 ], [ 120.847883313000011, 14.360682284000063 ], [ 120.848066559000017, 14.360620713000056 ], [ 120.848216087000083, 14.36055327900004 ], [ 120.84825713400005, 14.360516630000062 ], [ 120.848283522000088, 14.36046825300002 ], [ 120.848309909000022, 14.36040961400005 ], [ 120.848319852000031, 14.36036599000005 ], [ 120.848314307, 14.360339248000058 ], [ 120.848267864000022, 14.360152663000065 ], [ 120.848242767000116, 14.359976983000021 ], [ 120.856294918000131, 14.36111131700005 ], [ 120.856964611000095, 14.361309428000029 ], [ 120.857208527000012, 14.361390733000063 ], [ 120.857427426000072, 14.361497055000026 ], [ 120.857627562000062, 14.361634649000051 ], [ 120.857871478000106, 14.361734717000044 ], [ 120.858109140000025, 14.361784751000071 ], [ 120.858340547, 14.361934853000038 ], [ 120.858578209000044, 14.362028667000061 ], [ 120.858803362000117, 14.362122481000027 ], [ 120.859622669000032, 14.362453956000024 ], [ 120.861765088000098, 14.363603023000049 ], [ 120.862819479000095, 14.361456856000077 ] ] ] } },
{ "type": "Feature", "properties": { "adm1_psgc": 400000000, "adm2_psgc": 402100000, "adm3_psgc": 402120000, "adm4_psgc": 402120021, "adm4_en": "Sahud Ulan", "geo_level": "Bgy", "len_crs": 16440, "area_crs": 9947887, "len_km": 16, "area_km2": 9.0 }, "geometry": { "type": "Polygon", "coordinates": [ [ [ 120.823397340000042, 14.383561440000053 ], [ 120.82313473400005, 14.383370764000064 ], [ 120.823670342, 14.382347174000072 ], [ 120.824062623000032, 14.381977309000037 ], [ 120.824813561000042, 14.381450532000031 ], [ 120.825542083000087, 14.381035835000032 ], [ 120.826124900000096, 14.38086771500002 ], [ 120.826606845000029, 14.380408186000066 ], [ 120.826786174000063, 14.379937448000021 ], [ 120.826831006000035, 14.379332215000034 ], [ 120.82693820100009, 14.379085666000041 ], [ 120.826943086000028, 14.379074431000049 ], [ 120.827436239, 14.378995974000075 ], [ 120.827705232000085, 14.378738189000046 ], [ 120.827761272000089, 14.378357117000061 ], [ 120.827817312000079, 14.378020876000047 ], [ 120.828030265000066, 14.377740675000041 ], [ 120.828231117000087, 14.377562140000066 ], [ 120.828332881000051, 14.377471682000074 ], [ 120.828747578000062, 14.377359602000068 ], [ 120.828904491000117, 14.377068193000069 ], [ 120.828837243000081, 14.376821617000076 ], [ 120.828713954, 14.376631080000042 ], [ 120.828501002000053, 14.376272423000042 ], [ 120.828512210000099, 14.376081887000055 ], [ 120.82870274600009, 14.375824102000021 ], [ 120.828971739000067, 14.375678398000048 ], [ 120.829817141000049, 14.375276484000038 ], [ 120.830036502000112, 14.375005916000076 ], [ 120.83006118600008, 14.374934607000053 ], [ 120.830238246000022, 14.374423099000065 ], [ 120.830507239000099, 14.373515249000038 ], [ 120.830529655000063, 14.37319021600007 ], [ 120.830439991000048, 14.372865183000048 ], [ 120.83036153400009, 14.372573775000037 ], [ 120.83038643000009, 14.372402108000072 ], [ 120.83042878300013, 14.372259950000053 ], [ 120.83054135000009, 14.372066448000055 ], [ 120.830664151000065, 14.371968541000054 ], [ 120.831016437, 14.371710133000024 ], [ 120.831481196000027, 14.371116274000036 ], [ 120.831883987000097, 14.370625695000054 ], [ 120.832147351000117, 14.370408807000043 ], [ 120.832395223000063, 14.370305527000028 ], [ 120.832813506000093, 14.370207412000067 ], [ 120.833205969000119, 14.370166100000063 ], [ 120.83337121700005, 14.370124788000055 ], [ 120.833489989000114, 14.370052492000069 ], [ 120.833588104000128, 14.369923392000032 ], [ 120.833722368000053, 14.369830440000046 ], [ 120.833861796000051, 14.369830440000049 ], [ 120.83408901100006, 14.369887244000038 ], [ 120.83425425900009, 14.369851096000046 ], [ 120.834383359000071, 14.369716833000041 ], [ 120.834595082000092, 14.369582569000045 ], [ 120.834734510000089, 14.369556749000028 ], [ 120.834858446000112, 14.36960838900006 ], [ 120.83496172600006, 14.369706505000062 ], [ 120.83506500600005, 14.369742652000072 ], [ 120.835147629000062, 14.369716833000041 ], [ 120.835410993000096, 14.369644537000058 ], [ 120.835767308000072, 14.369582569000045 ], [ 120.83612878800011, 14.36959806100003 ], [ 120.836268215000018, 14.369505109000045 ], [ 120.836309527000026, 14.369324369000028 ], [ 120.836294035000037, 14.369184942000063 ], [ 120.836309527000026, 14.369055842000023 ], [ 120.836474775000056, 14.368931906000059 ], [ 120.836634859000029, 14.368844118000029 ], [ 120.83688273000007, 14.368715018000046 ], [ 120.836991174000104, 14.368627231000062 ], [ 120.837130602000116, 14.36847231100006 ], [ 120.837223554000062, 14.36838452300003 ], [ 120.837306177000087, 14.368374195000055 ], [ 120.837404293000077, 14.368436163000075 ], [ 120.837466261000031, 14.36853944300003 ], [ 120.83757986900001, 14.368596247000024 ], [ 120.8376831490001, 14.368611739000077 ], [ 120.837750281000027, 14.368544607000047 ], [ 120.837786429000076, 14.368410343000047 ], [ 120.837822577000097, 14.368270915000037 ], [ 120.837941348000072, 14.368121159000054 ], [ 120.838127252000049, 14.368069520000063 ], [ 120.83833897600006, 14.368028208000055 ], [ 120.838452583000048, 14.367940420000025 ], [ 120.838586847000101, 14.367739024000056 ], [ 120.838617831000079, 14.367527301000054 ], [ 120.838659143000086, 14.367413693000058 ], [ 120.838767587000021, 14.367372381000054 ], [ 120.838922506000017, 14.367387873000041 ], [ 120.839025786000093, 14.367341397000072 ], [ 120.839082590000089, 14.367238117000058 ], [ 120.8390670980001, 14.367140001000051 ], [ 120.839082590000089, 14.366943770000038 ], [ 120.839144558000044, 14.366835326000063 ], [ 120.839258166000022, 14.366752702000042 ], [ 120.839738417000021, 14.366494502000021 ], [ 120.840199442000099, 14.366214751000028 ], [ 120.840625498, 14.366050884000058 ], [ 120.840747228000069, 14.365961927000058 ], [ 120.840836185000057, 14.365732513000069 ], [ 120.840883004000034, 14.365615464000031 ], [ 120.840971961000022, 14.36550778000003 ], [ 120.841079645000036, 14.365451597000058 ], [ 120.841323106000132, 14.365428187000074 ], [ 120.841496337000081, 14.365465642000061 ], [ 120.841632113000045, 14.365460961000052 ], [ 120.84170234200009, 14.365343912000069 ], [ 120.841772571000092, 14.365329866000023 ], [ 120.841866210000035, 14.365297093000034 ], [ 120.841927075000044, 14.365203454000035 ], [ 120.841913029000011, 14.365114498000027 ], [ 120.841847482000048, 14.365058314000064 ], [ 120.841725752000116, 14.364950630000067 ], [ 120.84170702400003, 14.364871037000059 ], [ 120.841716388000023, 14.364782081000042 ], [ 120.841833436000115, 14.364477755000054 ], [ 120.841903665000018, 14.364253022000069 ], [ 120.841913029000011, 14.363995516000045 ], [ 120.841936439000037, 14.36378482900005 ], [ 120.841908347000071, 14.363705236000042 ], [ 120.841847482000048, 14.363649053000074 ], [ 120.841683615000065, 14.363597552000048 ], [ 120.841632113000045, 14.363532005000023 ], [ 120.841627431, 14.363433684000027 ], [ 120.841674251000086, 14.363414957000032 ], [ 120.841819391000072, 14.363396229000042 ], [ 120.842020714000114, 14.363274499000056 ], [ 120.842259492000039, 14.363087222000049 ], [ 120.842491269000107, 14.362895315000056 ], [ 120.842739181000084, 14.362690955000058 ], [ 120.843023945000027, 14.362386091000076 ], [ 120.843570021000119, 14.362051075000064 ], [ 120.843831333000026, 14.361974021000036 ], [ 120.844159649000062, 14.361940519000035 ], [ 120.84435395800007, 14.361913718000036 ], [ 120.844514766000088, 14.361856765000026 ], [ 120.844906734, 14.361548551000052 ], [ 120.845087643000042, 14.361431295000042 ], [ 120.845204898000034, 14.361384393000039 ], [ 120.845409258, 14.361384393000039 ], [ 120.845516463000081, 14.361354242000061 ], [ 120.84557006600005, 14.361287238000049 ], [ 120.84557006600005, 14.361210185000065 ], [ 120.845543264000085, 14.361092929000051 ], [ 120.845523163000067, 14.360985724000045 ], [ 120.845529864000014, 14.36089192000003 ], [ 120.845576766000036, 14.360818216000037 ], [ 120.845657170000109, 14.360767964000045 ], [ 120.845868230000065, 14.360627257000029 ], [ 120.846018987000107, 14.360503301000051 ], [ 120.84606923900003, 14.360396096000045 ], [ 120.846096041000024, 14.360305642000071 ], [ 120.846109441000067, 14.360178336000049 ], [ 120.846082640000091, 14.360101282000073 ], [ 120.845988836000075, 14.360044329000065 ], [ 120.845851479000075, 14.359947175000061 ], [ 120.845744274000026, 14.359813168000079 ], [ 120.84572752300005, 14.359739465000073 ], [ 120.845757675000073, 14.35968251200006 ], [ 120.845824678000099, 14.359695913000049 ], [ 120.845898381000097, 14.359699263000039 ], [ 120.845995536000032, 14.359652361000029 ], [ 120.84601563700005, 14.35958200700003 ], [ 120.845985485000028, 14.359525055000059 ], [ 120.845884981000026, 14.359437950000029 ], [ 120.84575432400004, 14.359370947000057 ], [ 120.845724173, 14.359307294000077 ], [ 120.845720823000093, 14.359250342000054 ], [ 120.84575432400004, 14.359203439000053 ], [ 120.845848129000046, 14.359179988000045 ], [ 120.845995536000032, 14.359159887000031 ], [ 120.84608599000002, 14.359176638000065 ], [ 120.846169744, 14.359179988000049 ], [ 120.846243448000095, 14.359230241000036 ], [ 120.846354003000101, 14.359330745000022 ], [ 120.846410956000128, 14.359407799000055 ], [ 120.846491360000073, 14.359444651000041 ], [ 120.846544962000053, 14.359434600000039 ], [ 120.846588514000018, 14.359377648000075 ], [ 120.846578464000132, 14.359334095000065 ], [ 120.84651481100002, 14.359317345000024 ], [ 120.846474609000111, 14.35927044200003 ], [ 120.846518161000077, 14.359200089000067 ], [ 120.84661866600004, 14.359133086000041 ], [ 120.846752672000108, 14.359002430000029 ], [ 120.846839776000039, 14.358918676000032 ], [ 120.846859877000057, 14.358834922000026 ], [ 120.846856527000128, 14.358757868000055 ], [ 120.846816325000091, 14.358687515000039 ], [ 120.84668231900001, 14.358463054000024 ], [ 120.846581814000047, 14.358258694000027 ], [ 120.846491360000073, 14.358138089000022 ], [ 120.846467908000037, 14.358061035000047 ], [ 120.846467908000037, 14.358004082000036 ], [ 120.846491360000073, 14.357856675000052 ], [ 120.846558363000113, 14.357779622000068 ], [ 120.846662218, 14.357749470000043 ], [ 120.846846476000124, 14.357729369000024 ], [ 120.846993883000096, 14.357705918000022 ], [ 120.847094388000059, 14.357655666000026 ], [ 120.847164742000018, 14.357598713000073 ], [ 120.847188193000093, 14.357481457000059 ], [ 120.847164742000018, 14.357297199000074 ], [ 120.847154691000014, 14.35719334400005 ], [ 120.847181492000118, 14.357019135000032 ], [ 120.847151956000047, 14.356844700000067 ], [ 120.847121738000055, 14.35674541200007 ], [ 120.84705266800006, 14.356689293000045 ], [ 120.846772072000022, 14.356602956000071 ], [ 120.846720270000105, 14.35656410400003 ], [ 120.846707319000089, 14.356495034000034 ], [ 120.846789339000125, 14.356335310000073 ], [ 120.84677638900007, 14.356240339000063 ], [ 120.846681418000117, 14.356154002000041 ], [ 120.846564862000022, 14.356106516000066 ], [ 120.846353336000107, 14.356028812000035 ], [ 120.846284266000126, 14.355968376000021 ], [ 120.846266999000022, 14.355920891000038 ], [ 120.846279949000078, 14.355838870000071 ], [ 120.846318801000066, 14.355739582000071 ], [ 120.846366287000023, 14.355644611000059 ], [ 120.84653464400003, 14.355342431000052 ], [ 120.846586073000012, 14.355255021000058 ], [ 120.846642566, 14.355208608000051 ], [ 120.846730473000093, 14.35518282100003 ], [ 120.846790639000019, 14.355163568000021 ], [ 120.846850806, 14.355129875000047 ], [ 120.846877279000068, 14.35507211500004 ], [ 120.846910972000032, 14.354983068000024 ], [ 120.84695910500011, 14.354877176000056 ], [ 120.846995205000098, 14.35480016200006 ], [ 120.847036118, 14.354780909000056 ], [ 120.847089065000091, 14.354768876000033 ], [ 120.847154044000035, 14.354773689000066 ], [ 120.847226244000012, 14.354807382000043 ], [ 120.847264751000012, 14.354872362000036 ], [ 120.847317697000108, 14.354930122000038 ], [ 120.847368237000069, 14.354959002000042 ], [ 120.847435623000024, 14.354959002000045 ], [ 120.847529483000017, 14.354930122000038 ], [ 120.847620936000112, 14.354913275000058 ], [ 120.847755709000012, 14.354918089000019 ], [ 120.847897701000079, 14.35495418900007 ], [ 120.847974715000092, 14.354939749000039 ], [ 120.848025254000049, 14.354903649000047 ], [ 120.84804932100009, 14.354833856000027 ], [ 120.848083014000053, 14.35470871000007 ], [ 120.848128741000096, 14.354600410000044 ], [ 120.848284470000081, 14.354376949000031 ], [ 120.848356976000105, 14.354202396000057 ], [ 120.84841068500009, 14.354046642000068 ], [ 120.848437539000102, 14.353893572000057 ], [ 120.848491248000059, 14.35363040100003 ], [ 120.848495384000117, 14.353581521000022 ], [ 120.848520787000098, 14.353281295000041 ], [ 120.848520629000078, 14.353017751000033 ], [ 120.848520629000078, 14.352701806000024 ], [ 120.845962486000076, 14.352267132000064 ], [ 120.845981930000121, 14.352140744000058 ], [ 120.845938181000051, 14.35203866100005 ], [ 120.845826376000105, 14.351965745000028 ], [ 120.845512138000117, 14.351825844000073 ], [ 120.84582148700008, 14.350885746000072 ], [ 120.846259539, 14.349538365000054 ], [ 120.846161502000101, 14.349497217000019 ], [ 120.846081160000026, 14.349458485000069 ], [ 120.846189865000042, 14.349089800000058 ], [ 120.846279545000016, 14.348756396000056 ], [ 120.846188409000106, 14.348765174000047 ], [ 120.846012587000018, 14.348743979000064 ], [ 120.845677337000097, 14.348663271000081 ], [ 120.845379338000058, 14.348532896000055 ], [ 120.845205310000097, 14.34843747400004 ], [ 120.845093276000057, 14.348339445000024 ], [ 120.845019255000025, 14.348234897000056 ], [ 120.844957171000033, 14.347986564000051 ], [ 120.844961636000107, 14.347835291000026 ], [ 120.845000630000058, 14.347700981000058 ], [ 120.84522412900003, 14.347291232000028 ], [ 120.845503504000021, 14.346943566000048 ], [ 120.845919462000111, 14.34669523300005 ], [ 120.845899584000094, 14.346438656000032 ], [ 120.845911299000036, 14.346417032000035 ], [ 120.845915114000036, 14.346392065000028 ], [ 120.845904122000093, 14.346358962000066 ], [ 120.845885200000126, 14.346339388000045 ], [ 120.845859206000128, 14.346320626000022 ], [ 120.845405724000102, 14.346140476000073 ], [ 120.84532496700001, 14.346128052000036 ], [ 120.845120395000095, 14.34598850800006 ], [ 120.845096168000069, 14.345825837000065 ], [ 120.845023484000066, 14.345680470000049 ], [ 120.844965467000065, 14.345423625000025 ], [ 120.844927751000114, 14.345372597000049 ], [ 120.844830133000059, 14.34531269600007 ], [ 120.844546154000113, 14.34521951500005 ], [ 120.844426350000049, 14.345170706000033 ], [ 120.844377541000085, 14.345130771000074 ], [ 120.844307810000032, 14.344881087000033 ], [ 120.843937585000049, 14.345029607000072 ], [ 120.843783432000023, 14.345108180000066 ], [ 120.843574145000062, 14.345192055000041 ], [ 120.843461373000096, 14.345182501000069 ], [ 120.843034076000095, 14.345009167000061 ], [ 120.842824411000038, 14.344927631000074 ], [ 120.842614746000095, 14.344863566000072 ], [ 120.842156621000086, 14.344711800000027 ], [ 120.84200872800011, 14.344658783000055 ], [ 120.840724152, 14.340078652000045 ], [ 120.840244077000065, 14.339258522000019 ], [ 120.839969033000102, 14.338733440000054 ], [ 120.839824010000029, 14.338538409000023 ], [ 120.839418947000013, 14.338293370000031 ], [ 120.838868860000048, 14.338048332000028 ], [ 120.83853380700009, 14.337833298000081 ], [ 120.838023727000049, 14.337603262000073 ], [ 120.836903550000102, 14.336973162000046 ], [ 120.83064484700003, 14.342486294000024 ], [ 120.827570858000072, 14.344505594000053 ], [ 120.826585698000031, 14.344933581000076 ], [ 120.823272487000054, 14.344794805000046 ], [ 120.823218185000087, 14.345044921000067 ], [ 120.823149074000085, 14.345224280000023 ], [ 120.823051989000092, 14.345398704000049 ], [ 120.822902249000094, 14.345525407000027 ], [ 120.822874275000132, 14.345571481000038 ], [ 120.822859466000068, 14.345630719000038 ], [ 120.822841365000045, 14.345801851000028 ], [ 120.822831492000091, 14.34584298900006 ], [ 120.822805164000101, 14.345879190000062 ], [ 120.822629096000014, 14.345986148000065 ], [ 120.822405307000054, 14.346106269000076 ], [ 120.822253921000083, 14.346228036000069 ], [ 120.822018615000047, 14.346474861000047 ], [ 120.821896847000062, 14.346618020000047 ], [ 120.821780017000052, 14.346748015000058 ], [ 120.821747107000064, 14.34678421600006 ], [ 120.821737234000011, 14.346813835000033 ], [ 120.821729006000055, 14.346859909000045 ], [ 120.821740525000124, 14.346901046000024 ], [ 120.821771789000096, 14.346914210000019 ], [ 120.821821154000077, 14.346917501000066 ], [ 120.821875456000043, 14.346909274000037 ], [ 120.821941276000075, 14.346909274000037 ], [ 120.821997223000039, 14.346915856000063 ], [ 120.822021906000032, 14.346930665000057 ], [ 120.8220284880001, 14.346955348000053 ], [ 120.822025197000031, 14.347004713000047 ], [ 120.822020260000059, 14.347050787000061 ], [ 120.821972541000036, 14.347108379000078 ], [ 120.821913302000098, 14.347144580000077 ], [ 120.821859001, 14.347144580000077 ], [ 120.821776726000039, 14.347118252000032 ], [ 120.821717488000104, 14.347093570000023 ], [ 120.821661541000026, 14.347082051000024 ], [ 120.821605594000062, 14.34708698800006 ], [ 120.821543065000014, 14.34711989800007 ], [ 120.82144433500001, 14.347185718000047 ], [ 120.821330795000108, 14.34725647500005 ], [ 120.821301176000034, 14.347282803000041 ], [ 120.821278139000015, 14.347312422000075 ], [ 120.821284721000097, 14.347350268000071 ], [ 120.821337377000091, 14.347432543000023 ], [ 120.821352187000116, 14.347478617000032 ], [ 120.821380160000089, 14.347587220000038 ], [ 120.821386742000072, 14.347641522000057 ], [ 120.821376869000119, 14.347674432000076 ], [ 120.821352187000116, 14.347710633000073 ], [ 120.821320922000055, 14.34773367000003 ], [ 120.821271557000031, 14.347736961000066 ], [ 120.821205737000014, 14.347708987000034 ], [ 120.821105361000036, 14.347648104000033 ], [ 120.821032959000036, 14.347616839000064 ], [ 120.820952330000068, 14.347610257000042 ], [ 120.820902965000087, 14.347625067000024 ], [ 120.82084866300012, 14.347664559000066 ], [ 120.820797653000128, 14.347736961000066 ], [ 120.820733478000079, 14.347858728000061 ], [ 120.820700568, 14.347957458000051 ], [ 120.820680822000085, 14.348008469000035 ], [ 120.820603483000014, 14.348059479000028 ], [ 120.820521208000073, 14.348090744000045 ], [ 120.820361595000023, 14.348133527000073 ], [ 120.820276029000084, 14.348186183000049 ], [ 120.820141098000022, 14.348360606000028 ], [ 120.82006375900005, 14.348546548000058 ], [ 120.820045658000041, 14.348604140000077 ], [ 120.820039076000057, 14.348646923000048 ], [ 120.820048949000011, 14.348683124000043 ], [ 120.82006705000002, 14.348716034000063 ], [ 120.820122997000126, 14.348752235000063 ], [ 120.820233246000043, 14.348846029000072 ], [ 120.820313875000011, 14.348951341000031 ], [ 120.820378050000059, 14.349015516000065 ], [ 120.820402732000062, 14.349045135000036 ], [ 120.820410960000117, 14.349087918000064 ], [ 120.820420833000071, 14.349142219000043 ], [ 120.820402732000062, 14.349188293000051 ], [ 120.820355013000039, 14.349227785000039 ], [ 120.820243119000111, 14.349272214000054 ], [ 120.820137807000052, 14.349313351000037 ], [ 120.820093378000024, 14.349334743000043 ], [ 120.820073632000103, 14.349379171000068 ], [ 120.820085150000068, 14.34948283800003 ], [ 120.820076923000116, 14.349527266000047 ], [ 120.820053886000096, 14.349566759000025 ], [ 120.820006166000113, 14.349593087000073 ], [ 120.819930473000127, 14.34960131400004 ], [ 120.819821870000069, 14.349568404000024 ], [ 120.819680357000038, 14.349522330000067 ], [ 120.819530617000069, 14.349492711000037 ], [ 120.819347966, 14.349499293000065 ], [ 120.81913734200009, 14.349517393000045 ], [ 120.819015575000108, 14.349519039000027 ], [ 120.818956337000031, 14.34952397500007 ], [ 120.818921781000086, 14.349537139000066 ], [ 120.818870770000103, 14.349578277000035 ], [ 120.8188460880001, 14.349645743000053 ], [ 120.818824696000092, 14.34973460000003 ], [ 120.818823051000081, 14.349816875000043 ], [ 120.8188460880001, 14.349879404000031 ], [ 120.818885580000028, 14.349950160000047 ], [ 120.818969501000097, 14.350034081000047 ], [ 120.819127469, 14.350137747000078 ], [ 120.819260754000098, 14.350215086000047 ], [ 120.819486188000042, 14.35028584300005 ], [ 120.819623258000078, 14.350367927000036 ], [ 120.819706685000028, 14.350443811000046 ], [ 120.819768339000021, 14.350530331000069 ], [ 120.819815978000079, 14.350593127000021 ], [ 120.8198397970001, 14.350675412000044 ], [ 120.819854955000096, 14.350796674000039 ], [ 120.8198397970001, 14.350930928000023 ], [ 120.819815978000079, 14.351019708000026 ], [ 120.819783497000117, 14.35106518200007 ], [ 120.819720701000051, 14.351104158000055 ], [ 120.819634085000089, 14.351112820000026 ], [ 120.819536643000106, 14.351110655000067 ], [ 120.819478177000065, 14.351147466000041 ], [ 120.819456523000113, 14.351210262000052 ], [ 120.819458689000029, 14.351288216000055 ], [ 120.819534477000062, 14.351571882000027 ], [ 120.819547470000089, 14.351667159000041 ], [ 120.819534477000062, 14.351751609000074 ], [ 120.81949983100003, 14.351955155000038 ], [ 120.819508493000058, 14.352080748000049 ], [ 120.8195504360001, 14.352154594000069 ], [ 120.819603770000072, 14.352178190000075 ], [ 120.819617947000111, 14.35218722400003 ], [ 120.819711336000069, 14.352228856000064 ], [ 120.819790099000102, 14.352282864000076 ], [ 120.819812602000084, 14.352322245000035 ], [ 120.819819353000085, 14.35236950300003 ], [ 120.819808102000025, 14.352453891000035 ], [ 120.819790099000102, 14.352504524000036 ], [ 120.819725964000085, 14.352578786000034 ], [ 120.819586442000059, 14.352659798000047 ], [ 120.819401913000092, 14.352709306000065 ], [ 120.819314149000078, 14.352748687000032 ], [ 120.819260141000086, 14.352798195000045 ], [ 120.819189254000108, 14.352915213000074 ], [ 120.819162698000014, 14.352992620000062 ], [ 120.81916, 14.353038983000031 ], [ 120.819161125000051, 14.35308736500002 ], [ 120.819200099000113, 14.353174949000049 ], [ 120.819293601000027, 14.353319877000047 ], [ 120.81931697600011, 14.353366628000057 ], [ 120.819320900000108, 14.353404665000026 ], [ 120.819312301000082, 14.35344143000003 ], [ 120.819228149000068, 14.353525582000032 ], [ 120.819188129000054, 14.353553189000023 ], [ 120.819152124000084, 14.353559940000025 ], [ 120.819101922000073, 14.35354428200003 ], [ 120.818994394000029, 14.35343208000006 ], [ 120.818900892000116, 14.353366628000057 ], [ 120.818862953, 14.353356283000036 ], [ 120.818802715000047, 14.35336662800006 ], [ 120.818690512000103, 14.353469480000054 ], [ 120.818618790000087, 14.353594820000065 ], [ 120.818508522000116, 14.353856986000039 ], [ 120.818412882000075, 14.353963878000059 ], [ 120.818247481000071, 14.354047141000024 ], [ 120.818195723000031, 14.354113527000038 ], [ 120.818143525000096, 14.354208147000062 ], [ 120.818124825000041, 14.354483978000077 ], [ 120.818031323000028, 14.354792535000058 ], [ 120.818054698000083, 14.355512501000019 ], [ 120.817993922000028, 14.35635869500004 ], [ 120.818012622000083, 14.356671927000033 ], [ 120.817945587000054, 14.356952219000048 ], [ 120.817792892000057, 14.357116062000044 ], [ 120.817582513000062, 14.357359167000027 ], [ 120.817517061000103, 14.357494746000045 ], [ 120.817521736000103, 14.357681750000046 ], [ 120.81763021200004, 14.357868316000065 ], [ 120.81763021200004, 14.358019311000074 ], [ 120.817598754000088, 14.358229027000052 ], [ 120.817575686000069, 14.358356953000055 ], [ 120.817523257000062, 14.358489074000037 ], [ 120.817311445000072, 14.358698789000075 ], [ 120.817231753000101, 14.358772189000037 ], [ 120.817068175000017, 14.358950447000039 ], [ 120.816982192000083, 14.35909724800007 ], [ 120.816889917000026, 14.359405529000069 ], [ 120.81686475100004, 14.359552330000042 ], [ 120.816854265000075, 14.359688645000059 ], [ 120.816852168000096, 14.359757851000037 ], [ 120.816776671000085, 14.35989206900007 ], [ 120.816722145000099, 14.359948692000042 ], [ 120.816663424000026, 14.360009509000067 ], [ 120.816636161000034, 14.360074521000056 ], [ 120.816636161000034, 14.360160504000078 ], [ 120.816696979000085, 14.360273750000033 ], [ 120.816801837000071, 14.360389094000027 ], [ 120.816873140000098, 14.360491854000031 ], [ 120.816900403000091, 14.360573643000064 ], [ 120.816866848000018, 14.360720444000037 ], [ 120.81679554500009, 14.360743512000059 ], [ 120.816640356000107, 14.36080642700006 ], [ 120.816569053000094, 14.36084837000004 ], [ 120.816531304000023, 14.360923868000043 ], [ 120.816531304000023, 14.361009851000064 ], [ 120.81654808100005, 14.361106320000031 ], [ 120.816594218000091, 14.361257315000046 ], [ 120.816598413000065, 14.36134749200005 ], [ 120.816583733000016, 14.361443961000074 ], [ 120.816525012000071, 14.361670454000034 ], [ 120.816420822000069, 14.361981655000021 ], [ 120.816365629000074, 14.36214650700003 ], [ 120.816288034000067, 14.362469469000072 ], [ 120.816277548, 14.362565938000042 ], [ 120.816285937000089, 14.362630950000039 ], [ 120.816315297000074, 14.362958105000077 ], [ 120.816313200000096, 14.363058769000077 ], [ 120.816273354000018, 14.363153141000051 ], [ 120.816162205000069, 14.363325107000039 ], [ 120.816095096000026, 14.36340270200003 ], [ 120.816023793000113, 14.363539017000051 ], [ 120.815988141000048, 14.363656457000046 ], [ 120.815973461000127, 14.363815841000074 ], [ 120.815958781000077, 14.364105248000037 ], [ 120.815931518000085, 14.364306574000066 ], [ 120.815923130000115, 14.364476444000044 ], [ 120.815904255000078, 14.364579204000052 ], [ 120.815847632000114, 14.364690353000071 ], [ 120.815702937000083, 14.364857384000063 ], [ 120.815611352000019, 14.364980608000057 ], [ 120.815549740000066, 14.365092176000076 ], [ 120.815524762000123, 14.365202078000038 ], [ 120.81550311400008, 14.365318642000034 ], [ 120.815513105000036, 14.365418553000039 ], [ 120.815558066000108, 14.365626702000043 ], [ 120.815556400000091, 14.365709961000046 ], [ 120.815538083000092, 14.365774904000034 ], [ 120.815491458000096, 14.365826525000042 ], [ 120.81542818100003, 14.365859829000044 ], [ 120.815699091000056, 14.366030583000052 ], [ 120.819911614000048, 14.36953118800005 ], [ 120.82054254500008, 14.370025619000042 ], [ 120.820489735000024, 14.370400084000043 ], [ 120.820434526000113, 14.370868165000045 ], [ 120.820451329000107, 14.371014590000074 ], [ 120.820530542000029, 14.371161016000027 ], [ 120.820609756000067, 14.37128823800003 ], [ 120.820650563000072, 14.371393856000052 ], [ 120.820775385000033, 14.371905145000028 ], [ 120.820832995000046, 14.372142786000039 ], [ 120.820933812000021, 14.372483645000045 ], [ 120.821201174000066, 14.374154406000061 ], [ 120.821329024000093, 14.374953345000051 ], [ 120.821143822000067, 14.375158678000048 ], [ 120.821055247000103, 14.375263357000053 ], [ 120.820878098000094, 14.375331801000078 ], [ 120.820745236000121, 14.375311671000073 ], [ 120.820628478000117, 14.375243226000066 ], [ 120.820487563000043, 14.375102312000024 ], [ 120.820338597000045, 14.375045946000059 ], [ 120.820153395000048, 14.375074129000037 ], [ 120.820064820000084, 14.37509023400002 ], [ 120.819960141000024, 14.375154652000051 ], [ 120.819923087000021, 14.375250064000054 ], [ 120.819877973000089, 14.375366229000058 ], [ 120.819839357000106, 14.375561290000061 ], [ 120.819754809000074, 14.37571830900003 ], [ 120.819525319000036, 14.375984034000057 ], [ 120.819424666000032, 14.376161183000024 ], [ 120.819311935000087, 14.376302098000053 ], [ 120.819175046000069, 14.376378594000075 ], [ 120.818937505, 14.376418855000054 ], [ 120.818768408000111, 14.376459116000035 ], [ 120.818563075000029, 14.376555743000042 ], [ 120.818466448000095, 14.37665639700003 ], [ 120.818353717000036, 14.376696658000068 ], [ 120.818176567000037, 14.376688606000076 ], [ 120.818077781000056, 14.376674266000068 ], [ 120.817926947000032, 14.376652370000045 ], [ 120.817749798000023, 14.376688606000073 ], [ 120.817612910000094, 14.376777180000035 ], [ 120.817520309000074, 14.376914069000062 ], [ 120.817540439000041, 14.377135506000061 ], [ 120.817512257000089, 14.377292524000039 ], [ 120.817476021000061, 14.377360969000049 ], [ 120.817351211000087, 14.37739720400003 ], [ 120.817149905000051, 14.377413308000026 ], [ 120.817041200000062, 14.37744149100007 ], [ 120.8167754750001, 14.377787738000052 ], [ 120.816683351000066, 14.377863153000021 ], [ 120.816655831000062, 14.377832101000021 ], [ 120.816521316000035, 14.377966066000056 ], [ 120.81654938600002, 14.377975032000052 ], [ 120.816584356000021, 14.377989214000021 ], [ 120.816613849000078, 14.378005257000041 ], [ 120.816619422000016, 14.37801065000002 ], [ 120.816645146000042, 14.37802126800006 ], [ 120.816725504000033, 14.378070739000066 ], [ 120.816742029, 14.378086778000064 ], [ 120.816760298000091, 14.378100955000033 ], [ 120.816804312000045, 14.378143676000034 ], [ 120.816808023000036, 14.378149055000053 ], [ 120.816842504000078, 14.378170096000078 ], [ 120.81685343900007, 14.378178937000031 ], [ 120.81686624800011, 14.378191372000057 ], [ 120.816893887000106, 14.378225297000025 ], [ 120.816906688000032, 14.378237723000042 ], [ 120.816919381000048, 14.378246498000063 ], [ 120.816924917000065, 14.378253644000042 ], [ 120.816943135000088, 14.378269556000079 ], [ 120.816948669000126, 14.378276701000058 ], [ 120.816966877000013, 14.37829260300003 ], [ 120.817001324000088, 14.378318958000021 ], [ 120.817021324000038, 14.378336604000024 ], [ 120.817025029000106, 14.378341970000065 ], [ 120.817031526000065, 14.378371519000037 ], [ 120.817040820000116, 14.378385941000033 ], [ 120.817051944000013, 14.378411047000041 ], [ 120.817064944000094, 14.378429081000032 ], [ 120.817087190000052, 14.378466805000071 ], [ 120.817089033000116, 14.378473938000072 ], [ 120.817098292000082, 14.378490083000031 ], [ 120.817100135000047, 14.378497214000054 ], [ 120.817127894, 14.378538500000044 ], [ 120.817186971000069, 14.378613826000048 ], [ 120.817212750000067, 14.378642485000055 ], [ 120.817220109000118, 14.378647883000042 ], [ 120.817238481000132, 14.37867286200003 ], [ 120.817289809000044, 14.378733457000065 ], [ 120.817322713000067, 14.378786680000074 ], [ 120.817340968000039, 14.378813245000059 ], [ 120.817377490000027, 14.378859188000034 ], [ 120.817379319000096, 14.378864491000055 ], [ 120.817388452000046, 14.378875098000037 ], [ 120.81740673, 14.378903389000072 ], [ 120.817441462000048, 14.378945846000018 ], [ 120.817465249000065, 14.378983016000062 ], [ 120.81749818500009, 14.379023744000049 ], [ 120.817523843000103, 14.379060965000065 ], [ 120.817540339000061, 14.379078703000058 ], [ 120.817564195000045, 14.37910887600003 ], [ 120.817600897000048, 14.379147947000037 ], [ 120.817639554000053, 14.379206641000053 ], [ 120.817654243000106, 14.379219090000053 ], [ 120.817668954000055, 14.379235109000032 ], [ 120.817672650000091, 14.379242235000046 ], [ 120.817702071000099, 14.379270724000035 ], [ 120.817703922000078, 14.379274290000069 ], [ 120.817720468000061, 14.379288538000022 ], [ 120.817738895000048, 14.379309931000023 ], [ 120.817748135000116, 14.379324206000037 ], [ 120.817796070000099, 14.379375956000045 ], [ 120.817814546000022, 14.379399181000053 ], [ 120.817821964000018, 14.379411698000069 ], [ 120.817879280000056, 14.379479666000066 ], [ 120.817923839000073, 14.379545982000021 ], [ 120.817957150000097, 14.379580039000075 ], [ 120.817979450000053, 14.379610560000058 ], [ 120.817985004000107, 14.379615942000042 ], [ 120.817994319000036, 14.379630318000068 ], [ 120.818001746000036, 14.379639300000063 ], [ 120.818014695000102, 14.37965006400003 ], [ 120.818035097, 14.379675184000066 ], [ 120.818053668000076, 14.379702099000038 ], [ 120.818079930000067, 14.37973366800003 ], [ 120.818105739000103, 14.379772942000045 ], [ 120.818150012000061, 14.379819431000042 ], [ 120.818199787000026, 14.379878375000036 ], [ 120.81820715400012, 14.379890858000065 ], [ 120.818218210000055, 14.379905138000023 ], [ 120.818221890000018, 14.379914046000064 ], [ 120.818231104, 14.37992475900006 ], [ 120.818238470000097, 14.37993724100005 ], [ 120.818262417000014, 14.379969356000062 ], [ 120.81834898000011, 14.380058603000068 ], [ 120.818372903000068, 14.38008712300007 ], [ 120.818400495000105, 14.380124528000065 ], [ 120.818409698000082, 14.38013344800004 ], [ 120.818418893000057, 14.380147690000056 ], [ 120.818428095000073, 14.380156610000025 ], [ 120.818440964000047, 14.380179745000074 ], [ 120.818450164000083, 14.380190438000056 ], [ 120.818450160000111, 14.380193989000077 ], [ 120.818468556000084, 14.380218928000037 ], [ 120.818479596000074, 14.380229627000061 ], [ 120.818494313000087, 14.380247445000062 ], [ 120.818520066000019, 14.380283068000042 ], [ 120.818600986000092, 14.38037570400007 ], [ 120.818606505000048, 14.380384608000046 ], [ 120.818623054000113, 14.380404199000054 ], [ 120.818648811000116, 14.380443380000029 ], [ 120.818681913000091, 14.380486123000024 ], [ 120.818689258000049, 14.38049146000003 ], [ 120.818696612000068, 14.380500363000069 ], [ 120.818713131000095, 14.380512812000067 ], [ 120.81871497200008, 14.38051637400002 ], [ 120.818725974000031, 14.380525261000059 ], [ 120.818736991000037, 14.380539495000052 ], [ 120.818768147000029, 14.380566139000052 ], [ 120.818773652000118, 14.380573252000033 ], [ 120.818795631000043, 14.38059277900004 ], [ 120.818804805000013, 14.380605224000016 ], [ 120.818861546000107, 14.380660221000028 ], [ 120.81888169300008, 14.38068507400004 ], [ 120.818888996000055, 14.380690378000052 ], [ 120.818909114, 14.380711651000066 ], [ 120.818934670000104, 14.380732871000077 ], [ 120.8189548040001, 14.380759481000041 ], [ 120.818991294000071, 14.380793073000062 ], [ 120.819000389000067, 14.380798341000059 ], [ 120.819013181000059, 14.38081428600003 ], [ 120.819036895000067, 14.380839041000058 ], [ 120.819064317000084, 14.380876251000075 ], [ 120.819068005000076, 14.380885144000043 ], [ 120.819073455000094, 14.380888652000062 ], [ 120.819100867000088, 14.380925849000052 ], [ 120.819111775000025, 14.380934645000027 ], [ 120.81912818900004, 14.380954093000071 ], [ 120.819148186000021, 14.380971696000071 ], [ 120.819159133000085, 14.380985846000041 ], [ 120.81917548100013, 14.380999913000039 ], [ 120.819206414000064, 14.381033426000043 ], [ 120.819220909000023, 14.381043927000064 ], [ 120.819248125000072, 14.381068526000035 ], [ 120.81925716, 14.381073741000021 ], [ 120.81927530300004, 14.381091320000056 ], [ 120.819299069000067, 14.381119647000048 ], [ 120.819304623000122, 14.381128562000072 ], [ 120.81933942, 14.381165797000053 ], [ 120.819372317000116, 14.381197653000072 ], [ 120.819379588000061, 14.381202926000068 ], [ 120.819383282000103, 14.381208272000039 ], [ 120.819397818000084, 14.381218811000055 ], [ 120.819410552000022, 14.381231145000074 ], [ 120.819416440000069, 14.381252708000037 ], [ 120.819421897000097, 14.381263297000034 ], [ 120.819427408000024, 14.381266869000058 ], [ 120.81944022100005, 14.381281050000041 ], [ 120.81944569300002, 14.381289887000037 ], [ 120.819456685000091, 14.381300536000026 ], [ 120.819496909000023, 14.381351880000066 ], [ 120.819539028, 14.381392682000069 ], [ 120.819555519000133, 14.381405121000057 ], [ 120.819608585000083, 14.381454762000033 ], [ 120.819626870000093, 14.381474242000023 ], [ 120.819632352000085, 14.381481319000041 ], [ 120.819634173000054, 14.381486617000066 ], [ 120.819641491000084, 14.381491940000043 ], [ 120.819652453000103, 14.381507860000056 ], [ 120.819659770000044, 14.381513180000066 ], [ 120.819678049000117, 14.381532655000058 ], [ 120.819703639000068, 14.381555676000064 ], [ 120.819754800000069, 14.381615836000037 ], [ 120.819760284000026, 14.381624682000048 ], [ 120.819771244000094, 14.381635298000049 ], [ 120.819791344000024, 14.381660069000077 ], [ 120.819795007000039, 14.381668920000038 ], [ 120.819804151000099, 14.381683080000073 ], [ 120.819829740000046, 14.381714937000025 ], [ 120.819837045000099, 14.381722012000067 ], [ 120.819842535, 14.381730866000053 ], [ 120.819849840000074, 14.381737940000045 ], [ 120.81986082800006, 14.381757427000025 ], [ 120.819890106000116, 14.381796398000061 ], [ 120.819901092000023, 14.381807036000053 ], [ 120.819945203000103, 14.381865703000074 ], [ 120.819970919000085, 14.38189415600004 ], [ 120.820033386000105, 14.381958209000059 ], [ 120.820050020000053, 14.381981426000038 ], [ 120.820063013000109, 14.382002903000057 ], [ 120.820066768000061, 14.382011877000021 ], [ 120.820090894000046, 14.38204949500005 ], [ 120.820122178, 14.382081578000058 ], [ 120.820136829000049, 14.382092205000049 ], [ 120.820142377000025, 14.382099360000042 ], [ 120.820144185000117, 14.382099329000027 ], [ 120.820158897000056, 14.382113579000075 ], [ 120.820177224000076, 14.382127765000062 ], [ 120.820191937000118, 14.382142016000044 ], [ 120.820245060000033, 14.382182779000063 ], [ 120.82025418, 14.382188050000025 ], [ 120.820261536000089, 14.382195175000051 ], [ 120.82028712400006, 14.382212836000067 ], [ 120.820312787000034, 14.382234132000061 ], [ 120.820340333000118, 14.382259029000069 ], [ 120.82040293700004, 14.382321438000073 ], [ 120.820426814000044, 14.38234278100003 ], [ 120.820456054000033, 14.382363981000028 ], [ 120.820474241000056, 14.382374481000056 ], [ 120.820479762000119, 14.382379827000021 ], [ 120.820487012000058, 14.382383293000032 ], [ 120.820501620000059, 14.382393885000058 ], [ 120.820510821000084, 14.382402794000026 ], [ 120.820525427, 14.382413384000072 ], [ 120.8205475110001, 14.38243476900004 ], [ 120.820562113000037, 14.382445356000062 ], [ 120.820587881000051, 14.382470308000046 ], [ 120.820593461000044, 14.382477488000061 ], [ 120.820608014000072, 14.382489803000054 ], [ 120.820624289000079, 14.382500235000059 ], [ 120.820658789000049, 14.382528319000071 ], [ 120.820671550000043, 14.382540677000065 ], [ 120.820737377000114, 14.382590248000039 ], [ 120.820772226000031, 14.382620447000019 ], [ 120.820781391000097, 14.38262577700004 ], [ 120.820801529000065, 14.382643504000042 ], [ 120.820860101000093, 14.382705537000048 ], [ 120.820896739000091, 14.382733920000025 ], [ 120.820929711000076, 14.382764073000031 ], [ 120.820937037000036, 14.382767620000038 ], [ 120.820995646000029, 14.382813733000033 ], [ 120.821002965000048, 14.382817276000027 ], [ 120.821023108000077, 14.382833236000067 ], [ 120.821050558000024, 14.382850956000029 ], [ 120.821072528000073, 14.382868685000068 ], [ 120.821081672000105, 14.382873997000045 ], [ 120.821089010000037, 14.382882871000055 ], [ 120.821105472000127, 14.382893498000044 ], [ 120.821151289000127, 14.382937853000046 ], [ 120.821156776000052, 14.382941394000056 ], [ 120.821213629000113, 14.382998203000056 ], [ 120.821259431000044, 14.383037232000051 ], [ 120.821266788000116, 14.383046124000032 ], [ 120.821310740000072, 14.38308159100006 ], [ 120.821321684000068, 14.383086875000062 ], [ 120.821323541000098, 14.383090443000073 ], [ 120.821332670000075, 14.383095741000034 ], [ 120.821367488000092, 14.383125905000044 ], [ 120.821411377000132, 14.383157775000029 ], [ 120.821416903000127, 14.383164894000059 ], [ 120.82142419000003, 14.383170183000061 ], [ 120.821427861000075, 14.383175510000054 ], [ 120.821435147000116, 14.383180798000069 ], [ 120.821462630000042, 14.383209183000078 ], [ 120.821475571000065, 14.383219920000045 ], [ 120.821492308000074, 14.383241412000078 ], [ 120.8215108710001, 14.383261128000068 ], [ 120.821543280000014, 14.383277505000024 ], [ 120.821592783000014, 14.383325013000048 ], [ 120.821601961000056, 14.383335584000067 ], [ 120.821723387000034, 14.383437993000035 ], [ 120.821752933000084, 14.383473408000048 ], [ 120.821806547000051, 14.383526625000064 ], [ 120.821828788000076, 14.383553277000034 ], [ 120.821854733, 14.38357817800005 ], [ 120.821873252000046, 14.383590637000053 ], [ 120.821893669000033, 14.383610230000045 ], [ 120.821923360000028, 14.383633403000035 ], [ 120.821927053000081, 14.383633403000035 ], [ 120.821938193000051, 14.383642323000062 ], [ 120.821949305000089, 14.383647679000035 ], [ 120.822003283000086, 14.383697697000059 ], [ 120.822027485000021, 14.383717374000076 ], [ 120.822068535000085, 14.383754981000036 ], [ 120.822152316000043, 14.383805202000074 ], [ 120.822174747000076, 14.383823162000052 ], [ 120.822199124, 14.383846531000076 ], [ 120.822241943000108, 14.383875289000057 ], [ 120.82225687800009, 14.383889676000017 ], [ 120.822266177000074, 14.38389506900006 ], [ 120.822323957000094, 14.383938247000058 ], [ 120.822329584000059, 14.383945450000054 ], [ 120.822348259000037, 14.383961656000052 ], [ 120.822376379000062, 14.38399409200002 ], [ 120.822393199000089, 14.384008510000058 ], [ 120.822434481000059, 14.384055416000022 ], [ 120.822451413000081, 14.384077084000069 ], [ 120.822468258000086, 14.384091526000079 ], [ 120.82247957900006, 14.38410779100008 ], [ 120.822487055000011, 14.384113208000036 ], [ 120.82250958900012, 14.384136703000022 ], [ 120.822532032000026, 14.38415296200003 ], [ 120.822543320000023, 14.384165624000048 ], [ 120.822547101000055, 14.384171054000033 ], [ 120.822554873000058, 14.384196425000024 ], [ 120.822555344000079, 14.384229093000043 ], [ 120.822559313000042, 14.384247247000076 ], [ 120.822563099000035, 14.384252688000061 ], [ 120.822570593000023, 14.384258121000066 ], [ 120.822583567000024, 14.384258087000035 ], [ 120.822590953000031, 14.38425625000002 ], [ 120.822598310000103, 14.384252598000048 ], [ 120.822616530000133, 14.384232574000066 ], [ 120.822625508000087, 14.384214402000056 ], [ 120.822632573000078, 14.384192620000018 ], [ 120.822642933000125, 14.384145490000035 ], [ 120.822652928000025, 14.384121879000073 ], [ 120.822652922000103, 14.384118288000025 ], [ 120.82266031100005, 14.384098551000022 ], [ 120.822671433000096, 14.384091383000053 ], [ 120.822677000000112, 14.384091387000067 ], [ 120.822688141000086, 14.38409498300007 ], [ 120.822695577000104, 14.384100370000052 ], [ 120.822717906000108, 14.384123713000061 ], [ 120.822740212000113, 14.384136293000045 ], [ 120.822784821000027, 14.384157865000077 ], [ 120.82279598200013, 14.384165055000036 ], [ 120.822810877000052, 14.384177638000041 ], [ 120.822823936000077, 14.384193819000071 ], [ 120.822827688000075, 14.384202811000023 ], [ 120.822838855000114, 14.38421540800004 ], [ 120.822846316000096, 14.384228006000056 ], [ 120.822850059000061, 14.384237005000042 ], [ 120.822861373, 14.384280222000024 ], [ 120.822878159000098, 14.384305445000049 ], [ 120.82291727300003, 14.384352294000049 ], [ 120.822948865000058, 14.384377506000021 ], [ 120.822984194000028, 14.384409928000025 ], [ 120.823028780000072, 14.38444593300005 ], [ 120.823062255000096, 14.384478352000029 ], [ 120.823067848000051, 14.384485562000066 ], [ 120.823112434000095, 14.384523361000042 ], [ 120.823134780000032, 14.384548588000033 ], [ 120.823168199000079, 14.38457557500004 ], [ 120.823179303000089, 14.384580950000045 ], [ 120.823199718000055, 14.384597136000021 ], [ 120.823207117000038, 14.384600718000058 ], [ 120.823238661000119, 14.384625892000029 ], [ 120.823264330000029, 14.384658257000069 ], [ 120.823397340000042, 14.383561440000053 ] ] ] } },
{ "type": "Feature", "properties": { "adm1_psgc": 400000000, "adm2_psgc": 402100000, "adm3_psgc": 402120000, "adm4_psgc": 402120022, "adm4_en": "Sanja Mayor", "geo_level": "Bgy", "len_crs": 6393, "area_crs": 1762319, "len_km": 6, "area_km2": 1.0 }, "geometry": { "type": "Polygon", "coordinates": [ [ [ 120.853824886000083, 14.380060837000029 ], [ 120.854472265000041, 14.380007246000048 ], [ 120.855342638000025, 14.380032408000034 ], [ 120.855620011000042, 14.379988224000044 ], [ 120.855872762000118, 14.379980796000037 ], [ 120.858592662000092, 14.379900857000052 ], [ 120.861460215000093, 14.380030081000029 ], [ 120.861669463000112, 14.378940758000056 ], [ 120.861983336000094, 14.378122227000063 ], [ 120.862124886000061, 14.37779604600007 ], [ 120.862287023, 14.377129682000032 ], [ 120.862409928000034, 14.376545880000034 ], [ 120.862466260000033, 14.376018409000038 ], [ 120.862466260000033, 14.375403881000068 ], [ 120.862379202000056, 14.375004437000026 ], [ 120.862133390000054, 14.374195307000035 ], [ 120.86202584800003, 14.373806106000075 ], [ 120.861841489000099, 14.373043066000037 ], [ 120.861713462000012, 14.372618017000033 ], [ 120.861595678000072, 14.372029093000034 ], [ 120.861508619, 14.37101 ], [ 120.861406198000068, 14.370738583000044 ], [ 120.861088691000077, 14.370344260000019 ], [ 120.860848001000022, 14.369965301000038 ], [ 120.860469042000105, 14.369110082000077 ], [ 120.860289804000118, 14.368720880000073 ], [ 120.859931329, 14.368234378000068 ], [ 120.859583096000051, 14.36792199300004 ], [ 120.859250226000086, 14.367845176000062 ], [ 120.858968567000034, 14.36782469200006 ], [ 120.858343796000099, 14.367886145000057 ], [ 120.858185043000049, 14.367845176000062 ], [ 120.858000684000103, 14.367747876000065 ], [ 120.857362911000109, 14.36778785000007 ], [ 120.8570883860001, 14.367745831000036 ], [ 120.85702686500008, 14.367791476000034 ], [ 120.856876325000016, 14.367986228000063 ], [ 120.856820180000113, 14.368214549000072 ], [ 120.856805208000083, 14.368435384000065 ], [ 120.85679772200001, 14.368663705000071 ], [ 120.856734092000011, 14.368888283000052 ], [ 120.856644261000028, 14.369120347000036 ], [ 120.856590824000037, 14.369329950000065 ], [ 120.85657616900005, 14.369516210000029 ], [ 120.855928283000026, 14.369538433000061 ], [ 120.854451883000024, 14.36958907500002 ], [ 120.8544258700001, 14.369428170000049 ], [ 120.854420958000105, 14.369388887000071 ], [ 120.854387853000034, 14.369078905000038 ], [ 120.854390863000049, 14.368868239000049 ], [ 120.854426977000131, 14.368684657000072 ], [ 120.854547358000104, 14.368296429000056 ], [ 120.854727930000095, 14.367923247000018 ], [ 120.854799145000015, 14.367804165000052 ], [ 120.854992836000079, 14.367480285000056 ], [ 120.854532047000021, 14.367755936000034 ], [ 120.854208655000079, 14.367949393000062 ], [ 120.854103631000044, 14.368026411000073 ], [ 120.853991605000047, 14.368127934000025 ], [ 120.853886581000097, 14.368330981000044 ], [ 120.85371504200009, 14.368849101000025 ], [ 120.853620520000064, 14.369083655000054 ], [ 120.853490990000083, 14.369234189000046 ], [ 120.853294945, 14.369353217000022 ], [ 120.853222257000098, 14.369390780000057 ], [ 120.852773324000069, 14.369622779000053 ], [ 120.85208964900005, 14.369935106000067 ], [ 120.85186283400003, 14.370080767000047 ], [ 120.851615209000116, 14.370263884000053 ], [ 120.851409202000013, 14.37054480300003 ], [ 120.851313482000023, 14.370802832000036 ], [ 120.851226085000022, 14.371015081000051 ], [ 120.851128284000097, 14.371208603000067 ], [ 120.851057534, 14.371406286000024 ], [ 120.850963895000078, 14.371972285000025 ], [ 120.850905630000057, 14.372465453000075 ], [ 120.850809910000052, 14.372821283000063 ], [ 120.850718351000069, 14.373056422000047 ], [ 120.850570609000101, 14.373345664000054 ], [ 120.850377087000084, 14.373701494000041 ], [ 120.85031882300008, 14.373788891000061 ], [ 120.850283448000027, 14.37388253000006 ], [ 120.850201999000078, 14.374168562000023 ], [ 120.850181181000039, 14.374231018000044 ], [ 120.850148218000072, 14.374295208000033 ], [ 120.849894926000047, 14.374525948000041 ], [ 120.849624284000029, 14.374768831000036 ], [ 120.849294657000073, 14.375062026000023 ], [ 120.849254755000061, 14.375101928000046 ], [ 120.84920964800007, 14.375110602000065 ], [ 120.849168011000074, 14.375110602000065 ], [ 120.849117699000104, 14.375084579000033 ], [ 120.848829709000029, 14.37491109100006 ], [ 120.84851743000003, 14.37473933800004 ], [ 120.848463649000109, 14.374725459000045 ], [ 120.848428951000074, 14.37473933800004 ], [ 120.848262403000035, 14.375022123000065 ], [ 120.848213826, 14.375060291000064 ], [ 120.848166985000034, 14.375058556000058 ], [ 120.848090650000032, 14.375022123000065 ], [ 120.847599679000041, 14.374675147000058 ], [ 120.847528549000103, 14.374645654000064 ], [ 120.847473032000039, 14.374654329000064 ], [ 120.847368940000024, 14.374746277000039 ], [ 120.847228414000028, 14.37487465900006 ], [ 120.846899016000066, 14.375068373000031 ], [ 120.846569542000111, 14.375361741000059 ], [ 120.846389008000074, 14.375519708000066 ], [ 120.84620396000004, 14.375596435000032 ], [ 120.846018913000066, 14.375677675000077 ], [ 120.845906079000102, 14.375776969000071 ], [ 120.845581118000055, 14.37615609000005 ], [ 120.845314831000124, 14.37644043100005 ], [ 120.844818363000073, 14.376787958000024 ], [ 120.844781667000021, 14.376802701000031 ], [ 120.844732609000062, 14.376792472000032 ], [ 120.844651369000076, 14.376697691000061 ], [ 120.844579155, 14.376625478000051 ], [ 120.844522575000042, 14.376598971000019 ], [ 120.84446180800002, 14.376598398000057 ], [ 120.843292851000101, 14.377442394000072 ], [ 120.843245939000084, 14.377470361000061 ], [ 120.844604351000029, 14.378995660000045 ], [ 120.844729233000066, 14.379137106000032 ], [ 120.845370352000032, 14.378906703000043 ], [ 120.845460509000077, 14.378851607000058 ], [ 120.845540649000114, 14.378831572000022 ], [ 120.853261409000083, 14.380067920000043 ], [ 120.853266347000044, 14.380085697000027 ], [ 120.853280402000109, 14.380101566000063 ], [ 120.853302397000107, 14.380110389000036 ], [ 120.853329706000054, 14.38011442800007 ], [ 120.853824886000083, 14.380060837000029 ] ] ] } },
{ "type": "Feature", "properties": { "adm1_psgc": 400000000, "adm2_psgc": 402100000, "adm3_psgc": 402120000, "adm4_psgc": 402120023, "adm4_en": "Santol", "geo_level": "Bgy", "len_crs": 9996, "area_crs": 3726937, "len_km": 9, "area_km2": 3.0 }, "geometry": { "type": "Polygon", "coordinates": [ [ [ 120.869157886000025, 14.387066215000061 ], [ 120.869501067000115, 14.386896430000032 ], [ 120.870136856000045, 14.386441263000052 ], [ 120.870545061000044, 14.386152268000048 ], [ 120.870924367000029, 14.38590301000005 ], [ 120.871365084000089, 14.385592341000061 ], [ 120.871755227000108, 14.385368370000036 ], [ 120.871982811000052, 14.385249159000065 ], [ 120.872145370000112, 14.385111887000045 ], [ 120.872304317000044, 14.384902365000073 ], [ 120.872553576000087, 14.384490548000025 ], [ 120.872665561000062, 14.38424129000003 ], [ 120.872824508, 14.384093180000034 ], [ 120.873012355000014, 14.383981194000054 ], [ 120.873232714000096, 14.383898108000039 ], [ 120.873565058000054, 14.383778898000056 ], [ 120.87390462700013, 14.383688587000048 ], [ 120.874327282000081, 14.38357298900007 ], [ 120.874475392000036, 14.383475453000077 ], [ 120.874605439000106, 14.383334568000063 ], [ 120.874659626000039, 14.383125047000023 ], [ 120.87468130000002, 14.382846889000064 ], [ 120.87467768800002, 14.382554282000054 ], [ 120.874641564000072, 14.382384497000031 ], [ 120.874580152, 14.382221938000042 ], [ 120.874504291000108, 14.381889594000031 ], [ 120.874486229, 14.381723422000046 ], [ 120.874489841000013, 14.381550025000021 ], [ 120.874542166000083, 14.381300666000069 ], [ 120.874573919000113, 14.381046636000066 ], [ 120.874637427000053, 14.380737038000062 ], [ 120.874756503000086, 14.380415532000033 ], [ 120.874927179000125, 14.380153564000068 ], [ 120.875129608000066, 14.379939227000023 ], [ 120.875288377000061, 14.379756643000064 ], [ 120.875387607000093, 14.379538337000039 ], [ 120.875395545000046, 14.379415291000043 ], [ 120.875383638, 14.379248585000024 ], [ 120.875304254000085, 14.379141416000039 ], [ 120.875173270000118, 14.378903263000039 ], [ 120.875101824000026, 14.378696865000052 ], [ 120.875010532000033, 14.378498404000023 ], [ 120.874768410000129, 14.378224529000022 ], [ 120.874546135000074, 14.378081637000035 ], [ 120.874431028000132, 14.377930807000041 ], [ 120.874379428000125, 14.377815700000044 ], [ 120.874359582000011, 14.377668840000069 ], [ 120.874383397000088, 14.377442595000046 ], [ 120.874419120000098, 14.377208411000028 ], [ 120.874498504000016, 14.37698216600006 ], [ 120.87462551900002, 14.376867059000062 ], [ 120.874748564000015, 14.376803552000066 ], [ 120.874867641000023, 14.376851183000042 ], [ 120.874962902000107, 14.376855152000076 ], [ 120.875058163000062, 14.376819429000022 ], [ 120.875193116000105, 14.376664630000048 ], [ 120.875288377000061, 14.376462200000049 ], [ 120.875415391000033, 14.376212140000062 ], [ 120.875661482000069, 14.375759650000074 ], [ 120.875828189000117, 14.375398452000072 ], [ 120.875848035000104, 14.375275407000057 ], [ 120.875859943000037, 14.375180146000044 ], [ 120.875788497000045, 14.375057100000047 ], [ 120.875689929000032, 14.374971429000027 ], [ 120.875363792000016, 14.374687964000033 ], [ 120.875189147000015, 14.374529195000038 ], [ 120.874935117000078, 14.374263258000044 ], [ 120.87456598100006, 14.373739323000052 ], [ 120.874490566000063, 14.373560708000074 ], [ 120.874427058000052, 14.373266987000019 ], [ 120.874323859000015, 14.373064557000074 ], [ 120.874260352000093, 14.372881974000054 ], [ 120.874212721000049, 14.37265176000005 ], [ 120.874256382000112, 14.372409638000024 ], [ 120.874327828000105, 14.372191332000058 ], [ 120.874411182000017, 14.371969056000067 ], [ 120.874442935000047, 14.371790442000076 ], [ 120.874490566000063, 14.371512597000045 ], [ 120.874442935000047, 14.371191091000068 ], [ 120.874427059000041, 14.370972785000049 ], [ 120.874462781000034, 14.370750509000061 ], [ 120.874554073000013, 14.370393280000028 ], [ 120.874728718000028, 14.370234512000025 ], [ 120.874950994000073, 14.370151158000052 ], [ 120.875205023000021, 14.370079713000051 ], [ 120.875419361000027, 14.369901098000071 ], [ 120.875717051000038, 14.369583561000068 ], [ 120.875863912000128, 14.369400978000044 ], [ 120.875863912000128, 14.369289840000018 ], [ 120.875816282000073, 14.369111226000035 ], [ 120.875532916000111, 14.368510146000061 ], [ 120.875363792000016, 14.368202277000021 ], [ 120.875260592000018, 14.367944278000037 ], [ 120.875169301000028, 14.367694218000054 ], [ 120.875089916000093, 14.367412404000049 ], [ 120.875026409000029, 14.36707502100006 ], [ 120.87500969700011, 14.366851835000038 ], [ 120.874991336000107, 14.366609823000031 ], [ 120.87497084000006, 14.366400256000079 ], [ 120.874929996000105, 14.366186576000073 ], [ 120.874868656000118, 14.365984154000042 ], [ 120.874721439000027, 14.365585443000041 ], [ 120.874549687000027, 14.365278742000045 ], [ 120.874521917000052, 14.365058992000057 ], [ 120.874335221000038, 14.365118848000067 ], [ 120.874134668000011, 14.36517022300006 ], [ 120.873996930000075, 14.365211712000075 ], [ 120.873882678000086, 14.365296994000063 ], [ 120.873680958000023, 14.365478593000029 ], [ 120.873585495000043, 14.365534033000074 ], [ 120.873426290000126, 14.36556941200007 ], [ 120.873309539000047, 14.365551722000079 ], [ 120.873199865000061, 14.36549511600003 ], [ 120.873153872000088, 14.365410207000023 ], [ 120.873146796000029, 14.365318221000051 ], [ 120.87315741000009, 14.365208547000062 ], [ 120.873238781000055, 14.364929053000022 ], [ 120.873238781000055, 14.364833530000052 ], [ 120.873153872000088, 14.364759234000072 ], [ 120.873001743000032, 14.364723855000019 ], [ 120.872810696000101, 14.364699090000045 ], [ 120.872605498000084, 14.364610642000059 ], [ 120.872407376000069, 14.364504506000056 ], [ 120.872185160000072, 14.364349170000027 ], [ 120.872080452000091, 14.364271778000044 ], [ 120.872159460000034, 14.365326915000022 ], [ 120.871369796000067, 14.364664991000037 ], [ 120.871003996000027, 14.364374674000029 ], [ 120.870272397, 14.364061131000026 ], [ 120.87048024, 14.363226973000051 ], [ 120.870427886000016, 14.363069911000027 ], [ 120.870411952000055, 14.36299024200002 ], [ 120.870411952000055, 14.362944717000063 ], [ 120.870434715000115, 14.36291057300002 ], [ 120.870473411000035, 14.362860495000064 ], [ 120.87053714700005, 14.362753511000047 ], [ 120.870550804000132, 14.362682947000053 ], [ 120.87053714700005, 14.362619211000034 ], [ 120.87045975400008, 14.36255092300007 ], [ 120.870102381000024, 14.362325573000019 ], [ 120.869890688000069, 14.362209484000058 ], [ 120.869831505000107, 14.362193550000027 ], [ 120.869756389000045, 14.362195827000052 ], [ 120.869676069000107, 14.362253180000035 ], [ 120.869622089000032, 14.362289153000061 ], [ 120.86957636700005, 14.362320370000079 ], [ 120.869496171000037, 14.362333375000048 ], [ 120.869431148000118, 14.362311701000069 ], [ 120.869372627000075, 14.36226401700003 ], [ 120.869363957000019, 14.362203329000069 ], [ 120.869383464000066, 14.362123133000066 ], [ 120.869433316000027, 14.362019096000036 ], [ 120.869500506, 14.361906389000071 ], [ 120.869650060000026, 14.361759003000033 ], [ 120.869790944000101, 14.361646296000059 ], [ 120.869823455000073, 14.361555263000071 ], [ 120.869877641000016, 14.361451226000037 ], [ 120.869931828000048, 14.36137103000004 ], [ 120.870046702000081, 14.36132984900007 ], [ 120.870111725000029, 14.361271328000042 ], [ 120.87013990200002, 14.361160788000063 ], [ 120.870202758000119, 14.361052416000067 ], [ 120.870300293, 14.361011235000035 ], [ 120.870482358000118, 14.36099172800005 ], [ 120.870595065000074, 14.360996063000073 ], [ 120.870679595000084, 14.360985225000036 ], [ 120.870729447000031, 14.360961384000065 ], [ 120.870772795000107, 14.360909365000055 ], [ 120.870816144000059, 14.360833504000029 ], [ 120.870824814000116, 14.360764146000065 ], [ 120.870794470000078, 14.360703458000049 ], [ 120.870761958000116, 14.360673114000065 ], [ 120.870673093000065, 14.360610258000062 ], [ 120.870631912000022, 14.360577746000047 ], [ 120.870612405000088, 14.360527895000073 ], [ 120.870603735000032, 14.360478044000047 ], [ 120.87059940000006, 14.360406518000049 ], [ 120.870625409000013, 14.360285141000075 ], [ 120.870636247000107, 14.36018977400005 ], [ 120.870612405000088, 14.36016159700006 ], [ 120.870575558000041, 14.360176769000077 ], [ 120.870527874000132, 14.36020277800003 ], [ 120.870467186000042, 14.36021578300006 ], [ 120.870408665000014, 14.360187606000068 ], [ 120.870395660000099, 14.360137755000039 ], [ 120.870386991000046, 14.36006189500006 ], [ 120.870380488000023, 14.36001204300004 ], [ 120.870356646000118, 14.359970862000068 ], [ 120.8702872880001, 14.359957857000042 ], [ 120.870228767000071, 14.359947020000051 ], [ 120.870142070000057, 14.359951355000023 ], [ 120.869918823000049, 14.359871160000067 ], [ 120.86973025500005, 14.359808304000071 ], [ 120.869647892000117, 14.35980180100006 ], [ 120.869613213000108, 14.359803969000039 ], [ 120.869563362, 14.359836480000071 ], [ 120.869502674000046, 14.359871160000067 ], [ 120.869426813000018, 14.359862490000067 ], [ 120.869389967000089, 14.359829978000052 ], [ 120.869333613000109, 14.35974761500006 ], [ 120.869277260000089, 14.359702099000057 ], [ 120.869194897000057, 14.359634908000034 ], [ 120.869086525000057, 14.35955037800005 ], [ 120.869001994000087, 14.359517866000035 ], [ 120.868906627000115, 14.359515699000038 ], [ 120.868750571000078, 14.359535206000032 ], [ 120.86864653400005, 14.359500527000021 ], [ 120.868531659000041, 14.35945934500006 ], [ 120.868460134000088, 14.35945934500006 ], [ 120.868382106000027, 14.359489690000032 ], [ 120.868278068000109, 14.359556880000069 ], [ 120.868215212000109, 14.35957422000007 ], [ 120.868174031000066, 14.359559048000047 ], [ 120.868124180000109, 14.359528704000068 ], [ 120.868106840000124, 14.359485355000059 ], [ 120.868106840000124, 14.359442006000048 ], [ 120.868126347000043, 14.359381317000045 ], [ 120.868147138000026, 14.359342195000069 ], [ 120.868154001000107, 14.359295866000025 ], [ 120.868138558000055, 14.359252969000067 ], [ 120.868104673000076, 14.359233931000064 ], [ 120.868056195000023, 14.359204923000046 ], [ 120.868024477000063, 14.35915807100003 ], [ 120.868015013000104, 14.35911226400003 ], [ 120.868016729000033, 14.359053924000019 ], [ 120.868025309000018, 14.359011026000076 ], [ 120.868023593000103, 14.358954401000062 ], [ 120.868003002, 14.35889262900003 ], [ 120.86797040000009, 14.358841152000023 ], [ 120.867927502000029, 14.358791391000066 ], [ 120.86785028700001, 14.358772516000048 ], [ 120.867747332000022, 14.358799970000065 ], [ 120.867685560000055, 14.358789675000022 ], [ 120.867632367000041, 14.358760504000028 ], [ 120.867610060000075, 14.358712459000056 ], [ 120.865881698000067, 14.359297734000052 ], [ 120.863333374000035, 14.359847404000051 ], [ 120.863090545000105, 14.360604128000034 ], [ 120.862819479000095, 14.361456856000077 ], [ 120.861765088000098, 14.363603023000049 ], [ 120.86211675100003, 14.364209339000068 ], [ 120.862448203000099, 14.364936917000025 ], [ 120.862557340000066, 14.365312833000075 ], [ 120.862622014000067, 14.365725127000072 ], [ 120.861397246000024, 14.366394153000043 ], [ 120.861501867000015, 14.366483275000062 ], [ 120.861589052000127, 14.366591771000056 ], [ 120.861633613000095, 14.366642144000021 ], [ 120.861662674000058, 14.366690580000068 ], [ 120.861682048000034, 14.366729328000075 ], [ 120.861711110000101, 14.366750640000076 ], [ 120.861740171000079, 14.366770014000055 ], [ 120.861749858000053, 14.366801013000044 ], [ 120.861740171000079, 14.366843637000041 ], [ 120.861738234000086, 14.366907572000056 ], [ 120.861771170000111, 14.366946321000059 ], [ 120.861846286000073, 14.366984472000066 ], [ 120.861909290000085, 14.367070387000068 ], [ 120.861937928000103, 14.367177302000075 ], [ 120.861955111000043, 14.36726512500007 ], [ 120.861987567000043, 14.367328129000045 ], [ 120.862031479000066, 14.367364404000057 ], [ 120.862060117000055, 14.367414043000053 ], [ 120.862056299000074, 14.367513322000038 ], [ 120.86207539100009, 14.367580144000041 ], [ 120.862117393000062, 14.367620237000038 ], [ 120.862210944000026, 14.367637420000049 ], [ 120.8622758570001, 14.367669876000036 ], [ 120.862325496000039, 14.367719516000022 ], [ 120.862342679000122, 14.367769155000076 ], [ 120.862338861000012, 14.367832159000043 ], [ 120.862308313000099, 14.367883707000031 ], [ 120.859931329, 14.368234378000068 ], [ 120.860289804000118, 14.368720880000073 ], [ 120.860469042000105, 14.369110082000077 ], [ 120.860848001000022, 14.369965301000038 ], [ 120.861088691000077, 14.370344260000019 ], [ 120.861406198000068, 14.370738583000044 ], [ 120.861508619, 14.37101 ], [ 120.861595678000072, 14.372029093000034 ], [ 120.861713462000012, 14.372618017000033 ], [ 120.861841489000099, 14.373043066000037 ], [ 120.86202584800003, 14.373806106000075 ], [ 120.862133390000054, 14.374195307000035 ], [ 120.862379202000056, 14.375004437000026 ], [ 120.862466260000033, 14.375403881000068 ], [ 120.862466260000033, 14.376018409000038 ], [ 120.862409928000034, 14.376545880000034 ], [ 120.862287023, 14.377129682000032 ], [ 120.862124886000061, 14.37779604600007 ], [ 120.861983336000094, 14.378122227000063 ], [ 120.861669463000112, 14.378940758000056 ], [ 120.861460215000093, 14.380030081000029 ], [ 120.861410980000088, 14.380657826000062 ], [ 120.861460215000093, 14.381002470000054 ], [ 120.861466369000027, 14.38127941700003 ], [ 120.861392517000027, 14.38158098100007 ], [ 120.861294047000115, 14.38199947800007 ], [ 120.861226349000049, 14.382424129000068 ], [ 120.861250966000043, 14.383064183000045 ], [ 120.861275584000055, 14.383630384000073 ], [ 120.861423289000072, 14.384215049000032 ], [ 120.861503295000034, 14.384781251000046 ], [ 120.861515604000033, 14.384947419000067 ], [ 120.861494949000075, 14.385117823000028 ], [ 120.861490987000039, 14.385150513000042 ], [ 120.861380208, 14.385587472000051 ], [ 120.86126327500007, 14.385950580000035 ], [ 120.86123250300011, 14.386165983000069 ], [ 120.861330973, 14.386430621000047 ], [ 120.861419240000032, 14.386537875000046 ], [ 120.861462164000059, 14.386357596000035 ], [ 120.861494357000083, 14.386138686000031 ], [ 120.861543719000124, 14.38600347600004 ], [ 120.86170039000001, 14.385795297000065 ], [ 120.861816284000042, 14.385711596000021 ], [ 120.86190642300005, 14.385690134000068 ], [ 120.861957932000124, 14.385664380000037 ], [ 120.861970809, 14.385593556000062 ], [ 120.861981540000102, 14.385505562000047 ], [ 120.86197295500007, 14.385396107000078 ], [ 120.862018025000111, 14.385280214000034 ], [ 120.862090995000031, 14.385217974000053 ], [ 120.862230496000052, 14.385185782000068 ], [ 120.862427945000036, 14.385183635000036 ], [ 120.862584616000063, 14.385226559000044 ], [ 120.86271767900007, 14.385250167000038 ], [ 120.862816404000114, 14.385258752000023 ], [ 120.86289795800009, 14.38523729000007 ], [ 120.862983806000116, 14.385170758000072 ], [ 120.863022437000055, 14.385097788000049 ], [ 120.863031022000087, 14.385022672000042 ], [ 120.862994537000091, 14.384876732000066 ], [ 120.862958052000067, 14.384812346000045 ], [ 120.862947321000092, 14.384762984000076 ], [ 120.862955905000035, 14.384726499000065 ], [ 120.863013852000108, 14.38468142900007 ], [ 120.863078238000057, 14.384666406000068 ], [ 120.863114723000095, 14.384674991000054 ], [ 120.863196278000032, 14.384698599000046 ], [ 120.863335779000067, 14.384735084000059 ], [ 120.86343021100005, 14.384737230000043 ], [ 120.863561128000015, 14.384694306000029 ], [ 120.863655560000097, 14.384610605000034 ], [ 120.863741407000035, 14.38451617300006 ], [ 120.863743553000077, 14.384421741000038 ], [ 120.863722092000117, 14.384327310000058 ], [ 120.863724238000017, 14.384260778000057 ], [ 120.863734969, 14.384217854000042 ], [ 120.863790769000047, 14.384151323000026 ], [ 120.863883055000088, 14.38415132300003 ], [ 120.863971049000043, 14.38417493100007 ], [ 120.864074065000068, 14.384185662000048 ], [ 120.864138451000017, 14.384177077000054 ], [ 120.864181374000054, 14.384149177000037 ], [ 120.865045585000075, 14.384780156000033 ], [ 120.867805566000015, 14.385845633000033 ], [ 120.868453461000058, 14.387019253000064 ], [ 120.868688269, 14.387080664000051 ], [ 120.868879728000024, 14.387084277000037 ], [ 120.869157886000025, 14.387066215000061 ] ] ] } },
{ "type": "Feature", "properties": { "adm1_psgc": 400000000, "adm2_psgc": 402100000, "adm3_psgc": 402120000, "adm4_psgc": 402120024, "adm4_en": "Tanauan", "geo_level": "Bgy", "len_crs": 22296, "area_crs": 16705550, "len_km": 22, "area_km2": 16.0 }, "geometry": { "type": "Polygon", "coordinates": [ [ [ 120.805854498000045, 14.339085650000072 ], [ 120.806509119000097, 14.338797250000026 ], [ 120.806623563, 14.33877207300003 ], [ 120.806786074000115, 14.338769784000025 ], [ 120.807275895000103, 14.338817850000051 ], [ 120.807452139000034, 14.338840739000034 ], [ 120.807559717000103, 14.338833872000066 ], [ 120.807653561000052, 14.338799539000032 ], [ 120.80769933900001, 14.338735450000064 ], [ 120.807745116000106, 14.338632451000024 ], [ 120.807793183000044, 14.338566073000033 ], [ 120.807877872000077, 14.33848138400003 ], [ 120.808028938, 14.338419584000064 ], [ 120.80816398200011, 14.338373807000037 ], [ 120.808598870000097, 14.338231896000021 ], [ 120.808802581, 14.338163229000029 ], [ 120.809107003, 14.338064807000023 ], [ 120.809283247000053, 14.338071674000046 ], [ 120.809427446000086, 14.338110585000036 ], [ 120.8095693570001, 14.338202140000023 ], [ 120.809947023000078, 14.33844934000007 ], [ 120.810187356000043, 14.338563784000032 ], [ 120.810354444000026, 14.338643895000072 ], [ 120.81051924400002, 14.338714850000033 ], [ 120.810640555000077, 14.338737739000065 ], [ 120.810777888000089, 14.338749184000047 ], [ 120.810883177000051, 14.338746895000043 ], [ 120.810951843000097, 14.338724006000064 ], [ 120.811004488000108, 14.338678228000051 ], [ 120.811043399000013, 14.338607273000035 ], [ 120.811116643000091, 14.338501984000059 ], [ 120.811199043000101, 14.338398984000033 ], [ 120.81137070900003, 14.338252496000052 ], [ 120.811595020000027, 14.337989274000051 ], [ 120.811807886000111, 14.33768943000007 ], [ 120.811922330000016, 14.337595586000079 ], [ 120.812032197, 14.337552097000067 ], [ 120.812286263000033, 14.337490297000045 ], [ 120.812636462000128, 14.337437653000048 ], [ 120.812721151000133, 14.337405609000029 ], [ 120.812782951000017, 14.337362120000023 ], [ 120.812842462000049, 14.33727056500004 ], [ 120.812853906000115, 14.33719732000003 ], [ 120.812851617000092, 14.337126365000076 ], [ 120.812824151000072, 14.337092032000045 ], [ 120.81271428400008, 14.337021076000042 ], [ 120.812661640000101, 14.336929521000055 ], [ 120.812659351000079, 14.336860855000054 ], [ 120.812689106000121, 14.336792188000061 ], [ 120.812927150000064, 14.336494633000029 ], [ 120.812995817000129, 14.336467166000032 ], [ 120.81305075000013, 14.33646487800007 ], [ 120.813286505000065, 14.336492344000021 ], [ 120.813444438000033, 14.336478611000075 ], [ 120.813611527000049, 14.336432833000062 ], [ 120.813858726000035, 14.336334411000051 ], [ 120.814041837000104, 14.336284056000068 ], [ 120.814099059000114, 14.336235989000048 ], [ 120.81415628100001, 14.336130700000066 ], [ 120.814218081000035, 14.336052878000032 ], [ 120.81428903700008, 14.33601625600005 ], [ 120.814485881000095, 14.335949879000051 ], [ 120.814659836000033, 14.335883501000071 ], [ 120.815064968000129, 14.33576219000002 ], [ 120.815218324000071, 14.335766768000044 ], [ 120.815488412000036, 14.335856034000075 ], [ 120.815621702000044, 14.335923758000034 ], [ 120.81571740000004, 14.335930282000051 ], [ 120.815795697000112, 14.335906358000042 ], [ 120.815943593000043, 14.335773686000037 ], [ 120.81599796700003, 14.335673639000047 ], [ 120.816002317000098, 14.335604041000067 ], [ 120.815978392000048, 14.335534443000027 ], [ 120.81593489400008, 14.335436571000065 ], [ 120.81593489400008, 14.335356098000034 ], [ 120.815963168000067, 14.335282150000065 ], [ 120.816019716000028, 14.33521255200003 ], [ 120.816106714000057, 14.335136429000046 ], [ 120.816330732000083, 14.335064656000043 ], [ 120.816837493000094, 14.334953734000068 ], [ 120.817124585000101, 14.334851512000059 ], [ 120.817178959000117, 14.334803663000061 ], [ 120.817196358000047, 14.334738415000059 ], [ 120.817144160000112, 14.334409999000062 ], [ 120.817155035000027, 14.334344751000058 ], [ 120.817189834000033, 14.334262104000057 ], [ 120.81743125200002, 14.333944562000054 ], [ 120.817529124000103, 14.333851040000068 ], [ 120.817716169000064, 14.333772742000061 ], [ 120.817911913000103, 14.333783617000051 ], [ 120.81807285900004, 14.333831466000049 ], [ 120.818525246000036, 14.334022860000061 ], [ 120.818594844, 14.334064184000056 ], [ 120.818633993000034, 14.334127257000034 ], [ 120.818686192000101, 14.334264279000028 ], [ 120.818768840000075, 14.334551371000032 ], [ 120.818827563000013, 14.33461879400005 ], [ 120.818925435000097, 14.334651418000021 ], [ 120.81905375700002, 14.33463836800007 ], [ 120.81932344900008, 14.334525271000071 ], [ 120.819601841000022, 14.334496997000029 ], [ 120.819793236000024, 14.334470898000063 ], [ 120.819971581000118, 14.334388250000073 ], [ 120.820228224000061, 14.334220780000066 ], [ 120.820413094000074, 14.334120733000077 ], [ 120.820708885000045, 14.334066359000076 ], [ 120.821022077000066, 14.334075059000039 ], [ 120.82135919200006, 14.334105508000052 ], [ 120.821652809000071, 14.33419250600002 ], [ 120.821842029000095, 14.334262104000061 ], [ 120.822283542000037, 14.334405650000065 ], [ 120.822548884000071, 14.334464373000056 ], [ 120.822820752000098, 14.33448394700002 ], [ 120.823268789000053, 14.334449148000031 ], [ 120.823547181000094, 14.334460023000076 ], [ 120.823738576000096, 14.334436099000069 ], [ 120.823890822000067, 14.334346926000025 ], [ 120.82398434400011, 14.334266453000053 ], [ 120.824043068000023, 14.334172931000069 ], [ 120.824147465000024, 14.333970662000066 ], [ 120.824275786000044, 14.333816241000019 ], [ 120.824806471000116, 14.333366029000047 ], [ 120.825119663, 14.333133310000047 ], [ 120.825439379000059, 14.332965840000041 ], [ 120.825804768, 14.332830993000071 ], [ 120.825941730000068, 14.332719632000021 ], [ 120.82607778100008, 14.332551297000062 ], [ 120.826206915000057, 14.332452141000029 ], [ 120.826412145000063, 14.332359902000061 ], [ 120.826518220000025, 14.332269970000027 ], [ 120.826619682000114, 14.332136224000065 ], [ 120.826804158000087, 14.331951748000051 ], [ 120.826974799000027, 14.331688868000068 ], [ 120.827203089000037, 14.331449049000071 ], [ 120.827567431000034, 14.331253042000069 ], [ 120.827897183000132, 14.331167722000036 ], [ 120.828240771000097, 14.331112379000047 ], [ 120.828413718000093, 14.331050118000064 ], [ 120.828826484000047, 14.33086102900006 ], [ 120.829416810000097, 14.33060045600007 ], [ 120.829974851000088, 14.330422897000064 ], [ 120.830136269000036, 14.330404449000069 ], [ 120.830270014, 14.330434427000055 ], [ 120.830475245000116, 14.330556643000021 ], [ 120.830620520000025, 14.330683470000046 ], [ 120.830745042000103, 14.330731895000042 ], [ 120.830881093000016, 14.330743425000037 ], [ 120.831017145000033, 14.330692694000053 ], [ 120.831471419000096, 14.330418285000063 ], [ 120.831720462000021, 14.33022458500005 ], [ 120.832103042000071, 14.329874185000049 ], [ 120.832425084000093, 14.32950292700002 ], [ 120.833785623000054, 14.328366273000027 ], [ 120.834285062000035, 14.328176831000064 ], [ 120.835427455000044, 14.327436284000042 ], [ 120.836765032000017, 14.326121670000079 ], [ 120.83715539800005, 14.325782971000024 ], [ 120.837735206000033, 14.325650935000057 ], [ 120.83811409000009, 14.325610750000067 ], [ 120.838584825000126, 14.325662416000057 ], [ 120.839262225000098, 14.325989635000044 ], [ 120.839572221000026, 14.326156114000067 ], [ 120.839790366000116, 14.326219262000054 ], [ 120.840077400000027, 14.326167596000063 ], [ 120.84026684200002, 14.325920747000055 ], [ 120.840433322000095, 14.325541862000019 ], [ 120.840496469000087, 14.325065386000061 ], [ 120.840726096000012, 14.324663539000026 ], [ 120.841122202000079, 14.324416691000067 ], [ 120.841483865000114, 14.324296136000044 ], [ 120.842000525000131, 14.324359284000025 ], [ 120.842235893000066, 14.324560207000044 ], [ 120.842442557000041, 14.32488168500004 ], [ 120.842700887000092, 14.325059646000055 ], [ 120.843016624000029, 14.325065386000061 ], [ 120.843332361000094, 14.325007980000068 ], [ 120.843619395000033, 14.324709465000071 ], [ 120.844095871000036, 14.32419854500006 ], [ 120.844405867000106, 14.323928733000061 ], [ 120.844727345000038, 14.323848364000069 ], [ 120.845301412000026, 14.323905771000057 ], [ 120.846070662000116, 14.32397465900004 ], [ 120.847155649000101, 14.323905771000057 ], [ 120.847454164000055, 14.32385984500007 ], [ 120.84760342200002, 14.323888549000056 ], [ 120.847701013, 14.323963177000049 ], [ 120.847764160000125, 14.324123916000078 ], [ 120.848194711000019, 14.32497927600002 ], [ 120.849983909000102, 14.32003871200004 ], [ 120.850482445000011, 14.318213302000059 ], [ 120.854833750000026, 14.313197758000058 ], [ 120.854464059000065, 14.313029779000034 ], [ 120.852897417, 14.312475429000072 ], [ 120.851957432000049, 14.312162101000069 ], [ 120.851618355000028, 14.312060378000066 ], [ 120.85123436700006, 14.311945181000057 ], [ 120.850558940000042, 14.311499740000043 ], [ 120.849836440000104, 14.31114980900003 ], [ 120.849233886000107, 14.310764174000038 ], [ 120.848872353000047, 14.310402641000051 ], [ 120.848197492000068, 14.309920598000073 ], [ 120.847450324000079, 14.309438554000055 ], [ 120.846510339, 14.309101124000051 ], [ 120.84593188700002, 14.308763693000058 ], [ 120.845257026, 14.30816113800006 ], [ 120.844678573000024, 14.307510380000053 ], [ 120.844124223000094, 14.306763212000025 ], [ 120.843907303000037, 14.305943738000051 ], [ 120.843521669000111, 14.305413490000033 ], [ 120.843230343000059, 14.305060141000068 ], [ 120.843184238000049, 14.305003753000053 ], [ 120.842678092000028, 14.304545811000024 ], [ 120.842171946, 14.303822746000039 ], [ 120.841714005000085, 14.303461213000048 ], [ 120.84125606300006, 14.303075578000062 ], [ 120.840942735000112, 14.302641739000018 ], [ 120.840605305000039, 14.302280206000033 ], [ 120.84026787400002, 14.301774060000071 ], [ 120.84007505700005, 14.301099199000078 ], [ 120.839713524000103, 14.300568951000061 ], [ 120.839496604000033, 14.300135112000078 ], [ 120.839113933000036, 14.299454911000055 ], [ 120.839437327000056, 14.299347113000067 ], [ 120.839776122000089, 14.299039118000053 ], [ 120.840022517000079, 14.298715724000033 ], [ 120.840361311000052, 14.298469328000065 ], [ 120.840638506000118, 14.298192133000043 ], [ 120.841177497000103, 14.297606943000062 ], [ 120.84163948900003, 14.297745541000038 ], [ 120.841932084000078, 14.297468346000072 ], [ 120.841916684000026, 14.297191151000046 ], [ 120.841947483, 14.296867756000038 ], [ 120.841962883000051, 14.296544362000079 ], [ 120.842086081000048, 14.296344165000052 ], [ 120.842347876000076, 14.295989972000031 ], [ 120.842286277000071, 14.295758976000059 ], [ 120.842086081000048, 14.29551258000004 ], [ 120.842055281000071, 14.295158386000026 ], [ 120.842255478000098, 14.294850392000058 ], [ 120.842486474000125, 14.294650195000031 ], [ 120.8426712710001, 14.294449999000051 ], [ 120.84274826900004, 14.294172804000027 ], [ 120.8426712710001, 14.293849409000075 ], [ 120.842779069, 14.293556815000045 ], [ 120.84260967200008, 14.293356618000074 ], [ 120.84260967200008, 14.293048623000056 ], [ 120.84268667000002, 14.292771428000036 ], [ 120.842640471000095, 14.292386435000028 ], [ 120.842979265000068, 14.29214003900006 ], [ 120.84317946200008, 14.292340236000028 ], [ 120.843425857000042, 14.291801245000043 ], [ 120.84354905500004, 14.291447052000024 ], [ 120.843656853000084, 14.290938861000024 ], [ 120.842703293000113, 14.290721785000073 ], [ 120.841924285000132, 14.290546508000032 ], [ 120.840619446000119, 14.290332281000076 ], [ 120.83989886400002, 14.290079103000037 ], [ 120.83839927300005, 14.289845400000047 ], [ 120.837957953000114, 14.289716316000066 ], [ 120.837444988000016, 14.289611698000044 ], [ 120.836627030000045, 14.28945589600005 ], [ 120.834952162000036, 14.289066392000048 ], [ 120.833549948000055, 14.288560037000023 ], [ 120.832400911000036, 14.288131583000053 ], [ 120.831251874000046, 14.287742078000065 ], [ 120.829888609000022, 14.287255198000027 ], [ 120.828856424000051, 14.286846219000035 ], [ 120.827629486000077, 14.286398289000028 ], [ 120.826714151000033, 14.286067211000047 ], [ 120.825818292, 14.285638756000026 ], [ 120.824240800000098, 14.28522977700004 ], [ 120.823130714000044, 14.284684472000036 ], [ 120.822351706000063, 14.284236542000031 ], [ 120.821683852000092, 14.283527832000061 ], [ 120.82157983500008, 14.283615850000045 ], [ 120.82141846, 14.28375754500007 ], [ 120.821284637000076, 14.283832328000072 ], [ 120.821076031000075, 14.283867752000049 ], [ 120.8207454100001, 14.283946472000027 ], [ 120.82060765100006, 14.284021255000026 ], [ 120.820469892, 14.284131462000062 ], [ 120.82028883800001, 14.284249541000063 ], [ 120.820135335000032, 14.284284965000037 ], [ 120.820036936000079, 14.284383364000062 ], [ 120.819918857000076, 14.284536867000043 ], [ 120.819781098000036, 14.284556547000022 ], [ 120.819682699000055, 14.284556547000024 ], [ 120.819525260000091, 14.28459590600005 ], [ 120.819442605000077, 14.284639202000047 ], [ 120.819332397000039, 14.284733665000033 ], [ 120.819285166000114, 14.28484780800005 ], [ 120.819241870000042, 14.285013119000039 ], [ 120.819233998000087, 14.285198109000078 ], [ 120.819119855000068, 14.285327996000035 ], [ 120.81902932800007, 14.285422459000069 ], [ 120.818887633000045, 14.285611386000028 ], [ 120.818753810000103, 14.285725529000043 ], [ 120.818572756000108, 14.285827864000057 ], [ 120.818454677000076, 14.285942007000072 ], [ 120.818356278000024, 14.286044342000025 ], [ 120.818246070000086, 14.286225397000063 ], [ 120.818116184000019, 14.286410387000043 ], [ 120.818029592000016, 14.286575698000037 ], [ 120.817919385000096, 14.286650481000034 ], [ 120.817730459000018, 14.286729201000073 ], [ 120.817576956000025, 14.286760688000069 ], [ 120.817466749000118, 14.286815792000027 ], [ 120.817325054000094, 14.286922063000077 ], [ 120.817183359000069, 14.28700471800005 ], [ 120.817033792000089, 14.287048014000048 ], [ 120.816864546000033, 14.287075566000055 ], [ 120.816722851, 14.287126733000036 ], [ 120.816683491000049, 14.287197581000045 ], [ 120.816691363000018, 14.287284172000057 ], [ 120.816616580000073, 14.287394379000036 ], [ 120.816541797000014, 14.287500650000027 ], [ 120.816628388000026, 14.287669897000056 ], [ 120.816714979000054, 14.287784040000073 ], [ 120.816848802000095, 14.287831271000071 ], [ 120.816966881000084, 14.287941479000036 ], [ 120.81702985700008, 14.288094981000025 ], [ 120.817084960000116, 14.288244548000023 ], [ 120.817195167000037, 14.28843347400004 ], [ 120.817325054000094, 14.288551553000049 ], [ 120.817372286, 14.288673568000034 ], [ 120.817368350000038, 14.288811327000078 ], [ 120.817313246000026, 14.288921534000053 ], [ 120.817159743000047, 14.289067165000063 ], [ 120.816931457, 14.289165564000028 ], [ 120.816604772000133, 14.289342683000028 ], [ 120.816404038000087, 14.289429274000042 ], [ 120.816360742000029, 14.289531609000049 ], [ 120.816407974000072, 14.289700856000024 ], [ 120.816443397000057, 14.289885846000061 ], [ 120.816443397000057, 14.290094453000048 ], [ 120.816415846000055, 14.290291251000038 ], [ 120.816337126, 14.290456562000031 ], [ 120.816230855000057, 14.290460498000073 ], [ 120.816097032000016, 14.290393586000048 ], [ 120.815947465000022, 14.290295187000025 ], [ 120.815790027000048, 14.290110197000047 ], [ 120.815679820000028, 14.289913398000065 ], [ 120.815510573000097, 14.289744152000024 ], [ 120.81530196700011, 14.289771703000039 ], [ 120.815164208000056, 14.289885846000059 ], [ 120.814951666000056, 14.290149556000072 ], [ 120.814782419000039, 14.29049198500007 ], [ 120.814723380000046, 14.290826543000035 ], [ 120.814601365000044, 14.291428746000063 ], [ 120.814581685000022, 14.291975845000023 ], [ 120.814601365000044, 14.292204131000064 ], [ 120.81463678800003, 14.292314338000041 ], [ 120.814888690000103, 14.293223547000025 ], [ 120.814951666000056, 14.293569912000065 ], [ 120.815006769000092, 14.293758838000032 ], [ 120.815017739000027, 14.294024225000046 ], [ 120.815012769000077, 14.294203151000028 ], [ 120.815017739000027, 14.294421838000062 ], [ 120.814977978000115, 14.294670346000034 ], [ 120.814958097000044, 14.294933764000062 ], [ 120.814808992000067, 14.295092809000039 ], [ 120.814595275000116, 14.295286645000033 ], [ 120.814416350000087, 14.295410899000045 ], [ 120.81424239400009, 14.295515273000037 ], [ 120.814058498, 14.29556497400006 ], [ 120.813854722000102, 14.295644497000069 ], [ 120.813631065000109, 14.295793602000058 ], [ 120.81341734800003, 14.295912885000064 ], [ 120.813193691000023, 14.296081871000068 ], [ 120.812955123000066, 14.296285647000047 ], [ 120.812756317000108, 14.296464573000032 ], [ 120.812701645000061, 14.296618648000049 ], [ 120.812711586000106, 14.296807514000021 ], [ 120.812731466000059, 14.296986439000021 ], [ 120.812766257000021, 14.297175305000049 ], [ 120.812845780000089, 14.297384052000041 ], [ 120.812930273, 14.297602739000068 ], [ 120.812930273, 14.297876098000074 ], [ 120.812875601000087, 14.298020232000056 ], [ 120.812766257000021, 14.298139516000047 ], [ 120.812597272000076, 14.298323412000061 ], [ 120.812393496000041, 14.29846754600004 ], [ 120.812560379000047, 14.29872371300007 ], [ 120.81260560200009, 14.298911062000059 ], [ 120.81260560200009, 14.29914363300003 ], [ 120.812599141000078, 14.299343903000024 ], [ 120.812670205000018, 14.29961523700007 ], [ 120.812851094000067, 14.299731523000046 ], [ 120.813128888000051, 14.299737983000057 ], [ 120.813329158000116, 14.29974444300006 ], [ 120.813542348000055, 14.299815507000064 ], [ 120.813665095000047, 14.300022237000062 ], [ 120.81369739600008, 14.300261269000034 ], [ 120.814879635, 14.300332333000027 ], [ 120.814905476000035, 14.300170825000068 ], [ 120.815073445000053, 14.300086841000052 ], [ 120.815293096000119, 14.299989936000033 ], [ 120.815486905000071, 14.299970555000073 ], [ 120.815661334000083, 14.30006099900004 ], [ 120.815855144000011, 14.300170825000068 ], [ 120.815997271000015, 14.300164364000068 ], [ 120.816548782000027, 14.301457131000063 ], [ 120.817480838000051, 14.304945197000048 ], [ 120.817904106000029, 14.30718792700003 ], [ 120.816678962000097, 14.308295061000024 ], [ 120.815605181, 14.309034191000022 ], [ 120.814601798000012, 14.309880847000047 ], [ 120.813457582000083, 14.30979332000004 ], [ 120.812601648000054, 14.310551492000057 ], [ 120.812336159000097, 14.310843459000067 ], [ 120.811976104000109, 14.311678683000023 ], [ 120.811959302000105, 14.314834212000049 ], [ 120.812486376000038, 14.316334116000064 ], [ 120.811877621, 14.31762279500003 ], [ 120.811318475, 14.31869299400006 ], [ 120.810836311000116, 14.319834686000034 ], [ 120.810665682000035, 14.321612037000024 ], [ 120.809918806000027, 14.322927615000024 ], [ 120.80911292100005, 14.323567878000061 ], [ 120.808666955000049, 14.324171644000046 ], [ 120.808466211000123, 14.324443419000035 ], [ 120.810351470000114, 14.32511687600004 ], [ 120.811597168000048, 14.32614593100004 ], [ 120.812951188000042, 14.327337468000053 ], [ 120.813628198000075, 14.327716594000034 ], [ 120.81463946100007, 14.328938390000074 ], [ 120.814472180000053, 14.329045928000028 ], [ 120.814406462000079, 14.329171389000063 ], [ 120.814245155000094, 14.329290876000073 ], [ 120.814215283000067, 14.329386465000029 ], [ 120.814095796000061, 14.329494004000027 ], [ 120.813940463000108, 14.329571670000062 ], [ 120.813803054000104, 14.329577644000038 ], [ 120.813617849000039, 14.329577644000041 ], [ 120.813349004000102, 14.329535824000063 ], [ 120.813121979000016, 14.32956569600003 ], [ 120.812996518000105, 14.329679208000076 ], [ 120.812883005000131, 14.329870387000025 ], [ 120.812859108000112, 14.330097412000043 ], [ 120.812811313000097, 14.330318463000028 ], [ 120.812811313000097, 14.330479770000066 ], [ 120.812823262000052, 14.330682897000029 ], [ 120.812847159000057, 14.330832256000061 ], [ 120.812877031000099, 14.331011486000023 ], [ 120.812990543000083, 14.331196691000057 ], [ 120.813032364000023, 14.331477485000049 ], [ 120.813169773000027, 14.331734381000043 ], [ 120.813104056000057, 14.331967381000023 ], [ 120.81305028700001, 14.332140637000068 ], [ 120.813008466000042, 14.33228999500005 ], [ 120.812912877000016, 14.332439354000027 ], [ 120.812805339000064, 14.332576763000075 ], [ 120.812757544000092, 14.332738071000051 ], [ 120.812709749000078, 14.332917301000068 ], [ 120.812638057000086, 14.333060685000078 ], [ 120.812536493000039, 14.333257838000064 ], [ 120.812506622000114, 14.333419146000036 ], [ 120.812411032000099, 14.333604350000032 ], [ 120.81230946800008, 14.333771632000037 ], [ 120.812207905000037, 14.333932939000018 ], [ 120.811998803000066, 14.334183861000044 ], [ 120.811867367000104, 14.334351143000047 ], [ 120.811741906000066, 14.33438101400003 ], [ 120.811610471000122, 14.334375040000054 ], [ 120.811490984000116, 14.334404912000021 ], [ 120.811377471000014, 14.334470630000057 ], [ 120.811287856000021, 14.334560245000031 ], [ 120.811138498000091, 14.334614014000064 ], [ 120.810983165000039, 14.33464986000007 ], [ 120.810869652000065, 14.334727526000052 ], [ 120.810774063000039, 14.334811167000055 ], [ 120.810630679000042, 14.334870910000067 ], [ 120.810493269000077, 14.33497844800007 ], [ 120.810379756000103, 14.335056115000045 ], [ 120.810188577000076, 14.335193525000022 ], [ 120.810104937, 14.335271191000059 ], [ 120.810021296000045, 14.335396652000043 ], [ 120.809925706000058, 14.335528088000045 ], [ 120.809901809000038, 14.335731215000063 ], [ 120.809830117000047, 14.335856677000038 ], [ 120.809704656, 14.335958240000025 ], [ 120.809501528000069, 14.336029932000034 ], [ 120.809340221000085, 14.336041881000027 ], [ 120.809077350000052, 14.336101625000026 ], [ 120.808945915000109, 14.336149419000037 ], [ 120.808802530000094, 14.33618526500004 ], [ 120.808659146000082, 14.33618526500004 ], [ 120.808456019000118, 14.336197214000036 ], [ 120.808282763000079, 14.33624500900004 ], [ 120.808085609000045, 14.336304752000046 ], [ 120.807936251000115, 14.336340598000049 ], [ 120.807792867000117, 14.336454111000023 ], [ 120.807703252000024, 14.336591521000061 ], [ 120.807649483000091, 14.336758802000078 ], [ 120.807577790000096, 14.33692010900006 ], [ 120.807446355000025, 14.336991801000066 ], [ 120.807296996000105, 14.337081416000048 ], [ 120.807058023000081, 14.337188955000046 ], [ 120.806908664000048, 14.337188955000043 ], [ 120.806639819000111, 14.337153109000043 ], [ 120.806436691000059, 14.337242724000077 ], [ 120.806335128000129, 14.337362210000038 ], [ 120.806167846000122, 14.337553389000048 ], [ 120.806149923000021, 14.337690799000031 ], [ 120.806173820000026, 14.337917824000041 ], [ 120.805982641000014, 14.338055234000025 ], [ 120.805797437000038, 14.338228490000063 ], [ 120.805654053000012, 14.338479412000027 ], [ 120.805564438000047, 14.338700463000066 ], [ 120.805492746000013, 14.338933462000059 ], [ 120.805450925000073, 14.339190359000039 ], [ 120.805854498000045, 14.339085650000072 ] ] ] } },
{ "type": "Feature", "properties": { "adm1_psgc": 400000000, "adm2_psgc": 402100000, "adm3_psgc": 402120000, "adm4_psgc": 402120026, "adm4_en": "Tres Cruses", "geo_level": "Bgy", "len_crs": 10849, "area_crs": 3655631, "len_km": 10, "area_km2": 3.0 }, "geometry": { "type": "Polygon", "coordinates": [ [ [ 120.827570858000072, 14.344505594000053 ], [ 120.83064484700003, 14.342486294000024 ], [ 120.836903550000102, 14.336973162000046 ], [ 120.836123427000075, 14.336593103000038 ], [ 120.835463323000127, 14.336243047000039 ], [ 120.834953243000086, 14.335802978000062 ], [ 120.834568182000098, 14.335417917000029 ], [ 120.834298140000087, 14.335032857000044 ], [ 120.834140402000131, 14.334755471000047 ], [ 120.834063103000076, 14.334622792000063 ], [ 120.834267910000122, 14.334404720000066 ], [ 120.835196931000041, 14.333172413000055 ], [ 120.835667255000089, 14.332926053000051 ], [ 120.835913615000109, 14.332873795000067 ], [ 120.836207587000104, 14.333200179000075 ], [ 120.836641329000031, 14.333524603000054 ], [ 120.836807067000095, 14.333595130000049 ], [ 120.836902279000014, 14.33361276200003 ], [ 120.837082123000073, 14.33366565700004 ], [ 120.837279599000112, 14.33369739500006 ], [ 120.837441811000076, 14.333683289000025 ], [ 120.837660445000111, 14.333584551000058 ], [ 120.837752130000013, 14.333524603000054 ], [ 120.837879078000029, 14.333521077000055 ], [ 120.837984869000039, 14.333538709000036 ], [ 120.838101239000025, 14.333591604000047 ], [ 120.838252872000112, 14.33361276200003 ], [ 120.83841508400009, 14.333651552000047 ], [ 120.838531454000062, 14.333707974000045 ], [ 120.838714824000036, 14.333789080000031 ], [ 120.838859404000118, 14.333856080000029 ], [ 120.839145039000087, 14.333891344000047 ], [ 120.839508253000076, 14.333870186000068 ], [ 120.839832678000107, 14.333813764000066 ], [ 120.840212448000102, 14.333646523000029 ], [ 120.840457963000063, 14.333406287000061 ], [ 120.840674440000058, 14.333234690000042 ], [ 120.840898836000079, 14.333158132000051 ], [ 120.841096832000076, 14.333168691000024 ], [ 120.841231470000025, 14.333295409000071 ], [ 120.841371387000095, 14.333464366000047 ], [ 120.841458505000105, 14.333540925000021 ], [ 120.841535064000041, 14.333580524000071 ], [ 120.841614263000096, 14.333575244000031 ], [ 120.841704021000069, 14.333540925000023 ], [ 120.841812259000108, 14.333403647000068 ], [ 120.841925777000043, 14.333279570000057 ], [ 120.842002336000078, 14.333263730000052 ], [ 120.842052495000061, 14.33328221000005 ], [ 120.842144893000082, 14.333345569000072 ], [ 120.842197692000028, 14.333361408000028 ], [ 120.842282171000079, 14.333337649000043 ], [ 120.842348170000051, 14.333290130000023 ], [ 120.842390409000018, 14.333237330000031 ], [ 120.842466968000053, 14.333113253000027 ], [ 120.842554086000078, 14.332962775000057 ], [ 120.842667604000113, 14.332886217000068 ], [ 120.842760002000091, 14.332851897000065 ], [ 120.842849761000025, 14.332875657000047 ], [ 120.842973838000049, 14.332923176000063 ], [ 120.84310319600003, 14.332946936000047 ], [ 120.843221994000032, 14.332925816000049 ], [ 120.843343432000083, 14.332862457000035 ], [ 120.843450890000099, 14.332778802000062 ], [ 120.843760544000034, 14.332537743000044 ], [ 120.843879342000037, 14.332413665000043 ], [ 120.844006060000069, 14.332315987000069 ], [ 120.844061499000091, 14.332294867000027 ], [ 120.844156537000131, 14.332300147000065 ], [ 120.84429117500008, 14.332347666000029 ], [ 120.844486532000019, 14.332366146000027 ], [ 120.844623809000041, 14.332345026000041 ], [ 120.844787486000087, 14.332297507000025 ], [ 120.844943243000102, 14.332242068000026 ], [ 120.845038282000019, 14.332191909000075 ], [ 120.845112200000017, 14.33211007100005 ], [ 120.845133320000059, 14.331980713000064 ], [ 120.845180839000037, 14.331853995000071 ], [ 120.845246838000094, 14.331766877000064 ], [ 120.845320757000081, 14.331753677000052 ], [ 120.845392035000032, 14.331772156000058 ], [ 120.845473874000049, 14.331822315000064 ], [ 120.845571552000024, 14.331824955000057 ], [ 120.845645471000012, 14.331811756000034 ], [ 120.845685070000059, 14.331774797000037 ], [ 120.845692990000089, 14.331692958000078 ], [ 120.845648111000074, 14.331582080000032 ], [ 120.845605872000078, 14.331487042000049 ], [ 120.845571552000024, 14.331376164000062 ], [ 120.845576832, 14.331323365000056 ], [ 120.845587392000084, 14.331278485000038 ], [ 120.84565867100001, 14.331228326000028 ], [ 120.84575106900003, 14.331201927000052 ], [ 120.845840827000075, 14.331207207000032 ], [ 120.845956985000058, 14.331228326000028 ], [ 120.846139142000084, 14.331320725000067 ], [ 120.846318659000076, 14.331428962000073 ], [ 120.846458576000032, 14.33152928100003 ], [ 120.846548335000094, 14.331582080000029 ], [ 120.846604050000124, 14.331593607000061 ], [ 120.846624893000012, 14.331597919000048 ], [ 120.846682972000053, 14.331571520000066 ], [ 120.846690892000083, 14.331484401000065 ], [ 120.846680332, 14.331368244000029 ], [ 120.846648653000102, 14.331162327000072 ], [ 120.846638093000038, 14.331062009000048 ], [ 120.846643373, 14.330964331000075 ], [ 120.846680332, 14.330893052000018 ], [ 120.84672521200001, 14.330829693000055 ], [ 120.84682025000005, 14.330771614000064 ], [ 120.846870409000076, 14.330747855000029 ], [ 120.846941688000015, 14.330761055000037 ], [ 120.847005047000053, 14.330829693000055 ], [ 120.8470040320001, 14.330935809000037 ], [ 120.847060949000024, 14.331010700000038 ], [ 120.8471478230001, 14.331082595000057 ], [ 120.847279631000106, 14.331124534000027 ], [ 120.847480338000096, 14.331166473000055 ], [ 120.847558225000043, 14.331262333000037 ], [ 120.84758518600006, 14.331355198000045 ], [ 120.847626366000114, 14.331403611000043 ], [ 120.847648094000078, 14.331439076000036 ], [ 120.847740696000074, 14.331453631000047 ], [ 120.847808580000091, 14.331414330000028 ], [ 120.847890756000083, 14.331299999000063 ], [ 120.848219457000027, 14.330321041000046 ], [ 120.848159304000106, 14.329355059000024 ], [ 120.848115484000104, 14.328651362000075 ], [ 120.847994552000046, 14.326709338000054 ], [ 120.848194711000019, 14.32497927600002 ], [ 120.847764160000125, 14.324123916000078 ], [ 120.847701013, 14.323963177000049 ], [ 120.84760342200002, 14.323888549000056 ], [ 120.847454164000055, 14.32385984500007 ], [ 120.847155649000101, 14.323905771000057 ], [ 120.846070662000116, 14.32397465900004 ], [ 120.845301412000026, 14.323905771000057 ], [ 120.844727345000038, 14.323848364000069 ], [ 120.844405867000106, 14.323928733000061 ], [ 120.844095871000036, 14.32419854500006 ], [ 120.843619395000033, 14.324709465000071 ], [ 120.843332361000094, 14.325007980000068 ], [ 120.843016624000029, 14.325065386000061 ], [ 120.842700887000092, 14.325059646000055 ], [ 120.842442557000041, 14.32488168500004 ], [ 120.842235893000066, 14.324560207000044 ], [ 120.842000525000131, 14.324359284000025 ], [ 120.841483865000114, 14.324296136000044 ], [ 120.841122202000079, 14.324416691000067 ], [ 120.840726096000012, 14.324663539000026 ], [ 120.840496469000087, 14.325065386000061 ], [ 120.840433322000095, 14.325541862000019 ], [ 120.84026684200002, 14.325920747000055 ], [ 120.840077400000027, 14.326167596000063 ], [ 120.839790366000116, 14.326219262000054 ], [ 120.839572221000026, 14.326156114000067 ], [ 120.839262225000098, 14.325989635000044 ], [ 120.838584825000126, 14.325662416000057 ], [ 120.83811409000009, 14.325610750000067 ], [ 120.837735206000033, 14.325650935000057 ], [ 120.83715539800005, 14.325782971000024 ], [ 120.836765032000017, 14.326121670000079 ], [ 120.835427455000044, 14.327436284000042 ], [ 120.834285062000035, 14.328176831000064 ], [ 120.833785623000054, 14.328366273000027 ], [ 120.832425084000093, 14.32950292700002 ], [ 120.832103042000071, 14.329874185000049 ], [ 120.831720462000021, 14.33022458500005 ], [ 120.831471419000096, 14.330418285000063 ], [ 120.831017145000033, 14.330692694000053 ], [ 120.830881093000016, 14.330743425000037 ], [ 120.830745042000103, 14.330731895000042 ], [ 120.830620520000025, 14.330683470000046 ], [ 120.830475245000116, 14.330556643000021 ], [ 120.830270014, 14.330434427000055 ], [ 120.830136269000036, 14.330404449000069 ], [ 120.829974851000088, 14.330422897000064 ], [ 120.829416810000097, 14.33060045600007 ], [ 120.828826484000047, 14.33086102900006 ], [ 120.828413718000093, 14.331050118000064 ], [ 120.828240771000097, 14.331112379000047 ], [ 120.827897183000132, 14.331167722000036 ], [ 120.827567431000034, 14.331253042000069 ], [ 120.827203089000037, 14.331449049000071 ], [ 120.826974799000027, 14.331688868000068 ], [ 120.826804158000087, 14.331951748000051 ], [ 120.826619682000114, 14.332136224000065 ], [ 120.826518220000025, 14.332269970000027 ], [ 120.826412145000063, 14.332359902000061 ], [ 120.826206915000057, 14.332452141000029 ], [ 120.82607778100008, 14.332551297000062 ], [ 120.825941730000068, 14.332719632000021 ], [ 120.825804768, 14.332830993000071 ], [ 120.825439379000059, 14.332965840000041 ], [ 120.825119663, 14.333133310000047 ], [ 120.824806471000116, 14.333366029000047 ], [ 120.824275786000044, 14.333816241000019 ], [ 120.824147465000024, 14.333970662000066 ], [ 120.824043068000023, 14.334172931000069 ], [ 120.82398434400011, 14.334266453000053 ], [ 120.823890822000067, 14.334346926000025 ], [ 120.823738576000096, 14.334436099000069 ], [ 120.823547181000094, 14.334460023000076 ], [ 120.823268789000053, 14.334449148000031 ], [ 120.822820752000098, 14.33448394700002 ], [ 120.822548884000071, 14.334464373000056 ], [ 120.822283542000037, 14.334405650000065 ], [ 120.821842029000095, 14.334262104000061 ], [ 120.821652809000071, 14.33419250600002 ], [ 120.82135919200006, 14.334105508000052 ], [ 120.821022077000066, 14.334075059000039 ], [ 120.820708885000045, 14.334066359000076 ], [ 120.820413094000074, 14.334120733000077 ], [ 120.820228224000061, 14.334220780000066 ], [ 120.819971581000118, 14.334388250000073 ], [ 120.819793236000024, 14.334470898000063 ], [ 120.819601841000022, 14.334496997000029 ], [ 120.81932344900008, 14.334525271000071 ], [ 120.81905375700002, 14.33463836800007 ], [ 120.818925435000097, 14.334651418000021 ], [ 120.818827563000013, 14.33461879400005 ], [ 120.818768840000075, 14.334551371000032 ], [ 120.818686192000101, 14.334264279000028 ], [ 120.818633993000034, 14.334127257000034 ], [ 120.818594844, 14.334064184000056 ], [ 120.818525246000036, 14.334022860000061 ], [ 120.81807285900004, 14.333831466000049 ], [ 120.817911913000103, 14.333783617000051 ], [ 120.817716169000064, 14.333772742000061 ], [ 120.817529124000103, 14.333851040000068 ], [ 120.81743125200002, 14.333944562000054 ], [ 120.817189834000033, 14.334262104000057 ], [ 120.817155035000027, 14.334344751000058 ], [ 120.817144160000112, 14.334409999000062 ], [ 120.817196358000047, 14.334738415000059 ], [ 120.817178959000117, 14.334803663000061 ], [ 120.817124585000101, 14.334851512000059 ], [ 120.816837493000094, 14.334953734000068 ], [ 120.816330732000083, 14.335064656000043 ], [ 120.816106714000057, 14.335136429000046 ], [ 120.816019716000028, 14.33521255200003 ], [ 120.815963168000067, 14.335282150000065 ], [ 120.81593489400008, 14.335356098000034 ], [ 120.81593489400008, 14.335436571000065 ], [ 120.815978392000048, 14.335534443000027 ], [ 120.816002317000098, 14.335604041000067 ], [ 120.81599796700003, 14.335673639000047 ], [ 120.815943593000043, 14.335773686000037 ], [ 120.815795697000112, 14.335906358000042 ], [ 120.816367541000091, 14.33727056500004 ], [ 120.816909419000027, 14.338838120000045 ], [ 120.816956092000055, 14.338973137000036 ], [ 120.817478649, 14.340534497000021 ], [ 120.81747800100004, 14.342480352000051 ], [ 120.817556229000061, 14.343329681000061 ], [ 120.817679158000033, 14.344201361000046 ], [ 120.823272487000054, 14.344794805000046 ], [ 120.826585698000031, 14.344933581000076 ], [ 120.827570858000072, 14.344505594000053 ] ] ] } },
{ "type": "Feature", "properties": { "adm1_psgc": 400000000, "adm2_psgc": 402100000, "adm3_psgc": 402120000, "adm4_psgc": 402120027, "adm4_en": "Lambingan", "geo_level": "Bgy", "len_crs": 8479, "area_crs": 2973552, "len_km": 8, "area_km2": 2.0 }, "geometry": { "type": "Polygon", "coordinates": [ [ [ 120.801709630000133, 14.353768782000033 ], [ 120.801745395, 14.353694869000039 ], [ 120.801790696000012, 14.35365433600003 ], [ 120.801840767000044, 14.353642414000037 ], [ 120.801912296000069, 14.353666257000041 ], [ 120.801962366000112, 14.35367817900004 ], [ 120.802041048000092, 14.353713943000059 ], [ 120.802117345000056, 14.353773551000078 ], [ 120.802165031000087, 14.353806931000065 ], [ 120.80223894400001, 14.353816468000044 ], [ 120.802300936000051, 14.353806931000065 ], [ 120.802374849000103, 14.353740171000029 ], [ 120.802408229000093, 14.353675795000076 ], [ 120.802467837000108, 14.353661489000046 ], [ 120.802529829000036, 14.353716328000074 ], [ 120.802567977000081, 14.353814084000017 ], [ 120.802603742000073, 14.353826005000032 ], [ 120.802644275000034, 14.353826005000032 ], [ 120.802701498000047, 14.353787857000039 ], [ 120.802715804000073, 14.35374732300005 ], [ 120.802713419000042, 14.353628109000057 ], [ 120.802675271000112, 14.353547043000049 ], [ 120.802663349000113, 14.353487435000034 ], [ 120.802680039000037, 14.353439749000074 ], [ 120.802711035000016, 14.353413522000039 ], [ 120.802777795000111, 14.353403985000057 ], [ 120.80282786600003, 14.353403985000057 ], [ 120.802870783000117, 14.353375373000059 ], [ 120.802889857000096, 14.353291923000031 ], [ 120.80291370000009, 14.353227547000071 ], [ 120.80295900200008, 14.353215625000074 ], [ 120.803011457000025, 14.353208472000061 ], [ 120.803106828000068, 14.353167939000061 ], [ 120.803156899000101, 14.353101179000076 ], [ 120.803235581000081, 14.353022497000037 ], [ 120.803266576000055, 14.353020113000069 ], [ 120.80332380000003, 14.353063030000046 ], [ 120.803397713000095, 14.353158402000078 ], [ 120.80346208900005, 14.353179861000058 ], [ 120.80351454300002, 14.353160786000046 ], [ 120.803602762000068, 14.353103563000047 ], [ 120.803633758000046, 14.353041571000064 ], [ 120.803636142000087, 14.352924741000036 ], [ 120.80363137400002, 14.352843675000033 ], [ 120.803643295000029, 14.352803142000024 ], [ 120.80366475400001, 14.35276976200004 ], [ 120.803690981000059, 14.352733997000032 ], [ 120.803738667000061, 14.352662468000059 ], [ 120.803767279000112, 14.352579018000027 ], [ 120.803819733000083, 14.352421654000068 ], [ 120.804109243000084, 14.352619103000054 ], [ 120.804198922000083, 14.352642353000018 ], [ 120.804295245000034, 14.35263238900006 ], [ 120.804419800000119, 14.352595853000029 ], [ 120.804507819000037, 14.352536066000027 ], [ 120.804595838000068, 14.352497869000048 ], [ 120.804673892000096, 14.352504512000055 ], [ 120.804727036000045, 14.352479601000027 ], [ 120.804770215000076, 14.352416493000021 ], [ 120.804771875000029, 14.352345082000058 ], [ 120.804775197000041, 14.352286956000059 ], [ 120.804808412000071, 14.352198937000026 ], [ 120.804833323000025, 14.352147455000019 ], [ 120.80484826900009, 14.352095972000029 ], [ 120.804896431000088, 14.352052793000041 ], [ 120.804981128000023, 14.352052793000041 ], [ 120.805062504000034, 14.352046150000035 ], [ 120.805120630000033, 14.352019578000066 ], [ 120.805215291000096, 14.351928238000021 ], [ 120.805500938000037, 14.351760504000024 ], [ 120.805617189000017, 14.351654217000034 ], [ 120.805678636000053, 14.351606055000049 ], [ 120.805758351000023, 14.351596091000031 ], [ 120.80585799500011, 14.351619341000056 ], [ 120.805921103000074, 14.35164923400003 ], [ 120.806150285000044, 14.351825272000038 ], [ 120.80633462600008, 14.351946506000051 ], [ 120.806502360000096, 14.352064418000055 ], [ 120.806626915000052, 14.352165723000038 ], [ 120.80666677300006, 14.352252081000071 ], [ 120.806663451000091, 14.352358368000067 ], [ 120.806648505000126, 14.352477941000075 ], [ 120.806658469000027, 14.352587549000077 ], [ 120.806690023000101, 14.352632389000064 ], [ 120.806729881000024, 14.352682211000054 ], [ 120.80683284600002, 14.352740337000057 ], [ 120.80703877700013, 14.352884820000037 ], [ 120.807193225000105, 14.352986125000031 ], [ 120.807248030000082, 14.352994429000033 ], [ 120.807294530000021, 14.352986125000031 ], [ 120.807384210000023, 14.352916374000074 ], [ 120.807477211000105, 14.352838320000048 ], [ 120.807548622000027, 14.352818391000028 ], [ 120.807603427000132, 14.352828355000044 ], [ 120.807629998000053, 14.352849945000063 ], [ 120.80767816, 14.352942946000036 ], [ 120.80778112500002, 14.353040929000029 ], [ 120.807850876000089, 14.353084108000074 ], [ 120.807923948000038, 14.353104037000035 ], [ 120.807975431000045, 14.353115662000047 ], [ 120.808063450000077, 14.353112341000038 ], [ 120.808181362000028, 14.353070823000049 ], [ 120.808385632000068, 14.352962875000056 ], [ 120.808488598000054, 14.352888142000038 ], [ 120.808550045000075, 14.352848284000061 ], [ 120.808639725000035, 14.352848284000061 ], [ 120.808721100000071, 14.352859909000072 ], [ 120.808819084000106, 14.352909731000068 ], [ 120.808927031000053, 14.352972839000074 ], [ 120.809023354000033, 14.353069162000054 ], [ 120.809073176000084, 14.353142234000073 ], [ 120.809112810000101, 14.353173720000026 ], [ 120.809164630000069, 14.353180786000051 ], [ 120.8092023170001, 14.353117189000042 ], [ 120.809256492000031, 14.353091280000058 ], [ 120.809289468000102, 14.353110123000018 ], [ 120.8093507090001, 14.353166653000077 ], [ 120.809463770000107, 14.353310335000062 ], [ 120.809510878000097, 14.353364510000061 ], [ 120.809557987000048, 14.353413974000039 ], [ 120.809605095000052, 14.35342575100003 ], [ 120.809654559, 14.353423395000048 ], [ 120.809711090000079, 14.353378642000054 ], [ 120.809793530000093, 14.353380998000034 ], [ 120.809861837000085, 14.353458727000033 ], [ 120.809906591000058, 14.353505835000018 ], [ 120.809967832000098, 14.353515257000026 ], [ 120.810003163000047, 14.353508191000058 ], [ 120.810038495000072, 14.353463438000064 ], [ 120.810076181000113, 14.35345637100005 ], [ 120.810116224000026, 14.353491703000032 ], [ 120.810130356000073, 14.353545878000038 ], [ 120.810153911000057, 14.353583565000065 ], [ 120.810203375000029, 14.353618896000055 ], [ 120.810297592000097, 14.353637740000067 ], [ 120.810349411000047, 14.353618896000055 ], [ 120.81039652000004, 14.353508191000062 ], [ 120.810448339000118, 14.353472859000021 ], [ 120.81052842400004, 14.35346108200002 ], [ 120.810589665000066, 14.353468149000037 ], [ 120.810657973000033, 14.353498769000051 ], [ 120.810763967000071, 14.353581209000025 ], [ 120.810844052000107, 14.353633029000036 ], [ 120.81092413600004, 14.353647161000026 ], [ 120.810999510000116, 14.353633029000033 ], [ 120.811187945000029, 14.353576498000054 ], [ 120.811404644000064, 14.353482281000028 ], [ 120.811536548000035, 14.353371576000027 ], [ 120.811597790000064, 14.35324438300006 ], [ 120.811628657000028, 14.353142588000026 ], [ 120.811669676000079, 14.353046877000054 ], [ 120.81174214300006, 14.352962105000071 ], [ 120.811833752000112, 14.35288690400006 ], [ 120.811928096000088, 14.352836314000058 ], [ 120.812029276000089, 14.35275427600004 ], [ 120.812120885, 14.352643525000074 ], [ 120.812224799000106, 14.352475347000052 ], [ 120.812350591000026, 14.352285292000037 ], [ 120.812379304000046, 14.352192316000068 ], [ 120.812380671000028, 14.352133522000029 ], [ 120.812365631000048, 14.352093871000021 ], [ 120.812282226000093, 14.35203917900003 ], [ 120.812193352, 14.351996793000067 ], [ 120.812161904000064, 14.351961243000058 ], [ 120.812152333000085, 14.351937999000029 ], [ 120.8121509650001, 14.351877838000064 ], [ 120.812171475000014, 14.351819044000024 ], [ 120.81222753400003, 14.351761617000022 ], [ 120.812257615000021, 14.351737006000061 ], [ 120.812298633000069, 14.351726068000058 ], [ 120.8123615290001, 14.351732904000073 ], [ 120.812417588000017, 14.351723333000052 ], [ 120.812464077000072, 14.351694620000048 ], [ 120.812483219000114, 14.351652233000035 ], [ 120.812480484000048, 14.351592072000075 ], [ 120.812477749000109, 14.351516871000054 ], [ 120.812505095, 14.351436200000023 ], [ 120.812569358000033, 14.35135142800004 ], [ 120.81270335400005, 14.351185985000029 ], [ 120.813015110000052, 14.350716559000034 ], [ 120.813086264000034, 14.350499710000065 ], [ 120.813106593000057, 14.350238813000036 ], [ 120.813048993000038, 14.349998245000053 ], [ 120.814204056000108, 14.347495114000028 ], [ 120.814584329000013, 14.346599360000026 ], [ 120.815023756000073, 14.345830363000061 ], [ 120.815058603000011, 14.345781075000048 ], [ 120.815087135000127, 14.345762759000024 ], [ 120.815116654000022, 14.345751113000064 ], [ 120.815164406000022, 14.345752985000045 ], [ 120.815216840000062, 14.34577171200004 ], [ 120.815826555000044, 14.345990922000054 ], [ 120.815867596000075, 14.345988874000055 ], [ 120.815896828000064, 14.345974026000022 ], [ 120.815911676000027, 14.345946650000032 ], [ 120.816249081000024, 14.34523882700006 ], [ 120.816439217000038, 14.34468954300007 ], [ 120.816549074000022, 14.344359973000051 ], [ 120.816629354000057, 14.344313495000051 ], [ 120.817503982000062, 14.344486731000075 ], [ 120.817575812000086, 14.344448703000067 ], [ 120.817567361000101, 14.344326171000031 ], [ 120.817601163000063, 14.344254341000063 ], [ 120.817679158000033, 14.344201361000046 ], [ 120.817556229000061, 14.343329681000061 ], [ 120.81747800100004, 14.342480352000051 ], [ 120.817478649, 14.340534497000021 ], [ 120.816956092000055, 14.338973137000036 ], [ 120.816909419000027, 14.338838120000045 ], [ 120.816367541000091, 14.33727056500004 ], [ 120.815795697000112, 14.335906358000042 ], [ 120.81571740000004, 14.335930282000051 ], [ 120.815621702000044, 14.335923758000034 ], [ 120.815488412000036, 14.335856034000075 ], [ 120.815218324000071, 14.335766768000044 ], [ 120.815064968000129, 14.33576219000002 ], [ 120.814659836000033, 14.335883501000071 ], [ 120.814485881000095, 14.335949879000051 ], [ 120.81428903700008, 14.33601625600005 ], [ 120.814218081000035, 14.336052878000032 ], [ 120.81415628100001, 14.336130700000066 ], [ 120.814099059000114, 14.336235989000048 ], [ 120.814041837000104, 14.336284056000068 ], [ 120.813858726000035, 14.336334411000051 ], [ 120.813611527000049, 14.336432833000062 ], [ 120.813444438000033, 14.336478611000075 ], [ 120.813286505000065, 14.336492344000021 ], [ 120.81305075000013, 14.33646487800007 ], [ 120.812995817000129, 14.336467166000032 ], [ 120.812927150000064, 14.336494633000029 ], [ 120.812689106000121, 14.336792188000061 ], [ 120.812659351000079, 14.336860855000054 ], [ 120.812661640000101, 14.336929521000055 ], [ 120.81271428400008, 14.337021076000042 ], [ 120.812824151000072, 14.337092032000045 ], [ 120.812851617000092, 14.337126365000076 ], [ 120.812853906000115, 14.33719732000003 ], [ 120.812842462000049, 14.33727056500004 ], [ 120.812782951000017, 14.337362120000023 ], [ 120.812721151000133, 14.337405609000029 ], [ 120.812636462000128, 14.337437653000048 ], [ 120.812286263000033, 14.337490297000045 ], [ 120.812032197, 14.337552097000067 ], [ 120.811922330000016, 14.337595586000079 ], [ 120.811807886000111, 14.33768943000007 ], [ 120.811595020000027, 14.337989274000051 ], [ 120.81137070900003, 14.338252496000052 ], [ 120.811199043000101, 14.338398984000033 ], [ 120.811116643000091, 14.338501984000059 ], [ 120.811043399000013, 14.338607273000035 ], [ 120.811004488000108, 14.338678228000051 ], [ 120.810951843000097, 14.338724006000064 ], [ 120.810883177000051, 14.338746895000043 ], [ 120.810777888000089, 14.338749184000047 ], [ 120.810640555000077, 14.338737739000065 ], [ 120.81051924400002, 14.338714850000033 ], [ 120.810354444000026, 14.338643895000072 ], [ 120.810187356000043, 14.338563784000032 ], [ 120.809947023000078, 14.33844934000007 ], [ 120.8095693570001, 14.338202140000023 ], [ 120.809427446000086, 14.338110585000036 ], [ 120.809283247000053, 14.338071674000046 ], [ 120.809107003, 14.338064807000023 ], [ 120.808802581, 14.338163229000029 ], [ 120.808598870000097, 14.338231896000021 ], [ 120.80816398200011, 14.338373807000037 ], [ 120.808028938, 14.338419584000064 ], [ 120.807877872000077, 14.33848138400003 ], [ 120.807793183000044, 14.338566073000033 ], [ 120.807745116000106, 14.338632451000024 ], [ 120.80769933900001, 14.338735450000064 ], [ 120.807653561000052, 14.338799539000032 ], [ 120.807559717000103, 14.338833872000066 ], [ 120.807452139000034, 14.338840739000034 ], [ 120.807275895000103, 14.338817850000051 ], [ 120.806786074000115, 14.338769784000025 ], [ 120.806623563, 14.33877207300003 ], [ 120.806509119000097, 14.338797250000026 ], [ 120.805854498000045, 14.339085650000072 ], [ 120.805450925000073, 14.339190359000039 ], [ 120.805259746000047, 14.339357640000058 ], [ 120.805032721000089, 14.339447255000037 ], [ 120.804835568000044, 14.339554794000039 ], [ 120.8046563380001, 14.339686229000051 ], [ 120.804453210000034, 14.339871434000029 ], [ 120.804226185000047, 14.340050664000046 ], [ 120.803969289000065, 14.340235868000034 ], [ 120.803718366000098, 14.340421073000071 ], [ 120.803449521000061, 14.340630175000053 ], [ 120.803264316000096, 14.340767585000037 ], [ 120.803073137000084, 14.340946815000054 ], [ 120.80287001000012, 14.341221635000069 ], [ 120.802750523000114, 14.341418788000057 ], [ 120.802732600000013, 14.34163386400007 ], [ 120.802774420000105, 14.341813094000033 ], [ 120.802923779000025, 14.341956479000029 ], [ 120.802816241000073, 14.342183504000047 ], [ 120.802679578000038, 14.342308965000027 ], [ 120.802128445000122, 14.342604695000034 ], [ 120.801819273000092, 14.342886982000035 ], [ 120.801496658000033, 14.34314238500002 ], [ 120.80109339, 14.343357462000029 ], [ 120.800622911000133, 14.343438115000026 ], [ 120.800091728000112, 14.343495930000074 ], [ 120.799832514000073, 14.343535809000056 ], [ 120.799613179000048, 14.343565719000022 ], [ 120.799383873000025, 14.34362553700004 ], [ 120.799154568000077, 14.343715265000073 ], [ 120.798955173000067, 14.343854842000043 ], [ 120.798745807000046, 14.34403429800005 ], [ 120.798596260000082, 14.34422372400007 ], [ 120.798426774000063, 14.344363301000044 ], [ 120.798257288000059, 14.344552727000066 ], [ 120.798027983000125, 14.344782032000071 ], [ 120.797748829000071, 14.345031277000032 ], [ 120.797469675000116, 14.345260582000041 ], [ 120.797330098000089, 14.345440038000055 ], [ 120.79715064100003, 14.345609525000041 ], [ 120.796931306000047, 14.34582886000004 ], [ 120.796711971000022, 14.346117984000045 ], [ 120.796392938000054, 14.346337319000044 ], [ 120.796093844000097, 14.346347289000049 ], [ 120.795804720000092, 14.346207712000021 ], [ 120.795356080000033, 14.346008316000052 ], [ 120.794977228000107, 14.345749102000068 ], [ 120.794737953000109, 14.345649404000026 ], [ 120.79447873900007, 14.345519797000067 ], [ 120.794209555000066, 14.345400159000066 ], [ 120.793970280000039, 14.345290491000073 ], [ 120.793800793000074, 14.345260582000041 ], [ 120.793601398000092, 14.345200763000037 ], [ 120.793322244000024, 14.34515091400004 ], [ 120.793023150000053, 14.345150914000039 ], [ 120.792833724000047, 14.345180824000067 ], [ 120.792634328000076, 14.345190794000075 ], [ 120.792355174000022, 14.345240643000068 ], [ 120.792247761000127, 14.345251384000051 ], [ 120.792284922000022, 14.345483793000026 ], [ 120.792381247000094, 14.345880255000054 ], [ 120.792558285000041, 14.346405923000074 ], [ 120.792754390000042, 14.346828091000074 ], [ 120.792913173000102, 14.347100067000042 ], [ 120.79313542400007, 14.347378855000041 ], [ 120.793417688000105, 14.347684243000062 ], [ 120.79400270500004, 14.348119128000064 ], [ 120.794116929000111, 14.348206460000034 ], [ 120.795657028000051, 14.349392514000042 ], [ 120.795724474000053, 14.349451416000019 ], [ 120.797550085000012, 14.350836871000066 ], [ 120.797692792000021, 14.350932613000056 ], [ 120.798428440000052, 14.35149919300005 ], [ 120.798591439, 14.351624896000033 ], [ 120.798593602000096, 14.351626565000062 ], [ 120.799224226000092, 14.352112892000036 ], [ 120.800966126000063, 14.353428994000069 ], [ 120.801237088000121, 14.353641893000031 ], [ 120.801585468000098, 14.353912855000033 ], [ 120.801676250000028, 14.353983369000048 ], [ 120.801709630000133, 14.353768782000033 ] ] ] } },
{ "type": "Feature", "properties": { "adm1_psgc": 400000000, "adm2_psgc": 402100000, "adm3_psgc": 402120000, "adm4_psgc": 402120028, "adm4_en": "Amaya II", "geo_level": "Bgy", "len_crs": 8518, "area_crs": 2052817, "len_km": 8, "area_km2": 2.0 }, "geometry": { "type": "Polygon", "coordinates": [ [ [ 120.826333826000123, 14.385961233000042 ], [ 120.826196912000128, 14.385804455000024 ], [ 120.826499406000039, 14.385543207000069 ], [ 120.826709537000042, 14.385393156000083 ], [ 120.826907110000093, 14.385250434000056 ], [ 120.827134732000118, 14.385099594000055 ], [ 120.8273127020001, 14.384936921000074 ], [ 120.828782274000119, 14.385852048000062 ], [ 120.829850529000069, 14.386622196000079 ], [ 120.830042844000104, 14.386027108000064 ], [ 120.830180730000066, 14.385613450000053 ], [ 120.83020250200002, 14.385156248000044 ], [ 120.83020250200002, 14.38477524700005 ], [ 120.830177102000107, 14.38461558900007 ], [ 120.830206130000079, 14.384445046000053 ], [ 120.830318616000113, 14.384285388000022 ], [ 120.830489160000084, 14.384031388000036 ], [ 120.830568988000095, 14.383817301000024 ], [ 120.830390307000016, 14.383594971000036 ], [ 120.830549, 14.382379 ], [ 120.830502565000089, 14.382022656000059 ], [ 120.830846519000033, 14.382223781000047 ], [ 120.831260291000021, 14.382499472000067 ], [ 120.831334576000032, 14.382540984000059 ], [ 120.831402305000097, 14.382578126000055 ], [ 120.83155579400011, 14.382664205000026 ], [ 120.831743594000045, 14.382769526000057 ], [ 120.831823229000065, 14.382806938000046 ], [ 120.832287414, 14.383025441000029 ], [ 120.832695180000087, 14.383299033000071 ], [ 120.832481207000114, 14.383676895000068 ], [ 120.832884549000042, 14.383889155000086 ], [ 120.833108281000037, 14.383537361000039 ], [ 120.833086300000105, 14.382994319000035 ], [ 120.833814827000069, 14.382153956000025 ], [ 120.833399299, 14.381818204000067 ], [ 120.83304836100001, 14.381538402000045 ], [ 120.834373787000118, 14.380071966000056 ], [ 120.834456854000109, 14.379968667000069 ], [ 120.834590177000109, 14.379804325000066 ], [ 120.834735386000034, 14.379690436000033 ], [ 120.834823651000079, 14.379647727000076 ], [ 120.834920457000067, 14.37962495000005 ], [ 120.835327611000039, 14.379568005000067 ], [ 120.835449359000108, 14.379522919000065 ], [ 120.836201641000116, 14.380087130000051 ], [ 120.837023212000076, 14.380720631000033 ], [ 120.83735511600004, 14.380326717000059 ], [ 120.83720997600004, 14.380207965000064 ], [ 120.837117614000022, 14.38008261700003 ], [ 120.83730893500001, 14.379779141000029 ], [ 120.837345220000088, 14.379703273000075 ], [ 120.837378207000015, 14.379541639000026 ], [ 120.837503555000012, 14.378951181000048 ], [ 120.837651994000112, 14.378291452000042 ], [ 120.837863107000075, 14.377394221000028 ], [ 120.838034637000064, 14.376939008000019 ], [ 120.838408942000129, 14.375935705000078 ], [ 120.838431780000064, 14.375904229000069 ], [ 120.838450076000086, 14.375894571000059 ], [ 120.838471063000043, 14.375892892000026 ], [ 120.838498766000029, 14.375889534000065 ], [ 120.838534023000093, 14.375902126000028 ], [ 120.839229259000049, 14.376261433000026 ], [ 120.839463758000079, 14.376408645000025 ], [ 120.839689235000051, 14.376578327000061 ], [ 120.839710637000053, 14.376589028000065 ], [ 120.839723101000132, 14.376589485000068 ], [ 120.839735095000052, 14.376585970000063 ], [ 120.839745663000031, 14.376577753000046 ], [ 120.839752675000113, 14.376566862000061 ], [ 120.839975531000064, 14.376153182000051 ], [ 120.840108252000064, 14.37588465400006 ], [ 120.840451949000112, 14.375170754000067 ], [ 120.84064991700005, 14.374821399000039 ], [ 120.840789659000052, 14.374699124000074 ], [ 120.840882821000037, 14.374640898000049 ], [ 120.841878484000048, 14.374017881000043 ], [ 120.842140501000017, 14.37382573500002 ], [ 120.842233662, 14.373680170000059 ], [ 120.842309356000101, 14.373499670000058 ], [ 120.843858166000018, 14.37285918500004 ], [ 120.844166763000075, 14.372684507000027 ], [ 120.844347264000035, 14.372451603000059 ], [ 120.84182355300004, 14.367749040000035 ], [ 120.840747228000069, 14.365961927000058 ], [ 120.840625498, 14.366050884000058 ], [ 120.840199442000099, 14.366214751000028 ], [ 120.839738417000021, 14.366494502000021 ], [ 120.839258166000022, 14.366752702000042 ], [ 120.839144558000044, 14.366835326000063 ], [ 120.839082590000089, 14.366943770000038 ], [ 120.8390670980001, 14.367140001000051 ], [ 120.839082590000089, 14.367238117000058 ], [ 120.839025786000093, 14.367341397000072 ], [ 120.838922506000017, 14.367387873000041 ], [ 120.838767587000021, 14.367372381000054 ], [ 120.838659143000086, 14.367413693000058 ], [ 120.838617831000079, 14.367527301000054 ], [ 120.838586847000101, 14.367739024000056 ], [ 120.838452583000048, 14.367940420000025 ], [ 120.83833897600006, 14.368028208000055 ], [ 120.838127252000049, 14.368069520000063 ], [ 120.837941348000072, 14.368121159000054 ], [ 120.837822577000097, 14.368270915000037 ], [ 120.837786429000076, 14.368410343000047 ], [ 120.837750281000027, 14.368544607000047 ], [ 120.8376831490001, 14.368611739000077 ], [ 120.83757986900001, 14.368596247000024 ], [ 120.837466261000031, 14.36853944300003 ], [ 120.837404293000077, 14.368436163000075 ], [ 120.837306177000087, 14.368374195000055 ], [ 120.837223554000062, 14.36838452300003 ], [ 120.837130602000116, 14.36847231100006 ], [ 120.836991174000104, 14.368627231000062 ], [ 120.83688273000007, 14.368715018000046 ], [ 120.836634859000029, 14.368844118000029 ], [ 120.836474775000056, 14.368931906000059 ], [ 120.836309527000026, 14.369055842000023 ], [ 120.836294035000037, 14.369184942000063 ], [ 120.836309527000026, 14.369324369000028 ], [ 120.836268215000018, 14.369505109000045 ], [ 120.83612878800011, 14.36959806100003 ], [ 120.835767308000072, 14.369582569000045 ], [ 120.835410993000096, 14.369644537000058 ], [ 120.835147629000062, 14.369716833000041 ], [ 120.83506500600005, 14.369742652000072 ], [ 120.83496172600006, 14.369706505000062 ], [ 120.834858446000112, 14.36960838900006 ], [ 120.834734510000089, 14.369556749000028 ], [ 120.834595082000092, 14.369582569000045 ], [ 120.834383359000071, 14.369716833000041 ], [ 120.83425425900009, 14.369851096000046 ], [ 120.83408901100006, 14.369887244000038 ], [ 120.833861796000051, 14.369830440000049 ], [ 120.833722368000053, 14.369830440000046 ], [ 120.833588104000128, 14.369923392000032 ], [ 120.833489989000114, 14.370052492000069 ], [ 120.83337121700005, 14.370124788000055 ], [ 120.833205969000119, 14.370166100000063 ], [ 120.832813506000093, 14.370207412000067 ], [ 120.832395223000063, 14.370305527000028 ], [ 120.832147351000117, 14.370408807000043 ], [ 120.831883987000097, 14.370625695000054 ], [ 120.831481196000027, 14.371116274000036 ], [ 120.831016437, 14.371710133000024 ], [ 120.830664151000065, 14.371968541000054 ], [ 120.83054135000009, 14.372066448000055 ], [ 120.83042878300013, 14.372259950000053 ], [ 120.83038643000009, 14.372402108000072 ], [ 120.83036153400009, 14.372573775000037 ], [ 120.830439991000048, 14.372865183000048 ], [ 120.830529655000063, 14.37319021600007 ], [ 120.830507239000099, 14.373515249000038 ], [ 120.830238246000022, 14.374423099000065 ], [ 120.83006118600008, 14.374934607000053 ], [ 120.830036502000112, 14.375005916000076 ], [ 120.829817141000049, 14.375276484000038 ], [ 120.828971739000067, 14.375678398000048 ], [ 120.82870274600009, 14.375824102000021 ], [ 120.828512210000099, 14.376081887000055 ], [ 120.828501002000053, 14.376272423000042 ], [ 120.828713954, 14.376631080000042 ], [ 120.828837243000081, 14.376821617000076 ], [ 120.828904491000117, 14.377068193000069 ], [ 120.828747578000062, 14.377359602000068 ], [ 120.828332881000051, 14.377471682000074 ], [ 120.828231117000087, 14.377562140000066 ], [ 120.828030265000066, 14.377740675000041 ], [ 120.827817312000079, 14.378020876000047 ], [ 120.827761272000089, 14.378357117000061 ], [ 120.827705232000085, 14.378738189000046 ], [ 120.827436239, 14.378995974000075 ], [ 120.826943086000028, 14.379074431000049 ], [ 120.82693820100009, 14.379085666000041 ], [ 120.826831006000035, 14.379332215000034 ], [ 120.826786174000063, 14.379937448000021 ], [ 120.826606845000029, 14.380408186000066 ], [ 120.826124900000096, 14.38086771500002 ], [ 120.825542083000087, 14.381035835000032 ], [ 120.824813561000042, 14.381450532000031 ], [ 120.824062623000032, 14.381977309000037 ], [ 120.823670342, 14.382347174000072 ], [ 120.82313473400005, 14.383370764000064 ], [ 120.823397340000042, 14.383561440000053 ], [ 120.823264330000029, 14.384658257000069 ], [ 120.823281553000029, 14.384679974000049 ], [ 120.823307579000016, 14.384705178000051 ], [ 120.823394596000071, 14.384762578000045 ], [ 120.823437110000114, 14.384787638000036 ], [ 120.823492342, 14.384807139000031 ], [ 120.823499663000021, 14.384807078000049 ], [ 120.823554608000123, 14.384837603000053 ], [ 120.823593623000079, 14.384868285000035 ], [ 120.823617767000087, 14.384882762000069 ], [ 120.823669725000059, 14.384918861000072 ], [ 120.823714218000077, 14.384944161000025 ], [ 120.823729040000103, 14.384956756000065 ], [ 120.82373644900008, 14.384960373000068 ], [ 120.823762374000012, 14.384980172000043 ], [ 120.823795695000058, 14.385008931000073 ], [ 120.823808645000113, 14.385017928000025 ], [ 120.823858585000039, 14.38506103200007 ], [ 120.823886323000025, 14.385087945000068 ], [ 120.823899275000031, 14.385104076000063 ], [ 120.823904848000112, 14.385118397000046 ], [ 120.823906725000029, 14.385129133000078 ], [ 120.823888405000048, 14.385172056000041 ], [ 120.823882891000054, 14.385181007000025 ], [ 120.8238755550001, 14.385200720000055 ], [ 120.823873730000059, 14.38520968800003 ], [ 120.823873799, 14.385231223000059 ], [ 120.823875717000064, 14.385247385000072 ], [ 120.823881360000087, 14.385268951000057 ], [ 120.823909336000028, 14.385315725000055 ], [ 120.823929823000086, 14.385340927000071 ], [ 120.823935424000084, 14.385349934000033 ], [ 120.823961471000075, 14.385375140000065 ], [ 120.823985637000092, 14.385394938000044 ], [ 120.824056405000078, 14.385467008000031 ], [ 120.824084393000035, 14.385499475000069 ], [ 120.824097434, 14.385512096000067 ], [ 120.824104904000038, 14.385521120000019 ], [ 120.824108667000033, 14.385528353000041 ], [ 120.824123577000037, 14.385542781000028 ], [ 120.824142275000099, 14.385566265000019 ], [ 120.824183254000104, 14.385602330000042 ], [ 120.824225942000126, 14.385636486000063 ], [ 120.824264715000027, 14.385661498000049 ], [ 120.824290479000069, 14.385673914000051 ], [ 120.824299634000113, 14.385675619000041 ], [ 120.824306880000108, 14.385671893000049 ], [ 120.824312270000078, 14.385666376000074 ], [ 120.824321302000058, 14.385660819000067 ], [ 120.824326656000039, 14.385653495000041 ], [ 120.824333714000105, 14.385638903000029 ], [ 120.8243354210001, 14.385631633000058 ], [ 120.824335279000024, 14.385622576000056 ], [ 120.824331416000049, 14.385608131000026 ], [ 120.824322099000042, 14.385593746000044 ], [ 120.824292730000039, 14.385577746000017 ], [ 120.824277997000081, 14.385567026000047 ], [ 120.824263183000085, 14.385550875000039 ], [ 120.824231656000038, 14.385513164000031 ], [ 120.824218643000123, 14.385495192000061 ], [ 120.824205541000083, 14.385470004000069 ], [ 120.824198076000016, 14.385459213000047 ], [ 120.824183172000062, 14.385441236000077 ], [ 120.824168315000051, 14.385426869000076 ], [ 120.82416270300007, 14.385417878000052 ], [ 120.824138568000095, 14.385394538000075 ], [ 120.824119950000068, 14.385371191000047 ], [ 120.824108761000048, 14.385355030000026 ], [ 120.824104996000074, 14.385346051000054 ], [ 120.824103069000103, 14.385337071000043 ], [ 120.824102837000069, 14.385313735000061 ], [ 120.82410816200003, 14.385295800000044 ], [ 120.824131482000098, 14.38524747800005 ], [ 120.824145718000068, 14.385202858000072 ], [ 120.82414748500004, 14.385193941000068 ], [ 120.824147191000066, 14.385142242000025 ], [ 120.8241424160001, 14.385133853000076 ], [ 120.824212709000122, 14.385080080000021 ], [ 120.824218162000079, 14.385072978000041 ], [ 120.824223632000098, 14.385069432000018 ], [ 120.824234520000118, 14.385053459000066 ], [ 120.824249088000087, 14.385042831000021 ], [ 120.824274632000083, 14.385035784000024 ], [ 120.824298388000102, 14.385037612000076 ], [ 120.824324015000116, 14.385048319000077 ], [ 120.824368046000018, 14.385083909000056 ], [ 120.824380902000016, 14.385096361000024 ], [ 120.82439563100003, 14.385115919000043 ], [ 120.824432349000062, 14.385149718000035 ], [ 120.824458101000133, 14.385179952000041 ], [ 120.824463638000111, 14.385188843000037 ], [ 120.824487500000032, 14.385210190000066 ], [ 120.824493024000049, 14.385217305000024 ], [ 120.824500356000044, 14.385222642000034 ], [ 120.824507684000096, 14.385231537000037 ], [ 120.824514994000083, 14.385236875000032 ], [ 120.824518667000021, 14.385243990000047 ], [ 120.824536965000092, 14.385263556000043 ], [ 120.824573510000036, 14.385293785000039 ], [ 120.824582658000068, 14.385304452000069 ], [ 120.824606401000096, 14.385324003000047 ], [ 120.824626501000026, 14.385343551000062 ], [ 120.824661227000107, 14.38538086300002 ], [ 120.824668541000065, 14.385389746000042 ], [ 120.824674047000016, 14.385400411000038 ], [ 120.824708785000112, 14.385443043000061 ], [ 120.824723446, 14.385467918000076 ], [ 120.824739969, 14.385501684000072 ], [ 120.824756425000032, 14.38552299400004 ], [ 120.824787486000119, 14.385560272000079 ], [ 120.824807564000011, 14.385581563000079 ], [ 120.824845927000084, 14.385629477000068 ], [ 120.824862348000011, 14.385647210000057 ], [ 120.824875100000099, 14.385657837000053 ], [ 120.824880579000038, 14.38566493300004 ], [ 120.824882391000074, 14.385664926000061 ], [ 120.824893707000101, 14.385691307000059 ], [ 120.824901033000074, 14.385698413000059 ], [ 120.82492483800003, 14.385728619000073 ], [ 120.824933999000123, 14.385737505000062 ], [ 120.824954151000057, 14.385762390000025 ], [ 120.824970646000125, 14.385778390000034 ], [ 120.824983474000078, 14.385794393000022 ], [ 120.825010978000037, 14.385819291000079 ], [ 120.825025647000075, 14.385837080000041 ], [ 120.825056830000108, 14.385867328000073 ], [ 120.825082518000059, 14.38588868400007 ], [ 120.825130217000037, 14.385947558000062 ], [ 120.825155926000093, 14.385976167000024 ], [ 120.825159600000021, 14.385983323000062 ], [ 120.825227671000121, 14.386067526000035 ], [ 120.825238730000038, 14.386085470000074 ], [ 120.82525716900011, 14.386110607000033 ], [ 120.825264555000118, 14.386124981000023 ], [ 120.825271936000036, 14.386133967000035 ], [ 120.825288562000082, 14.38616094200006 ], [ 120.825303341000108, 14.386178936000022 ], [ 120.825321844000101, 14.386209551000032 ], [ 120.825371812000071, 14.386267253000026 ], [ 120.825408943000056, 14.386326868000022 ], [ 120.825416393000083, 14.386343146000058 ], [ 120.825423820000083, 14.386352192000063 ], [ 120.825425668000079, 14.386352192000059 ], [ 120.825423246000014, 14.386413060000049 ], [ 120.825425074000023, 14.386420205000038 ], [ 120.825434254000015, 14.386443436000036 ], [ 120.825436073000105, 14.386454164000046 ], [ 120.825445211000101, 14.386482764000052 ], [ 120.825454390000132, 14.386504237000052 ], [ 120.825472668000089, 14.386572360000061 ], [ 120.825472646000094, 14.386577747000047 ], [ 120.825476335000076, 14.386584932000062 ], [ 120.82548556200004, 14.386613697000028 ], [ 120.825494836000075, 14.386633484000075 ], [ 120.825500395000063, 14.386649678000026 ], [ 120.825505965000033, 14.386658674000047 ], [ 120.825511526000014, 14.386674872000071 ], [ 120.825535660000028, 14.386723480000056 ], [ 120.82554309000011, 14.386736084000065 ], [ 120.825546808000013, 14.38673968300003 ], [ 120.825569100000052, 14.386782914000035 ], [ 120.825582113000124, 14.386800920000045 ], [ 120.825583971000015, 14.386808130000075 ], [ 120.825601061000043, 14.38683626800003 ], [ 120.826333826000123, 14.385961233000042 ] ] ] } },
{ "type": "Feature", "properties": { "adm1_psgc": 400000000, "adm2_psgc": 402100000, "adm3_psgc": 402120000, "adm4_psgc": 402120029, "adm4_en": "Amaya III", "geo_level": "Bgy", "len_crs": 4900, "area_crs": 1087815, "len_km": 4, "area_km2": 1.0 }, "geometry": { "type": "Polygon", "coordinates": [ [ [ 120.840236518000097, 14.394691769000078 ], [ 120.840260028000102, 14.394503637000069 ], [ 120.84040123300008, 14.394406684000046 ], [ 120.840506198000071, 14.394392861000027 ], [ 120.840727751000045, 14.394466712000055 ], [ 120.840889046000029, 14.394476371000048 ], [ 120.841010847000021, 14.39439286100003 ], [ 120.841269325000084, 14.394097457000047 ], [ 120.841623932000076, 14.393811173000074 ], [ 120.841823208000051, 14.39380205300006 ], [ 120.842004045000067, 14.393830178000028 ], [ 120.842149755000037, 14.393760491000025 ], [ 120.842561718000084, 14.393432798000047 ], [ 120.842732596000019, 14.393386713000041 ], [ 120.842890976000035, 14.39344373000006 ], [ 120.843017681000106, 14.393456400000051 ], [ 120.843093703000022, 14.393431059000024 ], [ 120.843255372000058, 14.393333303000077 ], [ 120.843334442000028, 14.39310796300003 ], [ 120.843429470000046, 14.392943247000062 ], [ 120.843581516000086, 14.392911571000072 ], [ 120.843841260000104, 14.392810207000025 ], [ 120.844094669000029, 14.392594810000048 ], [ 120.844316402000103, 14.392297054000039 ], [ 120.840469020000128, 14.388591676000035 ], [ 120.839990989000071, 14.388141569000025 ], [ 120.837991324000086, 14.386263187000054 ], [ 120.837816334000081, 14.386083930000035 ], [ 120.836740788000057, 14.385033992000047 ], [ 120.836006686000019, 14.384342570000056 ], [ 120.835639158000063, 14.384033821000061 ], [ 120.835569540000051, 14.383978717000048 ], [ 120.835499666000032, 14.383925827000043 ], [ 120.834905532000107, 14.383471890000068 ], [ 120.834164079000061, 14.382991937000039 ], [ 120.834017496000115, 14.383238197000024 ], [ 120.833841596000084, 14.383431686000051 ], [ 120.83361879000006, 14.383566543000029 ], [ 120.833442891000118, 14.38361344900005 ], [ 120.833284581000044, 14.383619312000066 ], [ 120.833108281000037, 14.383537361000039 ], [ 120.832884549000042, 14.383889155000086 ], [ 120.832481207000114, 14.383676895000068 ], [ 120.831540995000069, 14.385371329000066 ], [ 120.831903541000102, 14.385573929000026 ], [ 120.832495952000045, 14.385875436000049 ], [ 120.833412178000117, 14.386398487000065 ], [ 120.83314492600006, 14.386479167000063 ], [ 120.832736486000044, 14.386539676000037 ], [ 120.832524702000114, 14.38661027100005 ], [ 120.832433937000033, 14.386791800000024 ], [ 120.832388555000094, 14.387069137000022 ], [ 120.832297790000098, 14.38727587800002 ], [ 120.832131388000107, 14.38741202500006 ], [ 120.83184396700004, 14.387406983000062 ], [ 120.831561588000113, 14.387356558000024 ], [ 120.831279210000048, 14.387422110000045 ], [ 120.831122893000042, 14.38759859700002 ], [ 120.831027086000063, 14.387870891000031 ], [ 120.831008794000013, 14.388031826000034 ], [ 120.831057341000019, 14.388148227000046 ], [ 120.831143063000027, 14.38845077600007 ], [ 120.831153148000112, 14.38869281400002 ], [ 120.83109768000007, 14.388894514000073 ], [ 120.830754792000121, 14.389192020000047 ], [ 120.830517795000105, 14.389388676000065 ], [ 120.830421988000026, 14.38957524800003 ], [ 120.830371564000089, 14.389731565000032 ], [ 120.830376606000073, 14.389903009000026 ], [ 120.830437116000112, 14.390129921000039 ], [ 120.830528813000129, 14.390349615000048 ], [ 120.830692791000061, 14.390583371000044 ], [ 120.830495094000057, 14.391188093000038 ], [ 120.830498353000038, 14.391191796000047 ], [ 120.830501380000086, 14.391197660000046 ], [ 120.83050298, 14.391209420000049 ], [ 120.830501595000086, 14.39121973200003 ], [ 120.830482655000083, 14.39125965400007 ], [ 120.830466810000075, 14.391282335000021 ], [ 120.830465031000017, 14.391284881000043 ], [ 120.830451759000084, 14.39129976600003 ], [ 120.830440017000114, 14.391320561000043 ], [ 120.83043710000004, 14.391327981000071 ], [ 120.830437219000032, 14.391341286000056 ], [ 120.830452163000018, 14.391344086000057 ], [ 120.830465565000068, 14.391342467000074 ], [ 120.830478916000047, 14.391336419000028 ], [ 120.83048541900007, 14.391330778000057 ], [ 120.830489252000021, 14.391327453000027 ], [ 120.830507016000084, 14.391318420000063 ], [ 120.830529318000117, 14.391319674000046 ], [ 120.830554655000014, 14.391329739000069 ], [ 120.830583024, 14.391348603000036 ], [ 120.830602373000033, 14.39135723500004 ], [ 120.830606847000027, 14.391372860000043 ], [ 120.830612899, 14.391386045000049 ], [ 120.830621995000129, 14.391399252000038 ], [ 120.830644726000074, 14.391419808000027 ], [ 120.830665975000102, 14.39142723000003 ], [ 120.830682680000109, 14.391427339000074 ], [ 120.830716059000096, 14.391423193000033 ], [ 120.830731201000049, 14.391424743000069 ], [ 120.830753884000046, 14.391430686000037 ], [ 120.830764460000069, 14.391436561000035 ], [ 120.830775028000048, 14.391445340000072 ], [ 120.830787095000119, 14.391462845000035 ], [ 120.830791612000112, 14.391477412000029 ], [ 120.830790080000043, 14.391494873000058 ], [ 120.830793090000057, 14.391507995000039 ], [ 120.830797621000102, 14.391513841000066 ], [ 120.830817264000075, 14.391528486000022 ], [ 120.830844455000047, 14.391538780000078 ], [ 120.830873129000125, 14.391541790000073 ], [ 120.830903268000043, 14.391541902000023 ], [ 120.830928870000093, 14.391550721000048 ], [ 120.830945439000061, 14.391562413000033 ], [ 120.830962018000037, 14.391578467000047 ], [ 120.830977069000028, 14.391587239000042 ], [ 120.830984583000031, 14.391588714000019 ], [ 120.830990604000021, 14.391593095000079 ], [ 120.831032670000027, 14.39160919400007 ], [ 120.831065671000047, 14.391619440000055 ], [ 120.831083764000013, 14.391626712000065 ], [ 120.831088285000078, 14.391626709000032 ], [ 120.831120010000063, 14.391636877000051 ], [ 120.831165415000115, 14.391655792000051 ], [ 120.8311927190001, 14.391670365000031 ], [ 120.831224670000097, 14.391693716000077 ], [ 120.83127329100013, 14.39171417600005 ], [ 120.83130825100011, 14.391725882000062 ], [ 120.831341785000049, 14.391741996000063 ], [ 120.831361592, 14.391749328000058 ], [ 120.831410536000021, 14.391777221000039 ], [ 120.831421231000036, 14.391781631000073 ], [ 120.831459578000022, 14.391805170000055 ], [ 120.831485645000043, 14.391818430000054 ], [ 120.831525494000047, 14.391834659000038 ], [ 120.83156239700007, 14.391853859000038 ], [ 120.831617751000081, 14.391877534000056 ], [ 120.831644027000038, 14.391893825000071 ], [ 120.831673360000082, 14.391908657000048 ], [ 120.831682594000085, 14.391911629000051 ], [ 120.831707346000016, 14.39192499300003 ], [ 120.831719650000082, 14.391927972000074 ], [ 120.8317741850001, 14.391972605000033 ], [ 120.831801623000047, 14.391990223000052 ], [ 120.831851973000084, 14.392028414000032 ], [ 120.831891674000076, 14.392053421000071 ], [ 120.831922248000069, 14.39207696400007 ], [ 120.831960461000108, 14.392099071000072 ], [ 120.831983421000018, 14.392118236000037 ], [ 120.832012555, 14.392149210000071 ], [ 120.832018726000115, 14.392162489000036 ], [ 120.832021925000049, 14.392190538000023 ], [ 120.832031199000085, 14.392211230000042 ], [ 120.832057367000061, 14.392245262000074 ], [ 120.832065053000065, 14.392252665000061 ], [ 120.832083478000072, 14.392265997000042 ], [ 120.832100350000019, 14.392274888000033 ], [ 120.83213096900009, 14.392286748000062 ], [ 120.832160085000055, 14.392301573000056 ], [ 120.832184588, 14.392311951000071 ], [ 120.832210657000033, 14.392326778000038 ], [ 120.832259666000027, 14.392347535000054 ], [ 120.832331830000044, 14.392393527000023 ], [ 120.832368625000072, 14.392411329000021 ], [ 120.832436125000072, 14.392448429000069 ], [ 120.832460730000093, 14.392464767000032 ], [ 120.8324715440001, 14.392475173000037 ], [ 120.83249003200001, 14.392488552000032 ], [ 120.832499247000101, 14.392493008000026 ], [ 120.832508523000115, 14.392501933000064 ], [ 120.832565479000095, 14.392533165000032 ], [ 120.8325840010001, 14.392546561000076 ], [ 120.832602491000117, 14.39255698000005 ], [ 120.832620746000089, 14.392569698000043 ], [ 120.832667787000119, 14.392494083000026 ], [ 120.832901059000065, 14.392628666000068 ], [ 120.832948936000093, 14.39242217300005 ], [ 120.833238655000073, 14.392389399000017 ], [ 120.83362829500004, 14.392431146000032 ], [ 120.836731492000013, 14.394476751000072 ], [ 120.837144928000058, 14.394634752000059 ], [ 120.837372996000113, 14.39467909800004 ], [ 120.83765808200009, 14.394590405000036 ], [ 120.837886150000031, 14.394641087000021 ], [ 120.838038195000081, 14.39471077400003 ], [ 120.838992253000015, 14.395242147000035 ], [ 120.839286234000042, 14.395451996000078 ], [ 120.839602995000064, 14.39552801800005 ], [ 120.84003379, 14.395471001000033 ], [ 120.840182213000034, 14.395440374000033 ], [ 120.840432909000029, 14.395388643000043 ], [ 120.840559614000085, 14.395293615000075 ], [ 120.840592358000094, 14.395192913000072 ], [ 120.840383113000016, 14.394897509000032 ], [ 120.840236518000097, 14.394691769000078 ] ] ] } },
{ "type": "Feature", "properties": { "adm1_psgc": 400000000, "adm2_psgc": 402100000, "adm3_psgc": 402120000, "adm4_psgc": 402120030, "adm4_en": "Amaya IV", "geo_level": "Bgy", "len_crs": 1019, "area_crs": 56267, "len_km": 1, "area_km2": 0.0 }, "geometry": { "type": "Polygon", "coordinates": [ [ [ 120.832481207000114, 14.383676895000068 ], [ 120.832695180000087, 14.383299033000071 ], [ 120.832287414, 14.383025441000029 ], [ 120.831823229000065, 14.382806938000046 ], [ 120.831743594000045, 14.382769526000057 ], [ 120.83155579400011, 14.382664205000026 ], [ 120.831402305000097, 14.382578126000055 ], [ 120.831334576000032, 14.382540984000059 ], [ 120.831260291000021, 14.382499472000067 ], [ 120.830846519000033, 14.382223781000047 ], [ 120.830502565000089, 14.382022656000059 ], [ 120.830549, 14.382379 ], [ 120.830390307000016, 14.383594971000036 ], [ 120.830568988000095, 14.383817301000024 ], [ 120.830489160000084, 14.384031388000036 ], [ 120.830318616000113, 14.384285388000022 ], [ 120.830206130000079, 14.384445046000053 ], [ 120.830177102000107, 14.38461558900007 ], [ 120.83020250200002, 14.38477524700005 ], [ 120.830657043000102, 14.384964802000068 ], [ 120.830680235000045, 14.384987993000037 ], [ 120.831125133000128, 14.385200719000069 ], [ 120.831540995000069, 14.385371329000066 ], [ 120.832481207000114, 14.383676895000068 ] ] ] } },
{ "type": "Feature", "properties": { "adm1_psgc": 400000000, "adm2_psgc": 402100000, "adm3_psgc": 402120000, "adm4_psgc": 402120031, "adm4_en": "Amaya V", "geo_level": "Bgy", "len_crs": 1954, "area_crs": 86573, "len_km": 1, "area_km2": 0.0 }, "geometry": { "type": "Polygon", "coordinates": [ [ [ 120.830692791000061, 14.390583371000044 ], [ 120.830528813000129, 14.390349615000048 ], [ 120.830437116000112, 14.390129921000039 ], [ 120.830376606000073, 14.389903009000026 ], [ 120.830371564000089, 14.389731565000032 ], [ 120.830421988000026, 14.38957524800003 ], [ 120.830517795000105, 14.389388676000065 ], [ 120.830754792000121, 14.389192020000047 ], [ 120.83109768000007, 14.388894514000073 ], [ 120.831153148000112, 14.38869281400002 ], [ 120.831143063000027, 14.38845077600007 ], [ 120.831057341000019, 14.388148227000046 ], [ 120.831008794000013, 14.388031826000034 ], [ 120.831027086000063, 14.387870891000031 ], [ 120.831122893000042, 14.38759859700002 ], [ 120.831279210000048, 14.387422110000045 ], [ 120.831561588000113, 14.387356558000024 ], [ 120.83184396700004, 14.387406983000062 ], [ 120.832131388000107, 14.38741202500006 ], [ 120.832297790000098, 14.38727587800002 ], [ 120.832388555000094, 14.387069137000022 ], [ 120.832433937000033, 14.386791800000024 ], [ 120.832524702000114, 14.38661027100005 ], [ 120.832736486000044, 14.386539676000037 ], [ 120.83314492600006, 14.386479167000063 ], [ 120.833412178000117, 14.386398487000065 ], [ 120.832495952000045, 14.385875436000049 ], [ 120.831903541000102, 14.385573929000026 ], [ 120.831540995000069, 14.385371329000066 ], [ 120.830242462000129, 14.387781899000062 ], [ 120.829991347000018, 14.388253262000033 ], [ 120.829662857000031, 14.388841870000022 ], [ 120.82959839100009, 14.388879193000037 ], [ 120.829544104000092, 14.38886562100004 ], [ 120.82948303000002, 14.388831691000066 ], [ 120.829402080000023, 14.388937645000059 ], [ 120.82942150000008, 14.389099473000043 ], [ 120.829609219000062, 14.389209515000058 ], [ 120.829686896000112, 14.389274246000072 ], [ 120.829641584000115, 14.389384288000027 ], [ 120.829492703000028, 14.389507277000062 ], [ 120.82942150000008, 14.389733835000071 ], [ 120.829233780000109, 14.38982445800008 ], [ 120.829039587000025, 14.389850350000073 ], [ 120.828849287000011, 14.390139461000045 ], [ 120.828696770000079, 14.390042815000072 ], [ 120.828674674000013, 14.390061023000039 ], [ 120.82868712800007, 14.390073610000059 ], [ 120.828710063000031, 14.390092951000044 ], [ 120.828733020000087, 14.390115270000024 ], [ 120.828748291000011, 14.390127160000075 ], [ 120.828752896000083, 14.390133115000024 ], [ 120.828758984000046, 14.390136079000056 ], [ 120.828772734000026, 14.390147970000044 ], [ 120.828816836000115, 14.390174644000069 ], [ 120.828828992000012, 14.390183536000052 ], [ 120.828841209000089, 14.390195418000079 ], [ 120.828869946000054, 14.390211656000073 ], [ 120.828903336000053, 14.390236818000055 ], [ 120.828918549000036, 14.390250154000054 ], [ 120.828923158000066, 14.390256100000045 ], [ 120.828924790000102, 14.390262075000063 ], [ 120.828924933000053, 14.390268065000047 ], [ 120.828922132000116, 14.390275586000026 ], [ 120.828913379000028, 14.390290615000024 ], [ 120.82888810300004, 14.390323672000026 ], [ 120.828864142000043, 14.390343299000049 ], [ 120.828847719000024, 14.390362894000074 ], [ 120.828844775000107, 14.390370410000054 ], [ 120.82884359600007, 14.390386982000054 ], [ 120.828849754000103, 14.390391454000053 ], [ 120.828858873000058, 14.390392887000077 ], [ 120.828870878000089, 14.390388266000057 ], [ 120.828882806000038, 14.390380636000033 ], [ 120.828915607000113, 14.390350401000036 ], [ 120.828963633000058, 14.39035783500003 ], [ 120.829014307000079, 14.390374214000078 ], [ 120.829043470000101, 14.390390562000045 ], [ 120.82912938100003, 14.390430676000051 ], [ 120.829184596000118, 14.390460380000038 ], [ 120.829216775000077, 14.390472250000071 ], [ 120.829265809000049, 14.390494509000062 ], [ 120.829322552, 14.390531631000044 ], [ 120.829340944000023, 14.390542020000055 ], [ 120.8293761770001, 14.390567246000048 ], [ 120.829405217000044, 14.390583536000065 ], [ 120.829420510000105, 14.390593910000064 ], [ 120.829452569000068, 14.390610176000051 ], [ 120.829472434000081, 14.390623505000063 ], [ 120.829547180000091, 14.390664886000025 ], [ 120.829588402000013, 14.390694480000032 ], [ 120.829611515000025, 14.390718965000078 ], [ 120.829642151000044, 14.39073975300005 ], [ 120.829666650000036, 14.390760516000061 ], [ 120.829691145000083, 14.390776842000035 ], [ 120.829721757000016, 14.390805014000026 ], [ 120.829766114000122, 14.390831727000034 ], [ 120.829799742000091, 14.390855444000067 ], [ 120.829834866000056, 14.390874711000039 ], [ 120.829865380000115, 14.390889523000046 ], [ 120.829874526000026, 14.390892486000041 ], [ 120.829879107000011, 14.39089692400006 ], [ 120.829900461000079, 14.390910240000037 ], [ 120.829917229000102, 14.39091911400004 ], [ 120.829926366000123, 14.390922071000034 ], [ 120.829953786000033, 14.390936852000037 ], [ 120.829993343000069, 14.390953096000031 ], [ 120.830016173000118, 14.390967861000041 ], [ 120.83006024700002, 14.390992938000064 ], [ 120.830073956000078, 14.391009176000065 ], [ 120.830077015000015, 14.391015084000053 ], [ 120.83007709900005, 14.391029874000029 ], [ 120.830069664, 14.391053575000056 ], [ 120.830069737000017, 14.391068381000027 ], [ 120.830074314000058, 14.391075770000043 ], [ 120.830080384000098, 14.391078711000034 ], [ 120.830094007000071, 14.391078664000075 ], [ 120.830100044, 14.391075683000054 ], [ 120.830119626000055, 14.391060826000052 ], [ 120.830128625000057, 14.391050446000063 ], [ 120.830134656000055, 14.391048950000023 ], [ 120.830157304000068, 14.391050364000025 ], [ 120.830179974000103, 14.391057686000066 ], [ 120.83020263700007, 14.391067953000057 ], [ 120.830213222000111, 14.391075300000066 ], [ 120.830234413000085, 14.391094417000033 ], [ 120.830243476000064, 14.391100288000079 ], [ 120.830261656000076, 14.391120882000054 ], [ 120.830293359000052, 14.391142882000056 ], [ 120.830306911000093, 14.391148720000047 ], [ 120.830318902000045, 14.391147185000021 ], [ 120.83034278300012, 14.39113379500003 ], [ 120.830348740000076, 14.391129345000024 ], [ 120.830351700000065, 14.391124910000029 ], [ 120.830368104000058, 14.39111747100003 ], [ 120.830380070000061, 14.39111741900007 ], [ 120.830399505000059, 14.391121742000047 ], [ 120.83040999, 14.391127577000072 ], [ 120.83044150000002, 14.391153897000034 ], [ 120.830489343000067, 14.391181559000071 ], [ 120.830495094000057, 14.391188093000038 ], [ 120.830692791000061, 14.390583371000044 ] ] ] } },
{ "type": "Feature", "properties": { "adm1_psgc": 400000000, "adm2_psgc": 402100000, "adm3_psgc": 402120000, "adm4_psgc": 402120032, "adm4_en": "Amaya VI", "geo_level": "Bgy", "len_crs": 1058, "area_crs": 43244, "len_km": 1, "area_km2": 0.0 }, "geometry": { "type": "Polygon", "coordinates": [ [ [ 120.830242462000129, 14.387781899000062 ], [ 120.831540995000069, 14.385371329000066 ], [ 120.831125133000128, 14.385200719000069 ], [ 120.830680235000045, 14.384987993000037 ], [ 120.830657043000102, 14.384964802000068 ], [ 120.83020250200002, 14.38477524700005 ], [ 120.83020250200002, 14.385156248000044 ], [ 120.830180730000066, 14.385613450000053 ], [ 120.830042844000104, 14.386027108000064 ], [ 120.829850529000069, 14.386622196000079 ], [ 120.829600157000073, 14.38691611100006 ], [ 120.829429613000102, 14.387050369000065 ], [ 120.82913207, 14.387210026000046 ], [ 120.828663983000069, 14.387395084000046 ], [ 120.829532254000014, 14.38800260500005 ], [ 120.829694231000076, 14.388115939000045 ], [ 120.829721696000107, 14.388143404000063 ], [ 120.829991347000018, 14.388253262000033 ], [ 120.830242462000129, 14.387781899000062 ] ] ] } },
{ "type": "Feature", "properties": { "adm1_psgc": 400000000, "adm2_psgc": 402100000, "adm3_psgc": 402120000, "adm4_psgc": 402120033, "adm4_en": "Amaya VII", "geo_level": "Bgy", "len_crs": 1865, "area_crs": 149547, "len_km": 1, "area_km2": 0.0 }, "geometry": { "type": "Polygon", "coordinates": [ [ [ 120.829039587000025, 14.389850350000073 ], [ 120.829233780000109, 14.38982445800008 ], [ 120.82942150000008, 14.389733835000071 ], [ 120.829492703000028, 14.389507277000062 ], [ 120.829641584000115, 14.389384288000027 ], [ 120.829686896000112, 14.389274246000072 ], [ 120.829609219000062, 14.389209515000058 ], [ 120.82942150000008, 14.389099473000043 ], [ 120.829402080000023, 14.388937645000059 ], [ 120.82948303000002, 14.388831691000066 ], [ 120.829544104000092, 14.38886562100004 ], [ 120.82959839100009, 14.388879193000037 ], [ 120.829662857000031, 14.388841870000022 ], [ 120.829991347000018, 14.388253262000033 ], [ 120.829721696000107, 14.388143404000063 ], [ 120.829694231000076, 14.388115939000045 ], [ 120.829532254000014, 14.38800260500005 ], [ 120.828663983000069, 14.387395084000046 ], [ 120.82913207, 14.387210026000046 ], [ 120.829429613000102, 14.387050369000065 ], [ 120.829600157000073, 14.38691611100006 ], [ 120.829850529000069, 14.386622196000079 ], [ 120.828782274000119, 14.385852048000062 ], [ 120.8273127020001, 14.384936921000074 ], [ 120.827134732000118, 14.385099594000055 ], [ 120.826907110000093, 14.385250434000056 ], [ 120.826709537000042, 14.385393156000083 ], [ 120.826499406000039, 14.385543207000069 ], [ 120.826196912000128, 14.385804455000024 ], [ 120.826333826000123, 14.385961233000042 ], [ 120.825601061000043, 14.38683626800003 ], [ 120.82560256400005, 14.386838743000059 ], [ 120.825610002000076, 14.386854959000054 ], [ 120.825621159000107, 14.386869357000025 ], [ 120.825628597000119, 14.386885574000079 ], [ 120.82565463200001, 14.38692699500006 ], [ 120.825665792000123, 14.38694861800008 ], [ 120.825678818000043, 14.386982886000052 ], [ 120.825686261000115, 14.386997306000067 ], [ 120.825695560000099, 14.387009908000033 ], [ 120.825712307000117, 14.387042357000045 ], [ 120.825717885000032, 14.387047748000043 ], [ 120.825738347000069, 14.387078366000027 ], [ 120.825792300000117, 14.387164848000054 ], [ 120.825801618000014, 14.387188318000026 ], [ 120.825829535000025, 14.38723518400008 ], [ 120.825844579000105, 14.387264760000052 ], [ 120.825850174000053, 14.387270181000073 ], [ 120.825863171000051, 14.387291765000041 ], [ 120.825876175000062, 14.38730795400005 ], [ 120.825909662000058, 14.387342179000031 ], [ 120.825928232000038, 14.387367357000066 ], [ 120.825950566000074, 14.38738898400004 ], [ 120.825982187000037, 14.387423202000036 ], [ 120.826006351000061, 14.38745379900007 ], [ 120.826023066000062, 14.38747898400004 ], [ 120.826049108, 14.387509601000032 ], [ 120.826069555000117, 14.387538405000042 ], [ 120.826130982000109, 14.387603287000045 ], [ 120.826151444000047, 14.38763210800005 ], [ 120.826155157000017, 14.387641108000025 ], [ 120.82618306300003, 14.38768435200007 ], [ 120.82619423600012, 14.387696974000049 ], [ 120.826199820000042, 14.38770598600007 ], [ 120.826213451000058, 14.387717885000026 ], [ 120.826165240000023, 14.387760082000055 ], [ 120.826177687000055, 14.38777665300006 ], [ 120.826325438000026, 14.387683211000024 ], [ 120.826346857000104, 14.387706222000078 ], [ 120.826385863000056, 14.387727840000021 ], [ 120.826408153000116, 14.387745836000024 ], [ 120.826421162000088, 14.387760227000058 ], [ 120.826439761000074, 14.387787210000049 ], [ 120.826458378000098, 14.38781959800002 ], [ 120.826465835000036, 14.387835798000024 ], [ 120.826478861000055, 14.387853800000073 ], [ 120.826501213000043, 14.387889817000023 ], [ 120.826510568000131, 14.387916851000055 ], [ 120.826542291000024, 14.387976349000043 ], [ 120.826547907000077, 14.387990786000042 ], [ 120.826573043000053, 14.388005719000029 ], [ 120.82657763600001, 14.388014650000061 ], [ 120.826583799000105, 14.388020617000048 ], [ 120.826600775000088, 14.388032568000028 ], [ 120.826610018000096, 14.388041518000021 ], [ 120.826645412000047, 14.388083260000032 ], [ 120.826650042000097, 14.388086247000045 ], [ 120.826662345000059, 14.388102644000069 ], [ 120.826668515000065, 14.388107123000053 ], [ 120.826677753000013, 14.388117562000046 ], [ 120.826703914000078, 14.388150368000026 ], [ 120.826711594000017, 14.388163786000066 ], [ 120.826737776000073, 14.388193623000063 ], [ 120.826762401000124, 14.388227940000034 ], [ 120.826783972000044, 14.388251818000075 ], [ 120.826787047000025, 14.388257788000029 ], [ 120.826794759000094, 14.388263757000058 ], [ 120.826807083000077, 14.388278684000058 ], [ 120.826811698000029, 14.388287643000066 ], [ 120.826840971000024, 14.388326467000066 ], [ 120.826856371000076, 14.388354860000051 ], [ 120.826879493000092, 14.388387738000066 ], [ 120.826902626000106, 14.388417630000044 ], [ 120.826942736000078, 14.388462460000024 ], [ 120.82695045100003, 14.388474429000043 ], [ 120.826967421000063, 14.388492335000022 ], [ 120.826990563000109, 14.388522207000051 ], [ 120.826999825000044, 14.388538662000025 ], [ 120.827002917000058, 14.388547653000042 ], [ 120.827007546000104, 14.38855362800007 ], [ 120.827012184000083, 14.388565616000049 ], [ 120.827012215000082, 14.38858817300007 ], [ 120.827006081000036, 14.388612310000042 ], [ 120.826987598000059, 14.388645646000041 ], [ 120.826982978000046, 14.388660793000042 ], [ 120.82698145400002, 14.388680492000047 ], [ 120.826983017000089, 14.388706103000063 ], [ 120.826992325000106, 14.388755704000063 ], [ 120.827003176000062, 14.388787263000037 ], [ 120.827018673000111, 14.388817308000055 ], [ 120.827037269000016, 14.388847347000024 ], [ 120.827043471000025, 14.388860874000045 ], [ 120.827048127, 14.388877421000073 ], [ 120.827065191000088, 14.388919047000051 ], [ 120.827071404000094, 14.388941541000062 ], [ 120.827079162000018, 14.38895954000003 ], [ 120.827091567000011, 14.388979043000063 ], [ 120.827091571000111, 14.388982043000055 ], [ 120.827102436, 14.389007549000038 ], [ 120.827108635000059, 14.389013552000046 ], [ 120.827113292000035, 14.389024056000043 ], [ 120.827135004000084, 14.389055573000061 ], [ 120.82715205600006, 14.38907358300003 ], [ 120.827183039000033, 14.38909309000007 ], [ 120.827200072000082, 14.389100591000046 ], [ 120.827214, 14.389103588000065 ], [ 120.827224828000112, 14.389103584000056 ], [ 120.827235652000013, 14.389102080000042 ], [ 120.827241832000027, 14.389099076000033 ], [ 120.8272541770001, 14.389087068000041 ], [ 120.827264954000029, 14.389066063000032 ], [ 120.827275753000094, 14.389057063000052 ], [ 120.827281931000016, 14.38905556300006 ], [ 120.827286567000101, 14.389055563000049 ], [ 120.827309769000067, 14.389067557000033 ], [ 120.827319045000095, 14.38907055500005 ], [ 120.827346849000051, 14.38907205000004 ], [ 120.827371459, 14.389067550000048 ], [ 120.827379115000113, 14.389067551000043 ], [ 120.827386737000097, 14.389064555000058 ], [ 120.827415485000088, 14.38903763600007 ], [ 120.827426155000026, 14.38903614900005 ], [ 120.827433803000076, 14.389037649000043 ], [ 120.827456145000042, 14.389037621000055 ], [ 120.82747327800007, 14.389043841000049 ], [ 120.827507546000106, 14.389060429000043 ], [ 120.827531107000041, 14.389081168000079 ], [ 120.827434766, 14.389211869000064 ], [ 120.827451901000018, 14.389226386000079 ], [ 120.827496859, 14.389159999000073 ], [ 120.827520866000114, 14.389166332000055 ], [ 120.827551305000057, 14.38916476100008 ], [ 120.827633646000095, 14.389184026000068 ], [ 120.827650423000023, 14.389189967000052 ], [ 120.827670298000044, 14.389200386000025 ], [ 120.827700945000046, 14.389221245000043 ], [ 120.827731521000018, 14.38923909800007 ], [ 120.827757578000046, 14.389258459000077 ], [ 120.827781997000102, 14.389271827000069 ], [ 120.82784941400007, 14.389323918000063 ], [ 120.827872255000102, 14.389335770000065 ], [ 120.827907263000057, 14.389358006000064 ], [ 120.827925631000099, 14.389377341000051 ], [ 120.827956263000047, 14.389403534000053 ], [ 120.827987019000048, 14.389439275000026 ], [ 120.827997785000093, 14.389448192000037 ], [ 120.828007018000108, 14.389458577000028 ], [ 120.828030091000088, 14.389476423000078 ], [ 120.828113220000091, 14.389555177000036 ], [ 120.828124014000096, 14.389568542000061 ], [ 120.828159458000073, 14.389604224000037 ], [ 120.828216553000075, 14.389669656000027 ], [ 120.828232040000103, 14.389691948000063 ], [ 120.828238305000028, 14.38970529000005 ], [ 120.828246095000068, 14.389717163000055 ], [ 120.828280303000057, 14.389758784000039 ], [ 120.828283440000064, 14.389764732000062 ], [ 120.828297430000021, 14.389779621000059 ], [ 120.828320698000098, 14.389798998000057 ], [ 120.828342227, 14.38981247600003 ], [ 120.828365309000105, 14.389830427000046 ], [ 120.828403613000091, 14.389849908000029 ], [ 120.828441966000014, 14.389875322000025 ], [ 120.828460313000051, 14.389884297000036 ], [ 120.828478723000103, 14.389897735000035 ], [ 120.82851998700005, 14.389920132000036 ], [ 120.828550660000019, 14.389943993000031 ], [ 120.828562999000042, 14.389957411000065 ], [ 120.828575253000054, 14.38996635500007 ], [ 120.828606058000105, 14.389997663000033 ], [ 120.82864442100005, 14.390030446000019 ], [ 120.828674674000013, 14.390061023000039 ], [ 120.828696770000079, 14.390042815000072 ], [ 120.828849287000011, 14.390139461000045 ], [ 120.829039587000025, 14.389850350000073 ] ] ] } },
{ "type": "Feature", "properties": { "adm1_psgc": 400000000, "adm2_psgc": 402100000, "adm3_psgc": 402120000, "adm4_psgc": 402120034, "adm4_en": "Daang Amaya II", "geo_level": "Bgy", "len_crs": 4273, "area_crs": 872613, "len_km": 4, "area_km2": 0.0 }, "geometry": { "type": "Polygon", "coordinates": [ [ [ 120.850461025000087, 14.400015503000073 ], [ 120.851114883000037, 14.398851271000067 ], [ 120.852081661000042, 14.399792094000075 ], [ 120.852193399000029, 14.399721495000048 ], [ 120.852338890000055, 14.399570807000034 ], [ 120.852999364000098, 14.399665574000037 ], [ 120.85311697500002, 14.399650873000043 ], [ 120.853185581000048, 14.399582267000026 ], [ 120.853224785000066, 14.399479357000072 ], [ 120.853205183000128, 14.399180430000062 ], [ 120.853165980000071, 14.398719789000033 ], [ 120.853087572000049, 14.398577676000057 ], [ 120.853012474000039, 14.398467927000071 ], [ 120.853327709000055, 14.398334938000062 ], [ 120.853780860000029, 14.398246278000048 ], [ 120.854381777000071, 14.398182245000042 ], [ 120.854142745000104, 14.397332757000068 ], [ 120.853765248000059, 14.396032534000028 ], [ 120.853761716, 14.396022649000033 ], [ 120.853290885000092, 14.394704768000055 ], [ 120.85293480200005, 14.393550387000065 ], [ 120.852580625000101, 14.392403754000046 ], [ 120.852452937000081, 14.392315969000039 ], [ 120.852390131000107, 14.392268839000049 ], [ 120.850534596000116, 14.390876440000058 ], [ 120.849893616000031, 14.390437584000042 ], [ 120.848653890000037, 14.38948075900004 ], [ 120.848455021000063, 14.389361844000064 ], [ 120.847060240000019, 14.388292945000046 ], [ 120.846786726000133, 14.388084068000071 ], [ 120.846371579000092, 14.387765740000075 ], [ 120.845862196000098, 14.388768335000064 ], [ 120.845399725000107, 14.389433533000043 ], [ 120.84489924200011, 14.390206430000038 ], [ 120.844481117000115, 14.390744924000048 ], [ 120.844348078000053, 14.391017339000035 ], [ 120.844284725000094, 14.39131509500004 ], [ 120.84432907200005, 14.391486146000036 ], [ 120.844481117000115, 14.39163819100003 ], [ 120.844569811000042, 14.391777566000028 ], [ 120.844525464000071, 14.391910606000065 ], [ 120.844524009000125, 14.391915093000026 ], [ 120.844449441000066, 14.392145009000048 ], [ 120.844316402000103, 14.392297054000039 ], [ 120.844417745000101, 14.392391250000061 ], [ 120.844916089000108, 14.392858886000056 ], [ 120.845121372000108, 14.393050900000041 ], [ 120.846127338000088, 14.394018387000074 ], [ 120.846358578000036, 14.394768783000078 ], [ 120.846392863, 14.394827067000053 ], [ 120.846386006000102, 14.394892209000034 ], [ 120.846320864000063, 14.395073920000069 ], [ 120.846057307000038, 14.395389701000056 ], [ 120.845495726000095, 14.395918563000066 ], [ 120.845317636000118, 14.396305042000057 ], [ 120.845173612000053, 14.396504459000026 ], [ 120.844918801000077, 14.396709416000023 ], [ 120.84476923900003, 14.396864518000026 ], [ 120.844680624000048, 14.397018648000026 ], [ 120.84541928200008, 14.397377754000049 ], [ 120.8454993900001, 14.397416516000018 ], [ 120.846820798000067, 14.39791241700004 ], [ 120.846778547000113, 14.398039171000043 ], [ 120.847140031000109, 14.398170620000029 ], [ 120.847332509000012, 14.398259817000055 ], [ 120.847365466000042, 14.398282407000064 ], [ 120.847384150000053, 14.398320847000038 ], [ 120.850165337000021, 14.400541992000059 ], [ 120.850461025000087, 14.400015503000073 ] ] ] } },
{ "type": "Feature", "properties": { "adm1_psgc": 400000000, "adm2_psgc": 402100000, "adm3_psgc": 402120000, "adm4_psgc": 402120035, "adm4_en": "Daang Amaya III", "geo_level": "Bgy", "len_crs": 1769, "area_crs": 175892, "len_km": 1, "area_km2": 0.0 }, "geometry": { "type": "Polygon", "coordinates": [ [ [ 120.855926864000025, 14.39732555600005 ], [ 120.856232467000055, 14.397068572000023 ], [ 120.856607524000083, 14.396839371000048 ], [ 120.856927017000089, 14.396665733000079 ], [ 120.857197892000045, 14.396367076000043 ], [ 120.857413203000092, 14.395832272000058 ], [ 120.857843824000057, 14.394505681000055 ], [ 120.857683508000036, 14.394445943000051 ], [ 120.857561385000054, 14.394401319000057 ], [ 120.857117715000086, 14.394231470000022 ], [ 120.856184374, 14.393843182000071 ], [ 120.855749253000127, 14.393668658000024 ], [ 120.855597241000055, 14.393616784000079 ], [ 120.854400040000087, 14.39313280500005 ], [ 120.853779709000037, 14.392884234000064 ], [ 120.852580625000101, 14.392403754000046 ], [ 120.85293480200005, 14.393550387000065 ], [ 120.853290885000092, 14.394704768000055 ], [ 120.853761716, 14.396022649000033 ], [ 120.853765248000059, 14.396032534000028 ], [ 120.854142745000104, 14.397332757000068 ], [ 120.855926864000025, 14.39732555600005 ] ] ] } },
{ "type": "Feature", "properties": { "adm1_psgc": 400000000, "adm2_psgc": 402100000, "adm3_psgc": 402120000, "adm4_psgc": 402120036, "adm4_en": "Julugan II", "geo_level": "Bgy", "len_crs": 1411, "area_crs": 103252, "len_km": 1, "area_km2": 0.0 }, "geometry": { "type": "Polygon", "coordinates": [ [ [ 120.848303443000063, 14.405537190000077 ], [ 120.84839315000012, 14.405508996000032 ], [ 120.848856758000011, 14.404614593000071 ], [ 120.849247254000034, 14.403285244000076 ], [ 120.845969710000091, 14.402433095000051 ], [ 120.845669638000118, 14.402565913000046 ], [ 120.844532424000022, 14.402568365000032 ], [ 120.844937487000038, 14.403560474000075 ], [ 120.844572778000042, 14.403734422000067 ], [ 120.846117794000065, 14.404526137000062 ], [ 120.846528368, 14.404686649000041 ], [ 120.847052862000055, 14.404956672000019 ], [ 120.848223380000036, 14.40554865800004 ], [ 120.848303443000063, 14.405537190000077 ] ] ] } },
{ "type": "Feature", "properties": { "adm1_psgc": 400000000, "adm2_psgc": 402100000, "adm3_psgc": 402120000, "adm4_psgc": 402120037, "adm4_en": "Julugan III", "geo_level": "Bgy", "len_crs": 1596, "area_crs": 124820, "len_km": 1, "area_km2": 0.0 }, "geometry": { "type": "Polygon", "coordinates": [ [ [ 120.844069708000021, 14.410639381000063 ], [ 120.844542394000072, 14.410533555000026 ], [ 120.844552098, 14.410524151000057 ], [ 120.844567626000057, 14.41051286500004 ], [ 120.844592860000034, 14.410497815000038 ], [ 120.844606447000047, 14.410486530000069 ], [ 120.844625856000121, 14.410467721000032 ], [ 120.844631678000042, 14.410460199000052 ], [ 120.844651088000106, 14.410445151000038 ], [ 120.84465885200008, 14.410441388000036 ], [ 120.844697673000042, 14.410413173000054 ], [ 120.844722907000104, 14.410398124000038 ], [ 120.844765610000081, 14.410368027000059 ], [ 120.844831613000125, 14.410332289000051 ], [ 120.844913055, 14.410292854000032 ], [ 120.844918865000054, 14.410287224000058 ], [ 120.844976926000072, 14.410245975000068 ], [ 120.844994326, 14.41022348100006 ], [ 120.845000123000105, 14.410212233000035 ], [ 120.845003985000076, 14.410197233000076 ], [ 120.845007844000079, 14.410170979000043 ], [ 120.845007841000097, 14.410161601000031 ], [ 120.845009771000036, 14.410152227000028 ], [ 120.845013632000018, 14.410144737000053 ], [ 120.845021353000121, 14.410137261000044 ], [ 120.845050300000025, 14.410120483000069 ], [ 120.845067652000026, 14.410107427000067 ], [ 120.845090768000105, 14.410083167000041 ], [ 120.845110012000077, 14.410057040000023 ], [ 120.845123457000099, 14.410019682000042 ], [ 120.845134983000108, 14.409995424000044 ], [ 120.845150331000013, 14.409948764000033 ], [ 120.845152207000069, 14.409937610000039 ], [ 120.845167325000034, 14.409904395000069 ], [ 120.845184360000061, 14.409874953000042 ], [ 120.845193761, 14.409852884000033 ], [ 120.84520509700009, 14.409834542000054 ], [ 120.845208845000116, 14.409825365000072 ], [ 120.845214522000106, 14.409818048000034 ], [ 120.845221973000093, 14.409796043000032 ], [ 120.845231343000037, 14.409775917000047 ], [ 120.845254085000064, 14.409757762000023 ], [ 120.845280498000079, 14.409728670000051 ], [ 120.845287896000073, 14.409701200000033 ], [ 120.845295368000066, 14.409682921000069 ], [ 120.845316610000054, 14.409655749000022 ], [ 120.845332327000051, 14.409667165000034 ], [ 120.845363761000044, 14.409678582000026 ], [ 120.845403053000027, 14.409712832000023 ], [ 120.845418770000038, 14.409720443000026 ], [ 120.845447574000104, 14.409728414000027 ], [ 120.845468882000091, 14.409663160000036 ], [ 120.845866695000055, 14.408984536000043 ], [ 120.846362303000106, 14.408206995000057 ], [ 120.845985168000098, 14.407821283000029 ], [ 120.845885175000021, 14.407735995000056 ], [ 120.845744009000114, 14.407662471000037 ], [ 120.845620489000098, 14.407624239000029 ], [ 120.8454940270001, 14.40759188800007 ], [ 120.845410993000101, 14.407605382000042 ], [ 120.845336145000033, 14.407263219000068 ], [ 120.845219738000068, 14.406167917000062 ], [ 120.845175756000103, 14.405787639000042 ], [ 120.84515089200012, 14.405648923000063 ], [ 120.84470604, 14.405738953000025 ], [ 120.843848111000057, 14.406035521000033 ], [ 120.8431914250001, 14.406316201000037 ], [ 120.84238720800009, 14.406610113000053 ], [ 120.842394181000046, 14.406610123000068 ], [ 120.842401925000104, 14.406612021000061 ], [ 120.84242129900008, 14.406610149000075 ], [ 120.842456214000094, 14.406623389000059 ], [ 120.842463980000048, 14.406629056000044 ], [ 120.842479496000024, 14.406636615000021 ], [ 120.842498923000122, 14.40665549600004 ], [ 120.842506707000112, 14.406666822000027 ], [ 120.842514535000092, 14.406689472000039 ], [ 120.842520451000041, 14.40671778700005 ], [ 120.842530260000103, 14.406751770000028 ], [ 120.842542142000084, 14.406819760000076 ], [ 120.842557885000019, 14.40686888000004 ], [ 120.842567742000043, 14.406891564000031 ], [ 120.842585560000089, 14.40694074000004 ], [ 120.842595393000025, 14.406959655000037 ], [ 120.842607148000084, 14.406976673000033 ], [ 120.842618968000025, 14.407001272000063 ], [ 120.842644503000074, 14.407044794000056 ], [ 120.842668180000032, 14.407095927000059 ], [ 120.842681950000042, 14.407120547000034 ], [ 120.842697756, 14.407160338000041 ], [ 120.84273487300004, 14.407228419000027 ], [ 120.842746508000104, 14.407256739000051 ], [ 120.842750365000015, 14.407279403000077 ], [ 120.842758071000063, 14.407303923000029 ], [ 120.842777324000053, 14.407352909000052 ], [ 120.842788873000018, 14.407388714000035 ], [ 120.842798492000043, 14.40741129800006 ], [ 120.842821572000062, 14.40748285600006 ], [ 120.842831181000065, 14.407501638000038 ], [ 120.842848513000035, 14.407546794000043 ], [ 120.842880041000043, 14.407603545000029 ], [ 120.842881996000074, 14.40761109500005 ], [ 120.842893676, 14.407635655000032 ], [ 120.842918958000041, 14.407681005000033 ], [ 120.842920919000107, 14.407690440000067 ], [ 120.842946217000076, 14.407760309000023 ], [ 120.842948159000116, 14.407771638000037 ], [ 120.842952039000025, 14.407779194000058 ], [ 120.842957862000034, 14.407803740000075 ], [ 120.842988887000061, 14.407858499000042 ], [ 120.842992765000076, 14.407871710000052 ], [ 120.843010289000063, 14.407901897000048 ], [ 120.843016177000095, 14.407918874000075 ], [ 120.843023994000092, 14.407933966000025 ], [ 120.843051323000054, 14.407979248000061 ], [ 120.84306696200008, 14.408009442000036 ], [ 120.843088435000027, 14.40804341000006 ], [ 120.843098238000039, 14.408064176000041 ], [ 120.843104144000122, 14.408081172000035 ], [ 120.843108121000114, 14.408100062000074 ], [ 120.843112050000059, 14.408109506000072 ], [ 120.843117999000015, 14.408134071000067 ], [ 120.843118230000087, 14.408177567000049 ], [ 120.843116360000053, 14.408190814000019 ], [ 120.843112518000098, 14.408198390000051 ], [ 120.843106736000109, 14.408205972000079 ], [ 120.843085422000073, 14.40821358800002 ], [ 120.843077667000102, 14.408213609000031 ], [ 120.843067975000054, 14.408217416000067 ], [ 120.84306216800006, 14.408223106000039 ], [ 120.843056372000106, 14.408230692000075 ], [ 120.843054476, 14.408240168000079 ], [ 120.843054540000026, 14.408253429000068 ], [ 120.843058472000067, 14.40826289300003 ], [ 120.843056603000022, 14.408278058000066 ], [ 120.843052735000029, 14.408281859000056 ], [ 120.843033341, 14.408291389000054 ], [ 120.843006237000068, 14.408318015000079 ], [ 120.842996543000027, 14.408325632000066 ], [ 120.842984926000113, 14.408338950000031 ], [ 120.842977165000079, 14.408344667000049 ], [ 120.842973304000097, 14.40835227300005 ], [ 120.842971438000063, 14.408371266000074 ], [ 120.842977312000031, 14.408378843000042 ], [ 120.842989001000092, 14.408380704000026 ], [ 120.842994832000045, 14.408378785000021 ], [ 120.843006476000028, 14.408371153000074 ], [ 120.843035509000075, 14.408338798000051 ], [ 120.843043270000067, 14.408334981000051 ], [ 120.843076863000064, 14.408355097000026 ], [ 120.843084676000103, 14.40835700100007 ], [ 120.843110061000061, 14.408357035000048 ], [ 120.843166680000081, 14.40837031500007 ], [ 120.843201817000022, 14.408381678000067 ], [ 120.843229153000038, 14.408398692000047 ], [ 120.843262361000043, 14.408428923000031 ], [ 120.843291675000032, 14.408461042000058 ], [ 120.843297544000066, 14.408470488000036 ], [ 120.843305379000071, 14.40848749100007 ], [ 120.843313200000011, 14.408496940000079 ], [ 120.843324947000028, 14.408517728000044 ], [ 120.843340601000023, 14.408540411000049 ], [ 120.843350396, 14.408559315000048 ], [ 120.843362158000105, 14.408589573000029 ], [ 120.843368026000022, 14.408599031000048 ], [ 120.843379784000035, 14.408629299000037 ], [ 120.843393487000071, 14.408655787000045 ], [ 120.843401312000083, 14.408667140000038 ], [ 120.843409151000074, 14.408686064000053 ], [ 120.843415018000087, 14.408693633000038 ], [ 120.843440415000032, 14.408740939000037 ], [ 120.843444319000014, 14.408752292000029 ], [ 120.843457953000097, 14.408778771000073 ], [ 120.84347159900004, 14.408812815000029 ], [ 120.84348137500001, 14.408850653000059 ], [ 120.843485268000109, 14.408858214000077 ], [ 120.843493080000044, 14.40888469500004 ], [ 120.843502824000083, 14.408909272000072 ], [ 120.843514548000016, 14.408933861000037 ], [ 120.843518481000046, 14.408947116000036 ], [ 120.843526297000025, 14.408962248000023 ], [ 120.843530222000027, 14.408973608000053 ], [ 120.84353413000008, 14.408981175000061 ], [ 120.84353606600007, 14.40898116300002 ], [ 120.843544783000084, 14.409037388000058 ], [ 120.843554567000069, 14.409058219000032 ], [ 120.843576095000117, 14.409096106000046 ], [ 120.843583913000089, 14.409124479000068 ], [ 120.843587826000103, 14.409132053000061 ], [ 120.843595646000054, 14.409156648000017 ], [ 120.843603471000065, 14.409173684000052 ], [ 120.843619113000045, 14.409219093000047 ], [ 120.843630849000078, 14.409241808000044 ], [ 120.843654297000057, 14.409308008000039 ], [ 120.84365820700009, 14.409315576000038 ], [ 120.843709023000088, 14.40947262800006 ], [ 120.843718800000048, 14.409499130000027 ], [ 120.843730534000102, 14.409525631000063 ], [ 120.843738356000031, 14.409538879000028 ], [ 120.84375009300004, 14.409578644000021 ], [ 120.84375596100007, 14.409591889000069 ], [ 120.84377553000003, 14.409662004000035 ], [ 120.843777491000083, 14.409677179000026 ], [ 120.843785324000024, 14.409705641000068 ], [ 120.843787287000055, 14.40972082600007 ], [ 120.843806879000098, 14.40977589700003 ], [ 120.843846090000056, 14.409861435000037 ], [ 120.843853945000106, 14.409886166000033 ], [ 120.843869649000112, 14.409922327000057 ], [ 120.843875536000041, 14.409931845000077 ], [ 120.843895150000094, 14.409979319000062 ], [ 120.843914758000096, 14.41003244700005 ], [ 120.843938279000099, 14.410070393000071 ], [ 120.843942203000097, 14.410091002000055 ], [ 120.843948083000114, 14.410098591000065 ], [ 120.843969646000133, 14.410138436000066 ], [ 120.843977488000078, 14.410157410000068 ], [ 120.843995131000028, 14.410191562000023 ], [ 120.844016693000086, 14.410225714000036 ], [ 120.84403041500002, 14.410252277000041 ], [ 120.844050016000097, 14.410282634000055 ], [ 120.844067659000075, 14.410318684000064 ], [ 120.844075502000024, 14.410337658000058 ], [ 120.844077464000051, 14.41034904300005 ], [ 120.844081385000109, 14.410356633000047 ], [ 120.844091191000075, 14.41039268500003 ], [ 120.844112759000055, 14.410449608000018 ], [ 120.844112762, 14.410460994000063 ], [ 120.844102970000122, 14.410476177000078 ], [ 120.844087299000066, 14.410485669000025 ], [ 120.844061831000104, 14.410495164000054 ], [ 120.844046159000087, 14.410502759000051 ], [ 120.844034406000105, 14.410514147000073 ], [ 120.844028531000049, 14.41052363700004 ], [ 120.844022660000078, 14.41054641000005 ], [ 120.84402463000005, 14.410584362000067 ], [ 120.844030514000096, 14.410607132000051 ], [ 120.84404227600011, 14.41062990000006 ], [ 120.844048155000095, 14.410635591000069 ], [ 120.844061871, 14.410639383000042 ], [ 120.844069708000021, 14.410639381000063 ] ] ] } },
{ "type": "Feature", "properties": { "adm1_psgc": 400000000, "adm2_psgc": 402100000, "adm3_psgc": 402120000, "adm4_psgc": 402120038, "adm4_en": "Julugan IV", "geo_level": "Bgy", "len_crs": 986, "area_crs": 51485, "len_km": 0, "area_km2": 0.0 }, "geometry": { "type": "Polygon", "coordinates": [ [ [ 120.841798783000073, 14.403644657000029 ], [ 120.843467064000052, 14.403093021000071 ], [ 120.844158649000065, 14.402843656000073 ], [ 120.84382848700011, 14.402130767000072 ], [ 120.843653609000043, 14.401664645000036 ], [ 120.841871143000063, 14.402176978000059 ], [ 120.84186655800012, 14.402177807000042 ], [ 120.840613806000079, 14.402537535000022 ], [ 120.840621762000069, 14.402561596000055 ], [ 120.840631571000017, 14.402610932000069 ], [ 120.840635503000044, 14.402664064000072 ], [ 120.840641388000122, 14.402692527000054 ], [ 120.84064727000009, 14.402707706000053 ], [ 120.84064727100008, 14.402711502000045 ], [ 120.840659033000065, 14.402738066000044 ], [ 120.840666878000093, 14.402768426000023 ], [ 120.840676687000027, 14.402817762000042 ], [ 120.84069234400009, 14.40283732100005 ], [ 120.84070016500003, 14.402856396000061 ], [ 120.840704072000094, 14.402860241000045 ], [ 120.840707980000047, 14.402867878000054 ], [ 120.840721655000038, 14.402915443000042 ], [ 120.840723610000055, 14.402928734000053 ], [ 120.840747023000063, 14.403002868000049 ], [ 120.840754823000125, 14.403035133000063 ], [ 120.840764564000111, 14.403063610000059 ], [ 120.84078216200011, 14.40315828400003 ], [ 120.840799706000112, 14.403222676000038 ], [ 120.840807490000103, 14.40324350600002 ], [ 120.840815275000082, 14.403277569000062 ], [ 120.840824997000013, 14.403298381000065 ], [ 120.840846362000093, 14.403321074000074 ], [ 120.840854126000067, 14.403326743000035 ], [ 120.840869642000044, 14.403332407000047 ], [ 120.840887082000108, 14.403334290000029 ], [ 120.840892894000035, 14.403338064000025 ], [ 120.840896766000029, 14.403338062000044 ], [ 120.840921924000114, 14.403353144000054 ], [ 120.840943188000097, 14.403368213000025 ], [ 120.840948984000079, 14.403373863000068 ], [ 120.840968294000049, 14.403400222000075 ], [ 120.840981819000035, 14.403428461000034 ], [ 120.840985717000095, 14.403449186000048 ], [ 120.840985733000039, 14.40345672700005 ], [ 120.840993502000074, 14.403484981000075 ], [ 120.840995457000062, 14.403498172000068 ], [ 120.841007080000068, 14.403526403000056 ], [ 120.841009035000084, 14.40353959300006 ], [ 120.84101484700011, 14.403554648000068 ], [ 120.841020684000114, 14.403581016000032 ], [ 120.841030392000093, 14.403613020000021 ], [ 120.841043976000037, 14.40364877800004 ], [ 120.841045931000053, 14.403660084000025 ], [ 120.841061455000045, 14.403701480000052 ], [ 120.841075006000096, 14.403725903000062 ], [ 120.841084697000042, 14.403748465000033 ], [ 120.841094545000047, 14.403788116000044 ], [ 120.841102415000023, 14.403810800000027 ], [ 120.841103182000097, 14.40381444100006 ], [ 120.841798783000073, 14.403644657000029 ] ] ] } },
{ "type": "Feature", "properties": { "adm1_psgc": 400000000, "adm2_psgc": 402100000, "adm3_psgc": 402120000, "adm4_psgc": 402120039, "adm4_en": "Julugan V", "geo_level": "Bgy", "len_crs": 2988, "area_crs": 212516, "len_km": 2, "area_km2": 0.0 }, "geometry": { "type": "Polygon", "coordinates": [ [ [ 120.842393470000047, 14.404068185000028 ], [ 120.843382374000058, 14.403822356000035 ], [ 120.843896889000021, 14.403714888000026 ], [ 120.844045350000101, 14.403703167000062 ], [ 120.84428366900012, 14.403718795000032 ], [ 120.844572778000042, 14.403734422000067 ], [ 120.844937487000038, 14.403560474000075 ], [ 120.844532424000022, 14.402568365000032 ], [ 120.845669638000118, 14.402565913000046 ], [ 120.845969710000091, 14.402433095000051 ], [ 120.849247254000034, 14.403285244000076 ], [ 120.849509822000059, 14.402500684000072 ], [ 120.849939981000034, 14.40121535900005 ], [ 120.850165337000021, 14.400541992000059 ], [ 120.847384150000053, 14.398320847000038 ], [ 120.847385686000052, 14.398353179000029 ], [ 120.847371532000011, 14.398387555000056 ], [ 120.847299647000114, 14.398546188000061 ], [ 120.847182282000063, 14.398757444000065 ], [ 120.847019692000103, 14.39932983800003 ], [ 120.846933469000092, 14.399649417000035 ], [ 120.846863050000024, 14.399799644000041 ], [ 120.846619858000054, 14.400336884000064 ], [ 120.846206368000026, 14.401407539000047 ], [ 120.845325293000073, 14.401311513000053 ], [ 120.844053970000132, 14.401481506000041 ], [ 120.843653609000043, 14.401664645000036 ], [ 120.84382848700011, 14.402130767000072 ], [ 120.844158649000065, 14.402843656000073 ], [ 120.843467064000052, 14.403093021000071 ], [ 120.841798783000073, 14.403644657000029 ], [ 120.841103182000097, 14.40381444100006 ], [ 120.841106406000108, 14.403829734000052 ], [ 120.841106475000046, 14.40383922400002 ], [ 120.841112173000042, 14.403863261000025 ], [ 120.841127755000116, 14.403902801000061 ], [ 120.841139458000043, 14.403951742000055 ], [ 120.841195985000013, 14.404096835000077 ], [ 120.841201833000028, 14.404108145000068 ], [ 120.841205779, 14.404134513000034 ], [ 120.841217534000066, 14.404172216000061 ], [ 120.841229270000099, 14.404198627000028 ], [ 120.841244959000051, 14.404245822000066 ], [ 120.841280186000077, 14.404311958000052 ], [ 120.841319458000044, 14.404416045000064 ], [ 120.841323386000113, 14.404429298000021 ], [ 120.841329298000119, 14.404461493000044 ], [ 120.841331292000064, 14.404489902000025 ], [ 120.841339152000046, 14.404525890000059 ], [ 120.841343069000132, 14.404535358000032 ], [ 120.841360732000098, 14.404597882000077 ], [ 120.841366609000033, 14.404611143000063 ], [ 120.841367835000028, 14.404614998000053 ], [ 120.842393470000047, 14.404068185000028 ] ] ] } },
{ "type": "Feature", "properties": { "adm1_psgc": 400000000, "adm2_psgc": 402100000, "adm3_psgc": 402120000, "adm4_psgc": 402120040, "adm4_en": "Julugan VI", "geo_level": "Bgy", "len_crs": 2300, "area_crs": 217513, "len_km": 2, "area_km2": 0.0 }, "geometry": { "type": "Polygon", "coordinates": [ [ [ 120.84186655800012, 14.402177807000042 ], [ 120.841871143000063, 14.402176978000059 ], [ 120.843653609000043, 14.401664645000036 ], [ 120.844053970000132, 14.401481506000041 ], [ 120.845325293000073, 14.401311513000053 ], [ 120.846206368000026, 14.401407539000047 ], [ 120.846619858000054, 14.400336884000064 ], [ 120.846863050000024, 14.399799644000041 ], [ 120.846933469000092, 14.399649417000035 ], [ 120.847019692000103, 14.39932983800003 ], [ 120.847182282000063, 14.398757444000065 ], [ 120.847299647000114, 14.398546188000061 ], [ 120.847371532000011, 14.398387555000056 ], [ 120.847385686000052, 14.398353179000029 ], [ 120.847384150000053, 14.398320847000038 ], [ 120.847365466000042, 14.398282407000064 ], [ 120.847332509000012, 14.398259817000055 ], [ 120.847140031000109, 14.398170620000029 ], [ 120.846778547000113, 14.398039171000043 ], [ 120.846820798000067, 14.39791241700004 ], [ 120.8454993900001, 14.397416516000018 ], [ 120.84541928200008, 14.397377754000049 ], [ 120.844680624000048, 14.397018648000026 ], [ 120.843480390000082, 14.397501492000053 ], [ 120.843313409000075, 14.398043657000077 ], [ 120.843157356, 14.398129487000059 ], [ 120.842993500000034, 14.398273836000037 ], [ 120.842915473000076, 14.398371369000074 ], [ 120.84287646000007, 14.39848450700004 ], [ 120.842563821000113, 14.398821953000036 ], [ 120.842600484000059, 14.398887025000018 ], [ 120.842664616000107, 14.398989911000054 ], [ 120.842874800000118, 14.399548399000027 ], [ 120.843224059000022, 14.40049619800004 ], [ 120.84313085000008, 14.400536977000057 ], [ 120.843020165000098, 14.400548628000024 ], [ 120.842906566000011, 14.40057775600007 ], [ 120.842638592000071, 14.400735045000031 ], [ 120.842152159000079, 14.401099142000076 ], [ 120.840382618000049, 14.401550250000069 ], [ 120.840346776000061, 14.401559387000081 ], [ 120.840360278000063, 14.401587585000073 ], [ 120.840366155000098, 14.401606673000062 ], [ 120.840370072000056, 14.401614310000067 ], [ 120.840372033000122, 14.401623858000054 ], [ 120.840399481000077, 14.401686915000028 ], [ 120.840405368, 14.401702213000021 ], [ 120.840409291000014, 14.401719296000069 ], [ 120.840433475000069, 14.401781721000079 ], [ 120.840439360000104, 14.401812081000058 ], [ 120.84045308500005, 14.401851928000045 ], [ 120.840462891000016, 14.401891776000072 ], [ 120.840464855000064, 14.401906956000058 ], [ 120.840464859, 14.401924035000032 ], [ 120.840472709000082, 14.401973371000054 ], [ 120.840486457000111, 14.402100508000048 ], [ 120.840494304000117, 14.402142253000026 ], [ 120.840509996000023, 14.402210564000029 ], [ 120.840519813000014, 14.402294057000063 ], [ 120.840519816000082, 14.402305442000054 ], [ 120.840523739000091, 14.402320622000042 ], [ 120.840537461000054, 14.402349083000043 ], [ 120.840543344000011, 14.402369956000024 ], [ 120.84055902700004, 14.402406006000035 ], [ 120.840562949000059, 14.402419289000019 ], [ 120.840580591000048, 14.402455339000026 ], [ 120.840606076000086, 14.402514159000075 ], [ 120.840613806000079, 14.402537535000022 ], [ 120.84186655800012, 14.402177807000042 ] ] ] } },
{ "type": "Feature", "properties": { "adm1_psgc": 400000000, "adm2_psgc": 402100000, "adm3_psgc": 402120000, "adm4_psgc": 402120041, "adm4_en": "Julugan VII", "geo_level": "Bgy", "len_crs": 1005, "area_crs": 58415, "len_km": 1, "area_km2": 0.0 }, "geometry": { "type": "Polygon", "coordinates": [ [ [ 120.840382618000049, 14.401550250000069 ], [ 120.842152159000079, 14.401099142000076 ], [ 120.842638592000071, 14.400735045000031 ], [ 120.842906566000011, 14.40057775600007 ], [ 120.843020165000098, 14.400548628000024 ], [ 120.84313085000008, 14.400536977000057 ], [ 120.843224059000022, 14.40049619800004 ], [ 120.842874800000118, 14.399548399000027 ], [ 120.842664616000107, 14.398989911000054 ], [ 120.842600484000059, 14.398887025000018 ], [ 120.842563821000113, 14.398821953000036 ], [ 120.842330354000083, 14.398958590000065 ], [ 120.8399499410001, 14.40035264200003 ], [ 120.83995048700001, 14.400355019000074 ], [ 120.839966173000093, 14.400404353000056 ], [ 120.840017310000022, 14.400503204000076 ], [ 120.84005284300008, 14.400594474000055 ], [ 120.840076496000052, 14.400679850000072 ], [ 120.840080408000048, 14.400702575000023 ], [ 120.840086292000038, 14.400723414000021 ], [ 120.840101990000122, 14.400766990000028 ], [ 120.840133422000022, 14.400867352000031 ], [ 120.840147166000051, 14.40090330100003 ], [ 120.840158946000088, 14.400952476000041 ], [ 120.84018634600011, 14.401052699000047 ], [ 120.840229284000074, 14.401183327000066 ], [ 120.84024491300012, 14.401223087000059 ], [ 120.840260540000045, 14.401270454000041 ], [ 120.840268360000096, 14.401285591000029 ], [ 120.840284013000087, 14.401325276000023 ], [ 120.840305522000108, 14.401372540000066 ], [ 120.84032506000004, 14.40142950200004 ], [ 120.840334834000018, 14.401469423000037 ], [ 120.840342660000019, 14.401537991000058 ], [ 120.840346575000027, 14.401558968000074 ], [ 120.840346776000061, 14.401559387000081 ], [ 120.840382618000049, 14.401550250000069 ] ] ] } },
{ "type": "Feature", "properties": { "adm1_psgc": 400000000, "adm2_psgc": 402100000, "adm3_psgc": 402120000, "adm4_psgc": 402120042, "adm4_en": "Julugan VIII", "geo_level": "Bgy", "len_crs": 4398, "area_crs": 473580, "len_km": 4, "area_km2": 0.0 }, "geometry": { "type": "Polygon", "coordinates": [ [ [ 120.842330354000083, 14.398958590000065 ], [ 120.842563821000113, 14.398821953000036 ], [ 120.84287646000007, 14.39848450700004 ], [ 120.842915473000076, 14.398371369000074 ], [ 120.842993500000034, 14.398273836000037 ], [ 120.843157356, 14.398129487000059 ], [ 120.843313409000075, 14.398043657000077 ], [ 120.843480390000082, 14.397501492000053 ], [ 120.844680624000048, 14.397018648000026 ], [ 120.84476923900003, 14.396864518000026 ], [ 120.844918801000077, 14.396709416000023 ], [ 120.845173612000053, 14.396504459000026 ], [ 120.845317636000118, 14.396305042000057 ], [ 120.845495726000095, 14.395918563000066 ], [ 120.846057307000038, 14.395389701000056 ], [ 120.846320864000063, 14.395073920000069 ], [ 120.846386006000102, 14.394892209000034 ], [ 120.846392863, 14.394827067000053 ], [ 120.846358578000036, 14.394768783000078 ], [ 120.846127338000088, 14.394018387000074 ], [ 120.845121372000108, 14.393050900000041 ], [ 120.844916089000108, 14.392858886000056 ], [ 120.844417745000101, 14.392391250000061 ], [ 120.844316402000103, 14.392297054000039 ], [ 120.844094669000029, 14.392594810000048 ], [ 120.843841260000104, 14.392810207000025 ], [ 120.843581516000086, 14.392911571000072 ], [ 120.843429470000046, 14.392943247000062 ], [ 120.843334442000028, 14.39310796300003 ], [ 120.843255372000058, 14.393333303000077 ], [ 120.843093703000022, 14.393431059000024 ], [ 120.843017681000106, 14.393456400000051 ], [ 120.842890976000035, 14.39344373000006 ], [ 120.842732596000019, 14.393386713000041 ], [ 120.842561718000084, 14.393432798000047 ], [ 120.842149755000037, 14.393760491000025 ], [ 120.842004045000067, 14.393830178000028 ], [ 120.841823208000051, 14.39380205300006 ], [ 120.841623932000076, 14.393811173000074 ], [ 120.841269325000084, 14.394097457000047 ], [ 120.841010847000021, 14.39439286100003 ], [ 120.840889046000029, 14.394476371000048 ], [ 120.840727751000045, 14.394466712000055 ], [ 120.840506198000071, 14.394392861000027 ], [ 120.84040123300008, 14.394406684000046 ], [ 120.840260028000102, 14.394503637000069 ], [ 120.840236518000097, 14.394691769000078 ], [ 120.840383113000016, 14.394897509000032 ], [ 120.840592358000094, 14.395192913000072 ], [ 120.840559614000085, 14.395293615000075 ], [ 120.840432909000029, 14.395388643000043 ], [ 120.840182213000034, 14.395440374000033 ], [ 120.84003379, 14.395471001000033 ], [ 120.839602995000064, 14.39552801800005 ], [ 120.839286234000042, 14.395451996000078 ], [ 120.838992253000015, 14.395242147000035 ], [ 120.838038195000081, 14.39471077400003 ], [ 120.837886150000031, 14.394641087000021 ], [ 120.83765808200009, 14.394590405000036 ], [ 120.837372996000113, 14.39467909800004 ], [ 120.837144928000058, 14.394634752000059 ], [ 120.836731492000013, 14.394476751000072 ], [ 120.83362829500004, 14.392431146000032 ], [ 120.833238655000073, 14.392389399000017 ], [ 120.832948936000093, 14.39242217300005 ], [ 120.832901059000065, 14.392628666000068 ], [ 120.832667787000119, 14.392494083000026 ], [ 120.832620746000089, 14.392569698000043 ], [ 120.832630282000068, 14.392576341000046 ], [ 120.832642661000023, 14.392586772000072 ], [ 120.832688898, 14.392610605000071 ], [ 120.832705880000034, 14.392621039000064 ], [ 120.832738238000047, 14.39263593900006 ], [ 120.832759627000087, 14.392653460000073 ], [ 120.832791875000112, 14.392674207000024 ], [ 120.832821064000086, 14.392697944000078 ], [ 120.83285640400004, 14.392720217000033 ], [ 120.832864085000082, 14.39272319200006 ], [ 120.832885607000108, 14.392739523000046 ], [ 120.832911767000041, 14.392769210000042 ], [ 120.832924100000028, 14.392788504000062 ], [ 120.832930285000089, 14.392803344000068 ], [ 120.83293031900007, 14.392815218000065 ], [ 120.832924201000083, 14.392825605000038 ], [ 120.83290425000007, 14.392838959000073 ], [ 120.832891957000015, 14.392843407000045 ], [ 120.832885813000075, 14.39284786200005 ], [ 120.832865855, 14.39287611900005 ], [ 120.832864328000042, 14.392885053000045 ], [ 120.832867418000106, 14.392892501000063 ], [ 120.832899869, 14.392950644000054 ], [ 120.832909134000047, 14.392959596000024 ], [ 120.832921480000095, 14.392967058000071 ], [ 120.83294774, 14.392989452000048 ], [ 120.832953951000036, 14.393005884000045 ], [ 120.832957085000103, 14.393023820000053 ], [ 120.832960195000055, 14.393032791000053 ], [ 120.832972611000059, 14.393058219000068 ], [ 120.832981921000055, 14.393074682000071 ], [ 120.832997414000033, 14.393092647000064 ], [ 120.833012931000098, 14.393115117000038 ], [ 120.833037735000076, 14.393137602000019 ], [ 120.83309197500013, 14.393172098000036 ], [ 120.83318300100008, 14.393219888000035 ], [ 120.833221424000058, 14.393243711000023 ], [ 120.833264375000113, 14.393265976000064 ], [ 120.833285850000038, 14.393279352000036 ], [ 120.833296567000048, 14.393283786000042 ], [ 120.83332568700007, 14.393300109000052 ], [ 120.833351686, 14.393310440000054 ], [ 120.833377637000027, 14.393317763000027 ], [ 120.833402017000026, 14.393322092000062 ], [ 120.833438463000107, 14.39332033800002 ], [ 120.83345814300003, 14.393315709000031 ], [ 120.833468710000048, 14.393311146000032 ], [ 120.833476234000045, 14.39330660300004 ], [ 120.833485177000057, 14.393294570000023 ], [ 120.83348943700004, 14.393269132000057 ], [ 120.833492071000038, 14.393233280000064 ], [ 120.833491942000023, 14.393221345000033 ], [ 120.833488780000039, 14.393207938000048 ], [ 120.833471828000029, 14.393175221000034 ], [ 120.833442743000106, 14.393142543000064 ], [ 120.833429028000069, 14.39313364600002 ], [ 120.833418382000104, 14.393129208000062 ], [ 120.833378849000056, 14.393117393000066 ], [ 120.83333153, 14.393093645000024 ], [ 120.83331165200002, 14.393081754000036 ], [ 120.833276506000061, 14.393065407000051 ], [ 120.833270402000039, 14.393063925000032 ], [ 120.833239753000029, 14.39304308100003 ], [ 120.833210554000075, 14.393014769000043 ], [ 120.833189012000062, 14.392990923000072 ], [ 120.833179746000027, 14.392976020000047 ], [ 120.833176628000047, 14.392967081000048 ], [ 120.833171761000031, 14.392926890000073 ], [ 120.833137731000093, 14.392858457000049 ], [ 120.833116093000058, 14.392825773000023 ], [ 120.833094324000058, 14.392773877000021 ], [ 120.833088095000107, 14.392753131000063 ], [ 120.833071087, 14.392719062000024 ], [ 120.833051057000034, 14.392689443000052 ], [ 120.833015692000131, 14.392650956000068 ], [ 120.832998773000114, 14.392627290000068 ], [ 120.832997220000038, 14.392619900000053 ], [ 120.832998735000047, 14.392613992000067 ], [ 120.833003313000077, 14.39260808700004 ], [ 120.833017068000117, 14.392599240000044 ], [ 120.833029306000086, 14.392596299000049 ], [ 120.833036960000086, 14.392596307000076 ], [ 120.83305074700003, 14.392599274000077 ], [ 120.833087543000033, 14.392615555000075 ], [ 120.833127439000023, 14.392639229000055 ], [ 120.833150369000023, 14.392657092000038 ], [ 120.833183937000072, 14.392677979000041 ], [ 120.833196129000044, 14.392683958000077 ], [ 120.83322358000008, 14.392703315000064 ], [ 120.833263173000077, 14.39272567500006 ], [ 120.833295163000116, 14.392749458000031 ], [ 120.833311898000019, 14.392759871000059 ], [ 120.833319491000125, 14.392762857000037 ], [ 120.833339265000063, 14.392776230000042 ], [ 120.833349911000013, 14.392782175000038 ], [ 120.833359015000042, 14.392785162000047 ], [ 120.833394010000021, 14.392808900000031 ], [ 120.833439448000036, 14.392832942000043 ], [ 120.83344711300002, 14.392834469000034 ], [ 120.833491515000105, 14.39285539100007 ], [ 120.833531273000077, 14.392883631000077 ], [ 120.833558784000047, 14.392900003000022 ], [ 120.833635097000055, 14.392957830000055 ], [ 120.833662543000059, 14.392974158000074 ], [ 120.833702157000062, 14.393005235000032 ], [ 120.833744782000068, 14.393033353000027 ], [ 120.833854176000045, 14.393096951000079 ], [ 120.833873908000101, 14.393116117000032 ], [ 120.833907241, 14.393138253000075 ], [ 120.833987418000106, 14.393198636000015 ], [ 120.834004023000034, 14.393207464000049 ], [ 120.834019104000049, 14.393213350000053 ], [ 120.83402665100003, 14.393219228000078 ], [ 120.834059804000063, 14.39323538900004 ], [ 120.834065833000082, 14.393239793000079 ], [ 120.834071850000115, 14.393241261000069 ], [ 120.834088414, 14.393251533000067 ], [ 120.834132018000105, 14.393273519000045 ], [ 120.834153058000084, 14.393286700000026 ], [ 120.834181526000066, 14.393298395000047 ], [ 120.834197996000057, 14.393307164000076 ], [ 120.834274302000054, 14.39336264800005 ], [ 120.834324990000027, 14.393388824000056 ], [ 120.834353374000102, 14.393419429000064 ], [ 120.834371324000017, 14.39344421100003 ], [ 120.834375856000065, 14.393457353000032 ], [ 120.834381065000116, 14.393491165000054 ], [ 120.834387304000074, 14.393502927000045 ], [ 120.834394834000022, 14.393507305000075 ], [ 120.834392268000101, 14.39351962600005 ], [ 120.834396778000055, 14.39352690400006 ], [ 120.834410394000088, 14.393531326000071 ], [ 120.83443008100005, 14.39352997400005 ], [ 120.834455777000016, 14.393534453000026 ], [ 120.83447389200002, 14.393541790000025 ], [ 120.834479926000085, 14.393546169000045 ], [ 120.834540263000022, 14.393575385000075 ], [ 120.834547804000053, 14.393576855000049 ], [ 120.834612656000104, 14.393603138000058 ], [ 120.834645827000031, 14.393614826000029 ], [ 120.83464885, 14.39361773900003 ], [ 120.834654878000023, 14.393619203000071 ], [ 120.8346986560001, 14.393639616000026 ], [ 120.834736453000133, 14.393662950000078 ], [ 120.834757615000058, 14.39367316600004 ], [ 120.834781840000133, 14.393689224000067 ], [ 120.834816643000067, 14.393706754000046 ], [ 120.834872654000051, 14.393741845000017 ], [ 120.834884762000129, 14.393750622000029 ], [ 120.834896900000089, 14.393762329000028 ], [ 120.834903001000058, 14.393771113000069 ], [ 120.834915335000119, 14.393800421000035 ], [ 120.834919908000074, 14.393806284000052 ], [ 120.834926019000022, 14.393819477000019 ], [ 120.834935150000092, 14.393834138000047 ], [ 120.834948816000065, 14.393851730000051 ], [ 120.835009272000093, 14.393894190000022 ], [ 120.835050033000016, 14.393919059000039 ], [ 120.835117996, 14.393965881000046 ], [ 120.83513615600009, 14.393981993000063 ], [ 120.835158913000114, 14.394006916000018 ], [ 120.835193770000046, 14.394040630000063 ], [ 120.83524519400008, 14.39407430900008 ], [ 120.8352663390001, 14.394086009000036 ], [ 120.835319128000023, 14.39411083000005 ], [ 120.83532971800004, 14.394118153000024 ], [ 120.835344911000092, 14.394132829000055 ], [ 120.835350944000083, 14.394135749000043 ], [ 120.8353949010001, 14.394168010000042 ], [ 120.835400914000033, 14.394169455000055 ], [ 120.835422082000051, 14.394181166000067 ], [ 120.835437268000092, 14.394192911000063 ], [ 120.835459961000097, 14.394206092000049 ], [ 120.835484271000041, 14.394225185000039 ], [ 120.835491929000128, 14.394234022000036 ], [ 120.835501948000115, 14.394256580000045 ], [ 120.835504975000049, 14.394259502000066 ], [ 120.835520115, 14.394285775000071 ], [ 120.835532240000035, 14.394313517000056 ], [ 120.835547403000078, 14.394341302000045 ], [ 120.835565597000027, 14.394361810000072 ], [ 120.835592907000091, 14.394396973000029 ], [ 120.835612625000081, 14.394414576000031 ], [ 120.835618697000072, 14.394421907000037 ], [ 120.835644530000096, 14.394458570000037 ], [ 120.835697664000023, 14.394508493000043 ], [ 120.835734069000068, 14.394536405000052 ], [ 120.835775055000113, 14.39457459800008 ], [ 120.835793261000049, 14.394589288000073 ], [ 120.835825229000079, 14.394633384000031 ], [ 120.835848026, 14.394656905000035 ], [ 120.835883036000027, 14.394701031000068 ], [ 120.835904322000047, 14.394726034000028 ], [ 120.83592253900008, 14.394743674000035 ], [ 120.835925598000017, 14.394749564000048 ], [ 120.835948347000112, 14.394768663000036 ], [ 120.835987817000046, 14.394806880000033 ], [ 120.835993916, 14.39481571400006 ], [ 120.836051437000037, 14.394872947000072 ], [ 120.836068024000042, 14.394884640000043 ], [ 120.8360841880001, 14.394907526000056 ], [ 120.836103988000104, 14.394923756000026 ], [ 120.836134417000054, 14.394954684000027 ], [ 120.836172457000075, 14.394981235000049 ], [ 120.836186131000105, 14.394995943000028 ], [ 120.836205888000094, 14.395012136000048 ], [ 120.836239347000074, 14.395034269000062 ], [ 120.836256070000104, 14.395047534000071 ], [ 120.836281897000049, 14.39506376000003 ], [ 120.836297074000058, 14.395075533000069 ], [ 120.836318303000112, 14.395094635000074 ], [ 120.83636221900008, 14.395138644000042 ], [ 120.8363667550001, 14.395150350000053 ], [ 120.83636372, 14.395167890000037 ], [ 120.836359172000016, 14.395178121000065 ], [ 120.836347054000043, 14.395194209000067 ], [ 120.836327343000121, 14.39521030300005 ], [ 120.836318239000093, 14.395220556000032 ], [ 120.836306095000054, 14.395239610000035 ], [ 120.836306097000033, 14.395248406000063 ], [ 120.836312176000106, 14.395260130000054 ], [ 120.836319768000081, 14.395264522000048 ], [ 120.836330391000047, 14.395265978000053 ], [ 120.836354648000111, 14.395265958000039 ], [ 120.836360707000054, 14.395267417000074 ], [ 120.836380387000077, 14.395276178000076 ], [ 120.836397023, 14.395286395000026 ], [ 120.836470946000091, 14.395346123000024 ], [ 120.836520560000054, 14.395392604000049 ], [ 120.836532566000074, 14.395401292000031 ], [ 120.836543066000104, 14.39541289500005 ], [ 120.836582068000098, 14.395443334000054 ], [ 120.836589575000048, 14.395447689000035 ], [ 120.836603087000071, 14.395459311000025 ], [ 120.836607590000071, 14.395465124000054 ], [ 120.836637605000078, 14.395485444000034 ], [ 120.836658607000118, 14.395497046000061 ], [ 120.836673607000066, 14.395510110000028 ], [ 120.836711142000027, 14.395534814000026 ], [ 120.836717165000096, 14.395540646000027 ], [ 120.836736715000029, 14.395553759000054 ], [ 120.836753248000036, 14.395562493000053 ], [ 120.836816457000054, 14.395607689000027 ], [ 120.836825477000062, 14.395612057000054 ], [ 120.836866155000052, 14.395644161000066 ], [ 120.836878227000071, 14.395655847000054 ], [ 120.836917362, 14.395685 ], [ 120.836936972000117, 14.395712716000045 ], [ 120.836946003000108, 14.39572291600007 ], [ 120.836950489000074, 14.395724348000046 ], [ 120.836965425000017, 14.395753961000025 ], [ 120.836974465000026, 14.395759813000039 ], [ 120.836992520000081, 14.395775845000058 ], [ 120.837009046000048, 14.395796197000037 ], [ 120.837049651000029, 14.395836963000018 ], [ 120.837067674000096, 14.395861667000073 ], [ 120.837093280000104, 14.395892320000032 ], [ 120.8371339360001, 14.395949212000058 ], [ 120.837170052000033, 14.396004597000058 ], [ 120.83719411800007, 14.396049739000034 ], [ 120.837212165000082, 14.396078868000073 ], [ 120.837227203000111, 14.39609926300005 ], [ 120.837248249000027, 14.396138562000028 ], [ 120.837288815000093, 14.396203975000047 ], [ 120.837342964000086, 14.396282511000035 ], [ 120.83739727000011, 14.396387473000059 ], [ 120.837416916000052, 14.396421071000072 ], [ 120.837442684000067, 14.396482522000042 ], [ 120.837463908000032, 14.396522084000026 ], [ 120.837474561000022, 14.396551428000068 ], [ 120.837492758000067, 14.396588084000026 ], [ 120.837503402000038, 14.396618901000068 ], [ 120.837533813000064, 14.396693814000058 ], [ 120.837548999000106, 14.396720268000024 ], [ 120.837577819000103, 14.396755536000059 ], [ 120.837585415000035, 14.396767302000057 ], [ 120.837596079000036, 14.396792320000028 ], [ 120.83762794300003, 14.396840798000028 ], [ 120.837653689000049, 14.396867191000075 ], [ 120.837688506000077, 14.396897961000036 ], [ 120.837722027000055, 14.396934912000066 ], [ 120.837729608000018, 14.39693932000006 ], [ 120.837729577000118, 14.396936342000055 ], [ 120.837773428000105, 14.396995094000037 ], [ 120.837797561000102, 14.397022932000025 ], [ 120.837830682000117, 14.39707425900002 ], [ 120.837836693000099, 14.39708600200003 ], [ 120.837868395000086, 14.39713155600003 ], [ 120.837884954000074, 14.397166872000071 ], [ 120.837891003000095, 14.39717570800007 ], [ 120.837927384000082, 14.397218442000046 ], [ 120.837944060000041, 14.397240570000061 ], [ 120.837953166000034, 14.397256800000035 ], [ 120.837971395000068, 14.397281894000063 ], [ 120.837997255000118, 14.39731142100004 ], [ 120.838003332000099, 14.397321769000026 ], [ 120.838017036000124, 14.397335057000076 ], [ 120.838041393000026, 14.397364617000052 ], [ 120.838076417000025, 14.397419398000068 ], [ 120.8380825160001, 14.39742531300004 ], [ 120.838106915000012, 14.397457905000067 ], [ 120.838117595000085, 14.397477197000049 ], [ 120.838122174000105, 14.397481638000041 ], [ 120.838129806000111, 14.397493509000071 ], [ 120.838157205000016, 14.397502076000022 ], [ 120.838168564000043, 14.397528125000061 ], [ 120.838176221000026, 14.397539309000024 ], [ 120.838197484000034, 14.39755427700004 ], [ 120.838239799000021, 14.397604685000029 ], [ 120.838284194000039, 14.397647692000083 ], [ 120.838370779000115, 14.397757972000019 ], [ 120.838392028000044, 14.397776691000045 ], [ 120.8384325520001, 14.397819744000058 ], [ 120.838442184000087, 14.397832850000039 ], [ 120.838473083000068, 14.397864691000049 ], [ 120.838546440000059, 14.397950914000027 ], [ 120.83859276900013, 14.398010978000057 ], [ 120.838619793000021, 14.398052323000059 ], [ 120.838706986000034, 14.39815752800007 ], [ 120.838720547000108, 14.39817822100002 ], [ 120.838732182000058, 14.398191375000067 ], [ 120.838769017000118, 14.398244064000036 ], [ 120.838809760000117, 14.398306154000068 ], [ 120.838838876000082, 14.398355077000073 ], [ 120.838881582000127, 14.398409559000068 ], [ 120.838889349000056, 14.398422735000052 ], [ 120.83889711300003, 14.398432125000054 ], [ 120.838902943000107, 14.398445323000033 ], [ 120.838943709000105, 14.398497932000053 ], [ 120.838978646000115, 14.398537371000034 ], [ 120.839040816000093, 14.398616488000075 ], [ 120.839060324000116, 14.398652516000025 ], [ 120.83909747000007, 14.398728509000021 ], [ 120.839120911, 14.398766496000064 ], [ 120.839130698000091, 14.398787400000057 ], [ 120.839152188000057, 14.398821566000031 ], [ 120.839175582000038, 14.39884618000008 ], [ 120.839189207000132, 14.398855605000048 ], [ 120.839200014000099, 14.398888614000045 ], [ 120.839219457000013, 14.398914877000037 ], [ 120.83922529500002, 14.398920516000036 ], [ 120.839236957000026, 14.398941139000044 ], [ 120.839270067000044, 14.398986370000046 ], [ 120.839299293000067, 14.399033547000043 ], [ 120.839309034000053, 14.399054288000061 ], [ 120.839348001000076, 14.399112917000021 ], [ 120.839371370000109, 14.399154471000031 ], [ 120.839418074000037, 14.399228124000048 ], [ 120.839449196000032, 14.399288478000068 ], [ 120.839466727000058, 14.399333643000034 ], [ 120.839493988000072, 14.399382597000056 ], [ 120.839536890000105, 14.399480527000033 ], [ 120.839573916000063, 14.399544610000079 ], [ 120.839609024000083, 14.399627571000051 ], [ 120.839648005000086, 14.399684146000025 ], [ 120.839653866000049, 14.399695468000058 ], [ 120.839657789000057, 14.399706795000043 ], [ 120.839693031000024, 14.39977857100007 ], [ 120.839720532000115, 14.399852328000065 ], [ 120.839748035000085, 14.399918587000062 ], [ 120.839769605000015, 14.399956467000042 ], [ 120.839783316000094, 14.399975408000044 ], [ 120.839795160000108, 14.400003884000055 ], [ 120.839803025000052, 14.400015282000023 ], [ 120.839828700000112, 14.40006663000003 ], [ 120.839857582000036, 14.400117743000067 ], [ 120.83986716000004, 14.40014962500004 ], [ 120.839890383000011, 14.40019470800007 ], [ 120.839898154000039, 14.400205992000044 ], [ 120.839905891000043, 14.400222912000062 ], [ 120.839909720000037, 14.400237950000076 ], [ 120.839946564000101, 14.400337941000029 ], [ 120.8399499410001, 14.40035264200003 ], [ 120.842330354000083, 14.398958590000065 ] ] ] } },
{ "type": "Feature", "properties": { "adm1_psgc": 400000000, "adm2_psgc": 402100000, "adm3_psgc": 402120000, "adm4_psgc": 402120043, "adm4_en": "Paradahan II", "geo_level": "Bgy", "len_crs": 9288, "area_crs": 2799220, "len_km": 9, "area_km2": 2.0 }, "geometry": { "type": "Polygon", "coordinates": [ [ [ 120.873218179000105, 14.340001007000069 ], [ 120.873243810000062, 14.339840814000068 ], [ 120.873352741000062, 14.339789552000072 ], [ 120.873487303000061, 14.33959732100004 ], [ 120.873519342000023, 14.339424312000062 ], [ 120.873724389000017, 14.339289750000034 ], [ 120.873725962000094, 14.339147468000021 ], [ 120.873757870000077, 14.339038068000034 ], [ 120.873766986000092, 14.338819269000053 ], [ 120.873766986000092, 14.338623262000056 ], [ 120.873735078000095, 14.338367997000036 ], [ 120.873689495, 14.338217572000072 ], [ 120.873580096000083, 14.338067148000047 ], [ 120.873511721000128, 14.337907607000034 ], [ 120.873498046, 14.337779975000048 ], [ 120.873552746000087, 14.337583967000056 ], [ 120.873621121000042, 14.337470010000063 ], [ 120.873721403000118, 14.337333260000033 ], [ 120.873844478000038, 14.337173720000067 ], [ 120.87386726900003, 14.337005062000058 ], [ 120.873853594000011, 14.336854638000034 ], [ 120.873748753000086, 14.336444390000054 ], [ 120.873548188000086, 14.335728736000021 ], [ 120.873343064000082, 14.334693999000022 ], [ 120.873247339000059, 14.334178910000048 ], [ 120.873169848000103, 14.333882620000056 ], [ 120.873083240000042, 14.333713963000038 ], [ 120.872964724000099, 14.333595447000047 ], [ 120.872882674000024, 14.333504281000046 ], [ 120.872723134000012, 14.33338576400007 ], [ 120.872572709000124, 14.333299156000065 ], [ 120.872363027, 14.33313505700005 ], [ 120.872221720000098, 14.33291170000007 ], [ 120.872048504000077, 14.332743043000052 ], [ 120.871971012000031, 14.332583502000032 ], [ 120.871966454, 14.332446753000056 ], [ 120.872025712000095, 14.332287212000038 ], [ 120.872139670000024, 14.332082088000051 ], [ 120.872162461000016, 14.331858731000068 ], [ 120.872135112000038, 14.331521416000044 ], [ 120.872098645000037, 14.331070143000035 ], [ 120.872043945000101, 14.330896928000069 ], [ 120.871980129000022, 14.330764737000038 ], [ 120.871920871000043, 14.330700920000027 ], [ 120.871806913000114, 14.330609754000021 ], [ 120.871647372000098, 14.330532263000068 ], [ 120.871460482000089, 14.330504913000025 ], [ 120.871382991, 14.330450213000065 ], [ 120.871323733000054, 14.330308906000026 ], [ 120.871300941000072, 14.330135690000079 ], [ 120.871264475000089, 14.329853074000026 ], [ 120.871164192000052, 14.329688975000067 ], [ 120.871018326, 14.32957957600007 ], [ 120.870890693000092, 14.329479293000073 ], [ 120.870781294000039, 14.32933798600004 ], [ 120.870758502000058, 14.329187561000026 ], [ 120.870740269000052, 14.328996112000022 ], [ 120.870749386000057, 14.328813780000074 ], [ 120.870760645000018, 14.328679948000055 ], [ 120.870715676000046, 14.328555416000031 ], [ 120.870632655, 14.328420507000029 ], [ 120.870442399, 14.328254466000029 ], [ 120.870427100000015, 14.328242876000044 ], [ 120.870214091000094, 14.328081506000046 ], [ 120.869921495000085, 14.327912460000048 ], [ 120.869837038000028, 14.327863576000023 ], [ 120.869570679000049, 14.327714830000049 ], [ 120.869397719000048, 14.327600676000031 ], [ 120.869314698000053, 14.327503819000068 ], [ 120.869266269000036, 14.327393124000023 ], [ 120.869252433000028, 14.327303185000064 ], [ 120.86929394300013, 14.327171735000036 ], [ 120.869352749000086, 14.327050663000028 ], [ 120.869363127000042, 14.326936509000062 ], [ 120.869345831000032, 14.326808519000052 ], [ 120.869311239000027, 14.326607885000044 ], [ 120.869314698000053, 14.32646605700006 ], [ 120.869342372, 14.326334608000021 ], [ 120.869435770000123, 14.326095923000022 ], [ 120.869546465000099, 14.325940259000047 ], [ 120.869688292000092, 14.325753462000023 ], [ 120.869722884000126, 14.325635849000038 ], [ 120.869722884000126, 14.325556287000037 ], [ 120.869698670000048, 14.325473266000074 ], [ 120.869619108000037, 14.325355653000029 ], [ 120.869459985000063, 14.32521036600002 ], [ 120.869387341000092, 14.325123886000027 ], [ 120.869342372, 14.325016651000057 ], [ 120.869273188000079, 14.324878283000031 ], [ 120.869138279000026, 14.324677649000021 ], [ 120.869041421, 14.324525444000075 ], [ 120.868989533000118, 14.324383617000022 ], [ 120.868948023000044, 14.324276382000049 ], [ 120.868948023000044, 14.324144932000021 ], [ 120.868927267000132, 14.324082666000038 ], [ 120.8688571550001, 14.323974310000034 ], [ 120.868851165000024, 14.323965053000048 ], [ 120.868795818000066, 14.323854359000052 ], [ 120.868764685000087, 14.323715990000036 ], [ 120.868719715000097, 14.323536112000054 ], [ 120.868719715000097, 14.323432336000055 ], [ 120.868733552000094, 14.323276672000077 ], [ 120.868698960000074, 14.323176355000044 ], [ 120.868643613000032, 14.323086415000034 ], [ 120.868560592000122, 14.322999935000039 ], [ 120.868453356000018, 14.322892700000068 ], [ 120.868363417000054, 14.322802761000046 ], [ 120.868283118000022, 14.322664730000044 ], [ 120.868256625000072, 14.322439546000057 ], [ 120.868183772000066, 14.321929571000055 ], [ 120.868157280000105, 14.321697765000067 ], [ 120.868144034000011, 14.321485827000059 ], [ 120.868152350000045, 14.321405802000076 ], [ 120.86817714900009, 14.321340120000059 ], [ 120.868075523000016, 14.321420095000063 ], [ 120.868027282000057, 14.321457615000044 ], [ 120.867768971000032, 14.321651444000054 ], [ 120.867700379000084, 14.321723331000042 ], [ 120.86685353200005, 14.322170904000075 ], [ 120.866331901000081, 14.322457479000033 ], [ 120.866032445000073, 14.322657116000071 ], [ 120.865771630000026, 14.322776254000072 ], [ 120.865333716, 14.322901832000069 ], [ 120.864776665000036, 14.323001650000034 ], [ 120.864528729000085, 14.323056389000046 ], [ 120.86424859400006, 14.323175528000034 ], [ 120.86418302800007, 14.323020775000032 ], [ 120.864098914, 14.322927316000062 ], [ 120.864005455000097, 14.322868125000072 ], [ 120.863834113000053, 14.322812049000051 ], [ 120.863525696, 14.322790242000051 ], [ 120.86337003000007, 14.322812182000064 ], [ 120.863061515000027, 14.322855664000029 ], [ 120.862812290000093, 14.322933547000044 ], [ 120.862587987000097, 14.322967815000029 ], [ 120.862416645000053, 14.322958469000074 ], [ 120.862148728000065, 14.322899278000023 ], [ 120.861921310000071, 14.322824511000022 ], [ 120.861668969000092, 14.322768435000059 ], [ 120.861587971000063, 14.322855664000031 ], [ 120.861563049000097, 14.322946008000029 ], [ 120.86158174000002, 14.323129811000056 ], [ 120.861612894000032, 14.323257540000041 ], [ 120.861603548000076, 14.323335422000071 ], [ 120.861556818000054, 14.323391498000035 ], [ 120.861182980000066, 14.323522341000059 ], [ 120.86061599300001, 14.323643839000056 ], [ 120.8604564850001, 14.323644116000029 ], [ 120.860320145000074, 14.32449708000007 ], [ 120.86022330600008, 14.325253534000069 ], [ 120.859628472000054, 14.32526074600003 ], [ 120.85902117, 14.325266074000069 ], [ 120.858161544000026, 14.325284602000066 ], [ 120.855917274000035, 14.325316907000062 ], [ 120.855661787000045, 14.325331177000063 ], [ 120.854320315000123, 14.325421727000045 ], [ 120.853216036000049, 14.32575821300003 ], [ 120.852407479000021, 14.326002488000029 ], [ 120.852338099, 14.326023448000056 ], [ 120.852009651000131, 14.326119456000072 ], [ 120.851391428000056, 14.326301713000074 ], [ 120.850052088000112, 14.326748159000031 ], [ 120.849430945000123, 14.326786981000055 ], [ 120.847994552000046, 14.326709338000054 ], [ 120.848115484000104, 14.328651362000075 ], [ 120.848159304000106, 14.329355059000024 ], [ 120.848219457000027, 14.330321041000046 ], [ 120.848305205000088, 14.330145972000025 ], [ 120.848415963000079, 14.330013777000033 ], [ 120.84857316800003, 14.329913737000025 ], [ 120.848712509000052, 14.329920883000053 ], [ 120.848869714000088, 14.329985194000074 ], [ 120.849030492000097, 14.33007808800005 ], [ 120.849119813000016, 14.330095952000024 ], [ 120.849205561000076, 14.330074515000037 ], [ 120.849291309000037, 14.32995303800004 ], [ 120.849423504, 14.329870863000053 ], [ 120.849555699, 14.329860145000056 ], [ 120.849645020000025, 14.329888727000023 ], [ 120.84987725500001, 14.330003058000047 ], [ 120.850020168000015, 14.330110243000034 ], [ 120.850245257000111, 14.330185273000039 ], [ 120.850448909000093, 14.330274594000056 ], [ 120.850581104000057, 14.330342478000032 ], [ 120.85069543500002, 14.330363915000081 ], [ 120.850802620000081, 14.330342478000034 ], [ 120.850949107000019, 14.330342478000034 ], [ 120.851013418000093, 14.330428226000034 ], [ 120.851149186000043, 14.330460381000025 ], [ 120.851334973000021, 14.330421080000063 ], [ 120.85151718800013, 14.330321041000044 ], [ 120.851645810000036, 14.330246011000042 ], [ 120.8517101220001, 14.330217429000069 ], [ 120.851785151000058, 14.33021742900007 ], [ 120.851860181000021, 14.330288885000071 ], [ 120.851928065000038, 14.330446090000065 ], [ 120.85198165700001, 14.330642596000077 ], [ 120.852031677000028, 14.330742636000025 ], [ 120.852120998000046, 14.330810520000053 ], [ 120.852235329000109, 14.330842676000033 ], [ 120.852467564000108, 14.330771219000042 ], [ 120.852678361000017, 14.330614014000044 ], [ 120.852857003000068, 14.330367488000034 ], [ 120.852924887000086, 14.330246011000046 ], [ 120.853021354, 14.330170982000027 ], [ 120.853153549000012, 14.330178127000067 ], [ 120.85325358800003, 14.330206710000027 ], [ 120.853353628000022, 14.330285312000058 ], [ 120.853557280000018, 14.330385352000063 ], [ 120.85359876400004, 14.330810436000037 ], [ 120.853785266000031, 14.33116909300003 ], [ 120.85393829300007, 14.331475147000049 ], [ 120.854129576000105, 14.331857714000025 ], [ 120.85422521800001, 14.332068126000022 ], [ 120.854583875000131, 14.332048998000062 ], [ 120.854844656000068, 14.332047038000042 ], [ 120.85496468100007, 14.332064106000075 ], [ 120.854938328000117, 14.331866904000039 ], [ 120.854898418000062, 14.33165304600004 ], [ 120.854868206000106, 14.331506635000036 ], [ 120.854884474000087, 14.331429944000032 ], [ 120.854919334000101, 14.331378816000036 ], [ 120.855092031000027, 14.331108980000064 ], [ 120.855356803000063, 14.331357815000043 ], [ 120.85534462300005, 14.331448536000039 ], [ 120.855349271000023, 14.331680934000072 ], [ 120.855342208000025, 14.331902894000052 ], [ 120.855565035000055, 14.331929984000055 ], [ 120.855781831000058, 14.33194687700006 ], [ 120.855990181000038, 14.331960954000063 ], [ 120.856212608000078, 14.331980663000021 ], [ 120.856443482000032, 14.332008819000063 ], [ 120.856701802000089, 14.33201486000007 ], [ 120.856921736000132, 14.332034854000034 ], [ 120.857117677000033, 14.332042852000031 ], [ 120.857341610000034, 14.332058847000042 ], [ 120.857561545000067, 14.332082840000053 ], [ 120.857865348000033, 14.332036580000024 ], [ 120.857811796000078, 14.332362756000062 ], [ 120.857826401, 14.332581830000041 ], [ 120.857855611000105, 14.332771693000037 ], [ 120.85800166, 14.333058923000067 ], [ 120.858035738000012, 14.333219577000028 ], [ 120.858021133000079, 14.33358469900003 ], [ 120.85797245000002, 14.333823246000067 ], [ 120.857850743000071, 14.334086134000074 ], [ 120.857602459000063, 14.334290602000067 ], [ 120.860060341, 14.334442272000043 ], [ 120.862670762000107, 14.334205103000045 ], [ 120.862679535000112, 14.334667129000024 ], [ 120.862717550000085, 14.335111609000023 ], [ 120.862740943000077, 14.335208108000071 ], [ 120.862787731000026, 14.335292910000019 ], [ 120.862857912000095, 14.335333849000053 ], [ 120.862901775000068, 14.335368939000032 ], [ 120.862931017000065, 14.335462514000028 ], [ 120.862931017000065, 14.335673058000053 ], [ 120.86292224400006, 14.336304687000052 ], [ 120.863820333000035, 14.336211104000027 ], [ 120.864364761000033, 14.336171815000059 ], [ 120.865939685000072, 14.336208633000066 ], [ 120.865869667000098, 14.33633746600003 ], [ 120.865861265000035, 14.336460698000055 ], [ 120.865906077000091, 14.336555922000056 ], [ 120.865973294000014, 14.336620338000042 ], [ 120.866085322000117, 14.336645545000064 ], [ 120.866219757000081, 14.336662349000047 ], [ 120.86627857100008, 14.336690356000076 ], [ 120.8662981760001, 14.336735167000029 ], [ 120.866300977000023, 14.336844395000071 ], [ 120.866362593000076, 14.336925616000027 ], [ 120.866421408000065, 14.336967627000037 ], [ 120.86651383100002, 14.337009637000047 ], [ 120.866645465000019, 14.337079655000021 ], [ 120.866679073000128, 14.337172079000023 ], [ 120.866687476000052, 14.337292509000065 ], [ 120.866740689000054, 14.337376531000071 ], [ 120.866852718000018, 14.337429744000076 ], [ 120.867023561000124, 14.337516566000032 ], [ 120.867107582000031, 14.337631396000061 ], [ 120.867121586000053, 14.337726620000067 ], [ 120.867104782000069, 14.337886260000058 ], [ 120.867065572000129, 14.338076709000063 ], [ 120.866973148000071, 14.338241951000043 ], [ 120.866805106000029, 14.338376385000062 ], [ 120.866665070000067, 14.338592040000037 ], [ 120.866620258000012, 14.338692866000034 ], [ 120.866606255000079, 14.338846905000025 ], [ 120.866648266000084, 14.338995343000022 ], [ 120.866715483, 14.339129777000043 ], [ 120.866796703000105, 14.339227802000039 ], [ 120.869570742000064, 14.339523908000045 ], [ 120.871160736000093, 14.339790973000047 ], [ 120.87313997900003, 14.340049900000055 ], [ 120.873218179000105, 14.340001007000069 ] ] ] } },
{ "type": "Feature", "properties": { "adm1_psgc": 400000000, "adm2_psgc": 402100000, "adm3_psgc": 402120000, "adm4_psgc": 402120044, "adm4_en": "Punta II", "geo_level": "Bgy", "len_crs": 5792, "area_crs": 1292180, "len_km": 5, "area_km2": 1.0 }, "geometry": { "type": "Polygon", "coordinates": [ [ [ 120.867063320000057, 14.350976305000072 ], [ 120.866741420000039, 14.350646679000022 ], [ 120.866347204000036, 14.350232154000023 ], [ 120.866199058, 14.349982423000029 ], [ 120.866101705, 14.349753855000072 ], [ 120.866042447000055, 14.349533752000076 ], [ 120.866021283, 14.349292486000021 ], [ 120.866007327000034, 14.349218799000024 ], [ 120.865915465000057, 14.348733764000029 ], [ 120.865691130000087, 14.34791261300006 ], [ 120.86525939000002, 14.347040668000036 ], [ 120.865119710000059, 14.346367662000034 ], [ 120.864876151000104, 14.34579099900003 ], [ 120.864585945000044, 14.345167056000033 ], [ 120.864329597000037, 14.344664033000074 ], [ 120.864194167000036, 14.344020743000044 ], [ 120.863981349000028, 14.343498372000052 ], [ 120.863744348000068, 14.342709979000063 ], [ 120.863691143000111, 14.342526182000027 ], [ 120.8635557140001, 14.341529808000072 ], [ 120.863550877000065, 14.341428236000066 ], [ 120.863478326000063, 14.340973580000023 ], [ 120.863309039000114, 14.339803082000058 ], [ 120.863309039000114, 14.339358099000036 ], [ 120.863221977000094, 14.339058220000028 ], [ 120.862936865000052, 14.338334090000046 ], [ 120.862845268000115, 14.338343236000069 ], [ 120.862584651000034, 14.338325716000039 ], [ 120.862332795000043, 14.338369517000048 ], [ 120.862175112000045, 14.338351996000025 ], [ 120.861953916000061, 14.338281915000039 ], [ 120.861850984000057, 14.338275344000067 ], [ 120.860039352000072, 14.338178856000072 ], [ 120.856271431000096, 14.338156455000046 ], [ 120.8562669800001, 14.338223227000073 ], [ 120.85624694800002, 14.33827887100006 ], [ 120.856218013000088, 14.338318935000075 ], [ 120.856220239000095, 14.338394611000069 ], [ 120.856285559000071, 14.338465977000055 ], [ 120.856398299000048, 14.338514802000079 ], [ 120.85649623200004, 14.338557091000041 ], [ 120.856583037000064, 14.338617186000022 ], [ 120.85662087500009, 14.338661701000031 ], [ 120.856645358000037, 14.338717345000076 ], [ 120.856658712000026, 14.338801924000055 ], [ 120.856645358000037, 14.33888650300003 ], [ 120.856631743000094, 14.338994363000042 ], [ 120.856637816000102, 14.33925551900006 ], [ 120.856613952000089, 14.339387484000042 ], [ 120.856528495000035, 14.339540969000042 ], [ 120.856344060000083, 14.340156423000053 ], [ 120.856338967000056, 14.340232808000057 ], [ 120.856289742000072, 14.340388973000071 ], [ 120.856254095000054, 14.340592665000031 ], [ 120.856226936000098, 14.340641891000072 ], [ 120.856221844000061, 14.340706394000048 ], [ 120.856235424000033, 14.34077259400004 ], [ 120.856216752000037, 14.340823517000043 ], [ 120.85616073600012, 14.340871045000029 ], [ 120.856057192000108, 14.340957614000041 ], [ 120.855709885000024, 14.341314398000062 ], [ 120.855490005000107, 14.341560769000067 ], [ 120.855418478000061, 14.341640244000077 ], [ 120.855336354000087, 14.341775351000024 ], [ 120.855288669000075, 14.341923704000067 ], [ 120.855262177000114, 14.342040267000071 ], [ 120.855280722000089, 14.342159480000078 ], [ 120.855352249000035, 14.342281341000044 ], [ 120.855484707000073, 14.342445589000024 ], [ 120.855723131000104, 14.342930385000047 ], [ 120.855969503000097, 14.343306566000024 ], [ 120.856332438000109, 14.34368274600007 ], [ 120.856374824000113, 14.343831099000054 ], [ 120.856358929000066, 14.34395031100007 ], [ 120.856268858000035, 14.344053628000038 ], [ 120.85615229500003, 14.344143700000075 ], [ 120.855988047000096, 14.344305299000037 ], [ 120.855866186000057, 14.344509284000026 ], [ 120.855725780000043, 14.344721216000039 ], [ 120.855688692000058, 14.344835130000034 ], [ 120.85567809500003, 14.344919903000058 ], [ 120.855686043000105, 14.345004676000027 ], [ 120.855741675000104, 14.345208662000063 ], [ 120.855736377000071, 14.345301382000057 ], [ 120.855715184000019, 14.345404699000024 ], [ 120.855717833000099, 14.345550403000056 ], [ 120.855765518000112, 14.345693458000024 ], [ 120.855844992000016, 14.345836512000062 ], [ 120.854727144000094, 14.345994680000047 ], [ 120.854538686000069, 14.346437148000064 ], [ 120.854227319000074, 14.346879616000024 ], [ 120.854155681000066, 14.346994326000072 ], [ 120.853743975000029, 14.347337267000059 ], [ 120.853979427000027, 14.347411895000047 ], [ 120.854103754000107, 14.347521303000063 ], [ 120.854171851000046, 14.34757714700004 ], [ 120.854211981000063, 14.347610056000065 ], [ 120.854289841000082, 14.347728895000044 ], [ 120.85440868, 14.347782168000037 ], [ 120.854546357000117, 14.347899256000062 ], [ 120.854650792000029, 14.34800369000004 ], [ 120.854760199000111, 14.348083259000074 ], [ 120.854923742000096, 14.348269198000024 ], [ 120.855633955000044, 14.34892548500005 ], [ 120.855720011000017, 14.349019737000049 ], [ 120.855859340000052, 14.349126282000048 ], [ 120.855949494000015, 14.349236926000064 ], [ 120.856068333000039, 14.349351667000063 ], [ 120.855928603000052, 14.349530121000043 ], [ 120.855531507000038, 14.350052409000055 ], [ 120.855323919000043, 14.350315149000043 ], [ 120.855138108, 14.350535962000039 ], [ 120.855094683000047, 14.350673761000053 ], [ 120.855265852000116, 14.350712516000044 ], [ 120.855365970000108, 14.350709286000043 ], [ 120.855508073, 14.350722205000066 ], [ 120.855582354000035, 14.350702827000074 ], [ 120.860010146000036, 14.350601302000026 ], [ 120.862372367000035, 14.350533393000033 ], [ 120.862409119000063, 14.35049384000007 ], [ 120.862528023000095, 14.350425380000049 ], [ 120.862547997000092, 14.350373444000072 ], [ 120.862553245000072, 14.350313682000039 ], [ 120.862538589000096, 14.350265765000074 ], [ 120.862520816000028, 14.350234413000065 ], [ 120.862470372000075, 14.350201985000069 ], [ 120.862383897000072, 14.35017316000005 ], [ 120.862283008000077, 14.35015874700002 ], [ 120.862239599000077, 14.350123588000034 ], [ 120.862210946000118, 14.35008308100004 ], [ 120.862182120000057, 14.34995697100004 ], [ 120.862084835000019, 14.349398483000074 ], [ 120.862077629000069, 14.349257960000047 ], [ 120.862128073000022, 14.349117437000077 ], [ 120.862228961000042, 14.348944486000052 ], [ 120.862243374000059, 14.348847201000071 ], [ 120.862207342000048, 14.348699472000021 ], [ 120.862236168000109, 14.348587775000055 ], [ 120.862264993000039, 14.348512108000023 ], [ 120.862311834000025, 14.348396808000071 ], [ 120.862396747000062, 14.348210811000058 ], [ 120.863201074000031, 14.349541378000024 ], [ 120.863494865, 14.349883244000068 ], [ 120.863633749000101, 14.350000761000048 ], [ 120.863799340000014, 14.350086228000068 ], [ 120.865663582000025, 14.350705861000048 ], [ 120.866998998000099, 14.351149219000037 ], [ 120.86719129800008, 14.351213319000065 ], [ 120.867063320000057, 14.350976305000072 ] ] ] } }
]
}
